id,name,country_id,created_at,updated_at
1,"Southern Nations, Nationalities, and Peoples' Region",70,2026-08-07T20:57:20+00:00,2026-08-07T20:57:20+00:00
2,Somali Region,70,2026-08-07T20:57:20+00:00,2026-08-07T20:57:20+00:00
3,Amhara Region,70,2026-08-07T20:57:20+00:00,2026-08-07T20:57:20+00:00
4,Tigray Region,70,2026-08-07T20:57:20+00:00,2026-08-07T20:57:20+00:00
5,Oromia Region,70,2026-08-07T20:57:20+00:00,2026-08-07T20:57:20+00:00
6,Afar Region,70,2026-08-07T20:57:20+00:00,2026-08-07T20:57:20+00:00
7,Harari Region,70,2026-08-07T20:57:20+00:00,2026-08-07T20:57:20+00:00
8,Dire Dawa,70,2026-08-07T20:57:20+00:00,2026-08-07T20:57:20+00:00
9,Benishangul-Gumuz Region,70,2026-08-07T20:57:20+00:00,2026-08-07T20:57:20+00:00
10,Gambela Region,70,2026-08-07T20:57:20+00:00,2026-08-07T20:57:20+00:00
11,Addis Ababa,70,2026-08-07T20:57:20+00:00,2026-08-07T20:57:20+00:00
12,Petnjica Municipality,147,2026-08-07T20:57:20+00:00,2026-08-07T20:57:20+00:00
13,Bar Municipality,147,2026-08-07T20:57:20+00:00,2026-08-07T20:57:20+00:00
14,Danilovgrad Municipality,147,2026-08-07T20:57:20+00:00,2026-08-07T20:57:20+00:00
15,Rožaje Municipality,147,2026-08-07T20:57:20+00:00,2026-08-07T20:57:20+00:00
16,Plužine Municipality,147,2026-08-07T20:57:20+00:00,2026-08-07T20:57:20+00:00
17,Nikšić Municipality,147,2026-08-07T20:57:20+00:00,2026-08-07T20:57:20+00:00
18,Šavnik Municipality,147,2026-08-07T20:57:20+00:00,2026-08-07T20:57:20+00:00
19,Plav Municipality,147,2026-08-07T20:57:20+00:00,2026-08-07T20:57:20+00:00
20,Pljevlja Municipality,147,2026-08-07T20:57:20+00:00,2026-08-07T20:57:20+00:00
21,Berane Municipality,147,2026-08-07T20:57:20+00:00,2026-08-07T20:57:20+00:00
22,Mojkovac Municipality,147,2026-08-07T20:57:20+00:00,2026-08-07T20:57:20+00:00
23,Andrijevica Municipality,147,2026-08-07T20:57:20+00:00,2026-08-07T20:57:20+00:00
24,Gusinje Municipality,147,2026-08-07T20:57:20+00:00,2026-08-07T20:57:20+00:00
25,Bijelo Polje Municipality,147,2026-08-07T20:57:20+00:00,2026-08-07T20:57:20+00:00
26,Kotor Municipality,147,2026-08-07T20:57:20+00:00,2026-08-07T20:57:20+00:00
27,Podgorica Municipality,147,2026-08-07T20:57:20+00:00,2026-08-07T20:57:20+00:00
28,Old Royal Capital Cetinje,147,2026-08-07T20:57:20+00:00,2026-08-07T20:57:20+00:00
29,Tivat Municipality,147,2026-08-07T20:57:20+00:00,2026-08-07T20:57:20+00:00
30,Budva Municipality,147,2026-08-07T20:57:20+00:00,2026-08-07T20:57:20+00:00
31,Kolašin Municipality,147,2026-08-07T20:57:20+00:00,2026-08-07T20:57:20+00:00
32,Žabljak Municipality,147,2026-08-07T20:57:20+00:00,2026-08-07T20:57:20+00:00
33,Ulcinj Municipality,147,2026-08-07T20:57:20+00:00,2026-08-07T20:57:20+00:00
34,Kunene Region,152,2026-08-07T20:57:20+00:00,2026-08-07T20:57:20+00:00
35,Kavango West Region,152,2026-08-07T20:57:20+00:00,2026-08-07T20:57:20+00:00
36,Kavango East Region,152,2026-08-07T20:57:20+00:00,2026-08-07T20:57:20+00:00
37,Oshana Region,152,2026-08-07T20:57:20+00:00,2026-08-07T20:57:20+00:00
38,Hardap Region,152,2026-08-07T20:57:20+00:00,2026-08-07T20:57:20+00:00
39,Omusati Region,152,2026-08-07T20:57:20+00:00,2026-08-07T20:57:20+00:00
40,Ohangwena Region,152,2026-08-07T20:57:20+00:00,2026-08-07T20:57:20+00:00
41,Omaheke Region,152,2026-08-07T20:57:20+00:00,2026-08-07T20:57:20+00:00
42,Oshikoto Region,152,2026-08-07T20:57:20+00:00,2026-08-07T20:57:20+00:00
43,Erongo Region,152,2026-08-07T20:57:20+00:00,2026-08-07T20:57:20+00:00
44,Khomas Region,152,2026-08-07T20:57:20+00:00,2026-08-07T20:57:20+00:00
45,Karas Region,152,2026-08-07T20:57:20+00:00,2026-08-07T20:57:20+00:00
46,Otjozondjupa Region,152,2026-08-07T20:57:20+00:00,2026-08-07T20:57:20+00:00
47,Zambezi Region,152,2026-08-07T20:57:20+00:00,2026-08-07T20:57:20+00:00
48,Ashanti Region,83,2026-08-07T20:57:20+00:00,2026-08-07T20:57:20+00:00
49,Western Region,83,2026-08-07T20:57:20+00:00,2026-08-07T20:57:20+00:00
50,Eastern Region,83,2026-08-07T20:57:20+00:00,2026-08-07T20:57:20+00:00
51,Northern Region,83,2026-08-07T20:57:20+00:00,2026-08-07T20:57:20+00:00
52,Central Region,83,2026-08-07T20:57:20+00:00,2026-08-07T20:57:20+00:00
53,Brong-Ahafo Region,83,2026-08-07T20:57:20+00:00,2026-08-07T20:57:20+00:00
54,Greater Accra Region,83,2026-08-07T20:57:20+00:00,2026-08-07T20:57:20+00:00
55,Upper East Region,83,2026-08-07T20:57:20+00:00,2026-08-07T20:57:20+00:00
56,Volta Region,83,2026-08-07T20:57:20+00:00,2026-08-07T20:57:20+00:00
57,Upper West Region,83,2026-08-07T20:57:20+00:00,2026-08-07T20:57:20+00:00
58,San Marino,192,2026-08-07T20:57:20+00:00,2026-08-07T20:57:20+00:00
59,Acquaviva,192,2026-08-07T20:57:20+00:00,2026-08-07T20:57:20+00:00
60,Chiesanuova,192,2026-08-07T20:57:20+00:00,2026-08-07T20:57:20+00:00
61,Borgo Maggiore,192,2026-08-07T20:57:20+00:00,2026-08-07T20:57:20+00:00
62,Faetano,192,2026-08-07T20:57:20+00:00,2026-08-07T20:57:20+00:00
63,Montegiardino,192,2026-08-07T20:57:20+00:00,2026-08-07T20:57:20+00:00
64,Domagnano,192,2026-08-07T20:57:20+00:00,2026-08-07T20:57:20+00:00
65,Serravalle,192,2026-08-07T20:57:20+00:00,2026-08-07T20:57:20+00:00
66,Fiorentino,192,2026-08-07T20:57:20+00:00,2026-08-07T20:57:20+00:00
67,Tillabéri Region,160,2026-08-07T20:57:20+00:00,2026-08-07T20:57:20+00:00
68,Dosso Region,160,2026-08-07T20:57:20+00:00,2026-08-07T20:57:20+00:00
69,Zinder Region,160,2026-08-07T20:57:20+00:00,2026-08-07T20:57:20+00:00
70,Maradi Region,160,2026-08-07T20:57:20+00:00,2026-08-07T20:57:20+00:00
71,Agadez Region,160,2026-08-07T20:57:20+00:00,2026-08-07T20:57:20+00:00
72,Diffa Region,160,2026-08-07T20:57:20+00:00,2026-08-07T20:57:20+00:00
73,Tahoua Region,160,2026-08-07T20:57:20+00:00,2026-08-07T20:57:20+00:00
74,Mqabba,135,2026-08-07T20:57:20+00:00,2026-08-07T20:57:20+00:00
75,San Ġwann,135,2026-08-07T20:57:20+00:00,2026-08-07T20:57:20+00:00
76,Żurrieq,135,2026-08-07T20:57:20+00:00,2026-08-07T20:57:20+00:00
77,Luqa,135,2026-08-07T20:57:20+00:00,2026-08-07T20:57:20+00:00
78,Marsaxlokk,135,2026-08-07T20:57:20+00:00,2026-08-07T20:57:20+00:00
79,Qala,135,2026-08-07T20:57:20+00:00,2026-08-07T20:57:20+00:00
80,Żebbuġ Malta,135,2026-08-07T20:57:20+00:00,2026-08-07T20:57:20+00:00
81,Xgħajra,135,2026-08-07T20:57:20+00:00,2026-08-07T20:57:20+00:00
82,Kirkop,135,2026-08-07T20:57:20+00:00,2026-08-07T20:57:20+00:00
83,Rabat,135,2026-08-07T20:57:20+00:00,2026-08-07T20:57:20+00:00
84,Floriana,135,2026-08-07T20:57:20+00:00,2026-08-07T20:57:20+00:00
85,Żebbuġ Gozo,135,2026-08-07T20:57:20+00:00,2026-08-07T20:57:20+00:00
86,Swieqi,135,2026-08-07T20:57:20+00:00,2026-08-07T20:57:20+00:00
87,Saint Lawrence,135,2026-08-07T20:57:20+00:00,2026-08-07T20:57:20+00:00
88,Birżebbuġa,135,2026-08-07T20:57:20+00:00,2026-08-07T20:57:20+00:00
89,Mdina,135,2026-08-07T20:57:20+00:00,2026-08-07T20:57:20+00:00
90,Santa Venera,135,2026-08-07T20:57:20+00:00,2026-08-07T20:57:20+00:00
91,Kerċem,135,2026-08-07T20:57:20+00:00,2026-08-07T20:57:20+00:00
92,Għarb,135,2026-08-07T20:57:20+00:00,2026-08-07T20:57:20+00:00
93,Iklin,135,2026-08-07T20:57:20+00:00,2026-08-07T20:57:20+00:00
94,Santa Luċija,135,2026-08-07T20:57:20+00:00,2026-08-07T20:57:20+00:00
95,Valletta,135,2026-08-07T20:57:20+00:00,2026-08-07T20:57:20+00:00
96,Msida,135,2026-08-07T20:57:20+00:00,2026-08-07T20:57:20+00:00
97,Birkirkara,135,2026-08-07T20:57:20+00:00,2026-08-07T20:57:20+00:00
98,Siġġiewi,135,2026-08-07T20:57:20+00:00,2026-08-07T20:57:20+00:00
99,Kalkara,135,2026-08-07T20:57:20+00:00,2026-08-07T20:57:20+00:00
100,St. Julian's,135,2026-08-07T20:57:20+00:00,2026-08-07T20:57:20+00:00
101,Victoria,135,2026-08-07T20:57:20+00:00,2026-08-07T20:57:20+00:00
102,Mellieħa,135,2026-08-07T20:57:20+00:00,2026-08-07T20:57:20+00:00
103,Tarxien,135,2026-08-07T20:57:20+00:00,2026-08-07T20:57:20+00:00
104,Sliema,135,2026-08-07T20:57:20+00:00,2026-08-07T20:57:20+00:00
105,Ħamrun,135,2026-08-07T20:57:20+00:00,2026-08-07T20:57:20+00:00
106,Għasri,135,2026-08-07T20:57:20+00:00,2026-08-07T20:57:20+00:00
107,Birgu,135,2026-08-07T20:57:20+00:00,2026-08-07T20:57:20+00:00
108,Balzan,135,2026-08-07T20:57:20+00:00,2026-08-07T20:57:20+00:00
109,Mġarr,135,2026-08-07T20:57:20+00:00,2026-08-07T20:57:20+00:00
110,Attard,135,2026-08-07T20:57:20+00:00,2026-08-07T20:57:20+00:00
111,Qrendi,135,2026-08-07T20:57:20+00:00,2026-08-07T20:57:20+00:00
112,Naxxar,135,2026-08-07T20:57:20+00:00,2026-08-07T20:57:20+00:00
113,Gżira,135,2026-08-07T20:57:20+00:00,2026-08-07T20:57:20+00:00
114,Xagħra,135,2026-08-07T20:57:20+00:00,2026-08-07T20:57:20+00:00
115,Paola,135,2026-08-07T20:57:20+00:00,2026-08-07T20:57:20+00:00
116,Sannat,135,2026-08-07T20:57:20+00:00,2026-08-07T20:57:20+00:00
117,Dingli,135,2026-08-07T20:57:20+00:00,2026-08-07T20:57:20+00:00
118,Gudja,135,2026-08-07T20:57:20+00:00,2026-08-07T20:57:20+00:00
119,Qormi,135,2026-08-07T20:57:20+00:00,2026-08-07T20:57:20+00:00
120,Għargħur,135,2026-08-07T20:57:20+00:00,2026-08-07T20:57:20+00:00
121,Xewkija,135,2026-08-07T20:57:20+00:00,2026-08-07T20:57:20+00:00
122,Ta' Xbiex,135,2026-08-07T20:57:20+00:00,2026-08-07T20:57:20+00:00
123,Żabbar,135,2026-08-07T20:57:20+00:00,2026-08-07T20:57:20+00:00
124,Għaxaq,135,2026-08-07T20:57:20+00:00,2026-08-07T20:57:20+00:00
125,Pembroke,135,2026-08-07T20:57:20+00:00,2026-08-07T20:57:20+00:00
126,Lija,135,2026-08-07T20:57:20+00:00,2026-08-07T20:57:20+00:00
127,Pietà,135,2026-08-07T20:57:20+00:00,2026-08-07T20:57:20+00:00
128,Marsa,135,2026-08-07T20:57:20+00:00,2026-08-07T20:57:20+00:00
129,Fgura,135,2026-08-07T20:57:20+00:00,2026-08-07T20:57:20+00:00
130,Għajnsielem,135,2026-08-07T20:57:20+00:00,2026-08-07T20:57:20+00:00
131,Mtarfa,135,2026-08-07T20:57:20+00:00,2026-08-07T20:57:20+00:00
132,Munxar,135,2026-08-07T20:57:20+00:00,2026-08-07T20:57:20+00:00
133,Nadur,135,2026-08-07T20:57:20+00:00,2026-08-07T20:57:20+00:00
134,Fontana,135,2026-08-07T20:57:20+00:00,2026-08-07T20:57:20+00:00
135,Żejtun,135,2026-08-07T20:57:20+00:00,2026-08-07T20:57:20+00:00
136,Senglea,135,2026-08-07T20:57:20+00:00,2026-08-07T20:57:20+00:00
137,Marsaskala,135,2026-08-07T20:57:20+00:00,2026-08-07T20:57:20+00:00
138,Cospicua,135,2026-08-07T20:57:20+00:00,2026-08-07T20:57:20+00:00
139,St. Paul's Bay,135,2026-08-07T20:57:20+00:00,2026-08-07T20:57:20+00:00
140,Mosta,135,2026-08-07T20:57:20+00:00,2026-08-07T20:57:20+00:00
141,Mangystau Region,112,2026-08-07T20:57:20+00:00,2026-08-07T20:57:20+00:00
142,Kyzylorda Region,112,2026-08-07T20:57:20+00:00,2026-08-07T20:57:20+00:00
143,Almaty Region,112,2026-08-07T20:57:20+00:00,2026-08-07T20:57:20+00:00
144,North Kazakhstan Region,112,2026-08-07T20:57:20+00:00,2026-08-07T20:57:20+00:00
145,Akmola Region,112,2026-08-07T20:57:20+00:00,2026-08-07T20:57:20+00:00
146,Pavlodar Region,112,2026-08-07T20:57:20+00:00,2026-08-07T20:57:20+00:00
147,Jambyl Region,112,2026-08-07T20:57:20+00:00,2026-08-07T20:57:20+00:00
148,West Kazakhstan Province,112,2026-08-07T20:57:20+00:00,2026-08-07T20:57:20+00:00
149,Turkestan Region,112,2026-08-07T20:57:20+00:00,2026-08-07T20:57:20+00:00
150,Karaganda Region,112,2026-08-07T20:57:20+00:00,2026-08-07T20:57:20+00:00
151,Aktobe Region,112,2026-08-07T20:57:20+00:00,2026-08-07T20:57:20+00:00
152,Almaty,112,2026-08-07T20:57:20+00:00,2026-08-07T20:57:20+00:00
153,Atyrau Region,112,2026-08-07T20:57:20+00:00,2026-08-07T20:57:20+00:00
154,East Kazakhstan Region,112,2026-08-07T20:57:20+00:00,2026-08-07T20:57:20+00:00
155,Baikonur,112,2026-08-07T20:57:20+00:00,2026-08-07T20:57:20+00:00
156,Nur-Sultan,112,2026-08-07T20:57:20+00:00,2026-08-07T20:57:20+00:00
157,Kostanay Region,112,2026-08-07T20:57:20+00:00,2026-08-07T20:57:20+00:00
158,Kakamega County,113,2026-08-07T20:57:20+00:00,2026-08-07T20:57:20+00:00
159,Kisii County,113,2026-08-07T20:57:20+00:00,2026-08-07T20:57:20+00:00
160,Central Province,113,2026-08-07T20:57:20+00:00,2026-08-07T20:57:20+00:00
161,Busia County,113,2026-08-07T20:57:20+00:00,2026-08-07T20:57:20+00:00
162,North Eastern Province,113,2026-08-07T20:57:20+00:00,2026-08-07T20:57:20+00:00
163,Embu County,113,2026-08-07T20:57:20+00:00,2026-08-07T20:57:20+00:00
164,Laikipia County,113,2026-08-07T20:57:20+00:00,2026-08-07T20:57:20+00:00
165,Nandi District,113,2026-08-07T20:57:20+00:00,2026-08-07T20:57:20+00:00
166,Lamu County,113,2026-08-07T20:57:20+00:00,2026-08-07T20:57:20+00:00
167,Kirinyaga County,113,2026-08-07T20:57:20+00:00,2026-08-07T20:57:20+00:00
168,Bungoma County,113,2026-08-07T20:57:20+00:00,2026-08-07T20:57:20+00:00
169,Uasin Gishu District,113,2026-08-07T20:57:20+00:00,2026-08-07T20:57:20+00:00
170,Isiolo County,113,2026-08-07T20:57:20+00:00,2026-08-07T20:57:20+00:00
171,Kisumu County,113,2026-08-07T20:57:20+00:00,2026-08-07T20:57:20+00:00
172,Coast Province,113,2026-08-07T20:57:20+00:00,2026-08-07T20:57:20+00:00
173,Kwale County,113,2026-08-07T20:57:20+00:00,2026-08-07T20:57:20+00:00
174,Kilifi County,113,2026-08-07T20:57:20+00:00,2026-08-07T20:57:20+00:00
175,Narok County,113,2026-08-07T20:57:20+00:00,2026-08-07T20:57:20+00:00
176,Taita–Taveta County,113,2026-08-07T20:57:20+00:00,2026-08-07T20:57:20+00:00
177,Western Province,113,2026-08-07T20:57:20+00:00,2026-08-07T20:57:20+00:00
178,Muranga County,113,2026-08-07T20:57:20+00:00,2026-08-07T20:57:20+00:00
179,Rift Valley Province,113,2026-08-07T20:57:20+00:00,2026-08-07T20:57:20+00:00
180,Nyeri County,113,2026-08-07T20:57:20+00:00,2026-08-07T20:57:20+00:00
181,Baringo County,113,2026-08-07T20:57:20+00:00,2026-08-07T20:57:20+00:00
182,Wajir County,113,2026-08-07T20:57:20+00:00,2026-08-07T20:57:20+00:00
183,Trans-Nzoia District,113,2026-08-07T20:57:20+00:00,2026-08-07T20:57:20+00:00
184,Machakos County,113,2026-08-07T20:57:20+00:00,2026-08-07T20:57:20+00:00
185,Tharaka Nithi County,113,2026-08-07T20:57:20+00:00,2026-08-07T20:57:20+00:00
186,Siaya County,113,2026-08-07T20:57:20+00:00,2026-08-07T20:57:20+00:00
187,Mandera County,113,2026-08-07T20:57:20+00:00,2026-08-07T20:57:20+00:00
188,Makueni County,113,2026-08-07T20:57:20+00:00,2026-08-07T20:57:20+00:00
189,Eastern Province,113,2026-08-07T20:57:20+00:00,2026-08-07T20:57:20+00:00
190,Migori County,113,2026-08-07T20:57:20+00:00,2026-08-07T20:57:20+00:00
191,Nairobi,113,2026-08-07T20:57:20+00:00,2026-08-07T20:57:20+00:00
192,Nyandarua County,113,2026-08-07T20:57:20+00:00,2026-08-07T20:57:20+00:00
193,Kericho County,113,2026-08-07T20:57:20+00:00,2026-08-07T20:57:20+00:00
194,Marsabit County,113,2026-08-07T20:57:20+00:00,2026-08-07T20:57:20+00:00
195,Homa Bay County,113,2026-08-07T20:57:20+00:00,2026-08-07T20:57:20+00:00
196,Garissa County,113,2026-08-07T20:57:20+00:00,2026-08-07T20:57:20+00:00
197,Kajiado County,113,2026-08-07T20:57:20+00:00,2026-08-07T20:57:20+00:00
198,Meru County,113,2026-08-07T20:57:20+00:00,2026-08-07T20:57:20+00:00
199,Kiambu County,113,2026-08-07T20:57:20+00:00,2026-08-07T20:57:20+00:00
200,Mombasa County,113,2026-08-07T20:57:20+00:00,2026-08-07T20:57:20+00:00
201,Elgeyo-Marakwet County,113,2026-08-07T20:57:20+00:00,2026-08-07T20:57:20+00:00
202,Vihiga District,113,2026-08-07T20:57:20+00:00,2026-08-07T20:57:20+00:00
203,Nakuru District,113,2026-08-07T20:57:20+00:00,2026-08-07T20:57:20+00:00
204,Nyanza Province,113,2026-08-07T20:57:20+00:00,2026-08-07T20:57:20+00:00
205,Tana River County,113,2026-08-07T20:57:20+00:00,2026-08-07T20:57:20+00:00
206,Turkana County,113,2026-08-07T20:57:20+00:00,2026-08-07T20:57:20+00:00
207,Samburu County,113,2026-08-07T20:57:20+00:00,2026-08-07T20:57:20+00:00
208,West Pokot County,113,2026-08-07T20:57:20+00:00,2026-08-07T20:57:20+00:00
209,Nyamira District,113,2026-08-07T20:57:20+00:00,2026-08-07T20:57:20+00:00
210,Bomet County,113,2026-08-07T20:57:20+00:00,2026-08-07T20:57:20+00:00
211,Kitui County,113,2026-08-07T20:57:20+00:00,2026-08-07T20:57:20+00:00
212,Bié Province,7,2026-08-07T20:57:20+00:00,2026-08-07T20:57:20+00:00
213,Huambo Province,7,2026-08-07T20:57:20+00:00,2026-08-07T20:57:20+00:00
214,Zaire Province,7,2026-08-07T20:57:20+00:00,2026-08-07T20:57:20+00:00
215,Cunene Province,7,2026-08-07T20:57:20+00:00,2026-08-07T20:57:20+00:00
216,Cuanza Sul,7,2026-08-07T20:57:20+00:00,2026-08-07T20:57:20+00:00
217,Cuanza Norte Province,7,2026-08-07T20:57:20+00:00,2026-08-07T20:57:20+00:00
218,Benguela Province,7,2026-08-07T20:57:20+00:00,2026-08-07T20:57:20+00:00
219,Moxico Province,7,2026-08-07T20:57:20+00:00,2026-08-07T20:57:20+00:00
220,Lunda Sul Province,7,2026-08-07T20:57:20+00:00,2026-08-07T20:57:20+00:00
221,Bengo Province,7,2026-08-07T20:57:20+00:00,2026-08-07T20:57:20+00:00
222,Luanda Province,7,2026-08-07T20:57:20+00:00,2026-08-07T20:57:20+00:00
223,Lunda Norte Province,7,2026-08-07T20:57:20+00:00,2026-08-07T20:57:20+00:00
224,Uíge Province,7,2026-08-07T20:57:20+00:00,2026-08-07T20:57:20+00:00
225,Huíla Province,7,2026-08-07T20:57:20+00:00,2026-08-07T20:57:20+00:00
226,Cuando Cubango Province,7,2026-08-07T20:57:20+00:00,2026-08-07T20:57:20+00:00
227,Malanje Province,7,2026-08-07T20:57:20+00:00,2026-08-07T20:57:20+00:00
228,Cabinda Province,7,2026-08-07T20:57:20+00:00,2026-08-07T20:57:20+00:00
229,Gasa District,26,2026-08-07T20:57:20+00:00,2026-08-07T20:57:20+00:00
230,Tsirang District,26,2026-08-07T20:57:20+00:00,2026-08-07T20:57:20+00:00
231,Wangdue Phodrang District,26,2026-08-07T20:57:20+00:00,2026-08-07T20:57:20+00:00
232,Haa District,26,2026-08-07T20:57:20+00:00,2026-08-07T20:57:20+00:00
233,Zhemgang District,26,2026-08-07T20:57:20+00:00,2026-08-07T20:57:20+00:00
234,Lhuntse District,26,2026-08-07T20:57:20+00:00,2026-08-07T20:57:20+00:00
235,Punakha District,26,2026-08-07T20:57:20+00:00,2026-08-07T20:57:20+00:00
236,Trashigang District,26,2026-08-07T20:57:20+00:00,2026-08-07T20:57:20+00:00
237,Paro District,26,2026-08-07T20:57:20+00:00,2026-08-07T20:57:20+00:00
238,Dagana District,26,2026-08-07T20:57:20+00:00,2026-08-07T20:57:20+00:00
239,Chukha District,26,2026-08-07T20:57:20+00:00,2026-08-07T20:57:20+00:00
240,Bumthang District,26,2026-08-07T20:57:20+00:00,2026-08-07T20:57:20+00:00
241,Thimphu District,26,2026-08-07T20:57:20+00:00,2026-08-07T20:57:20+00:00
242,Mongar District,26,2026-08-07T20:57:20+00:00,2026-08-07T20:57:20+00:00
243,Samdrup Jongkhar District,26,2026-08-07T20:57:20+00:00,2026-08-07T20:57:20+00:00
244,Pemagatshel District,26,2026-08-07T20:57:20+00:00,2026-08-07T20:57:20+00:00
245,Trongsa District,26,2026-08-07T20:57:20+00:00,2026-08-07T20:57:20+00:00
246,Samtse District,26,2026-08-07T20:57:20+00:00,2026-08-07T20:57:20+00:00
247,Sarpang District,26,2026-08-07T20:57:20+00:00,2026-08-07T20:57:20+00:00
248,Tombouctou Region,134,2026-08-07T20:57:20+00:00,2026-08-07T20:57:20+00:00
249,Ségou Region,134,2026-08-07T20:57:20+00:00,2026-08-07T20:57:20+00:00
250,Koulikoro Region,134,2026-08-07T20:57:20+00:00,2026-08-07T20:57:20+00:00
251,Ménaka Region,134,2026-08-07T20:57:20+00:00,2026-08-07T20:57:20+00:00
252,Kayes Region,134,2026-08-07T20:57:20+00:00,2026-08-07T20:57:20+00:00
253,Bamako,134,2026-08-07T20:57:20+00:00,2026-08-07T20:57:20+00:00
254,Sikasso Region,134,2026-08-07T20:57:20+00:00,2026-08-07T20:57:20+00:00
255,Mopti Region,134,2026-08-07T20:57:20+00:00,2026-08-07T20:57:20+00:00
256,Taoudénit Region,134,2026-08-07T20:57:20+00:00,2026-08-07T20:57:20+00:00
257,Kidal Region,134,2026-08-07T20:57:20+00:00,2026-08-07T20:57:20+00:00
258,Gao Region,134,2026-08-07T20:57:20+00:00,2026-08-07T20:57:20+00:00
259,Southern Province,183,2026-08-07T20:57:20+00:00,2026-08-07T20:57:20+00:00
260,Western Province,183,2026-08-07T20:57:20+00:00,2026-08-07T20:57:20+00:00
261,Eastern Province,183,2026-08-07T20:57:20+00:00,2026-08-07T20:57:20+00:00
262,Kigali district,183,2026-08-07T20:57:20+00:00,2026-08-07T20:57:20+00:00
263,Northern Province,183,2026-08-07T20:57:20+00:00,2026-08-07T20:57:20+00:00
264,Belize District,23,2026-08-07T20:57:20+00:00,2026-08-07T20:57:20+00:00
265,Stann Creek District,23,2026-08-07T20:57:20+00:00,2026-08-07T20:57:20+00:00
266,Corozal District,23,2026-08-07T20:57:20+00:00,2026-08-07T20:57:20+00:00
267,Toledo District,23,2026-08-07T20:57:20+00:00,2026-08-07T20:57:20+00:00
268,Orange Walk District,23,2026-08-07T20:57:20+00:00,2026-08-07T20:57:20+00:00
269,Cayo District,23,2026-08-07T20:57:20+00:00,2026-08-07T20:57:20+00:00
270,Príncipe Province,193,2026-08-07T20:57:20+00:00,2026-08-07T20:57:20+00:00
271,São Tomé Province,193,2026-08-07T20:57:20+00:00,2026-08-07T20:57:20+00:00
272,Havana Province,56,2026-08-07T20:57:20+00:00,2026-08-07T20:57:20+00:00
273,Santiago de Cuba Province,56,2026-08-07T20:57:20+00:00,2026-08-07T20:57:20+00:00
274,Sancti Spíritus Province,56,2026-08-07T20:57:20+00:00,2026-08-07T20:57:20+00:00
275,Granma Province,56,2026-08-07T20:57:20+00:00,2026-08-07T20:57:20+00:00
276,Mayabeque Province,56,2026-08-07T20:57:20+00:00,2026-08-07T20:57:20+00:00
277,Pinar del Río Province,56,2026-08-07T20:57:20+00:00,2026-08-07T20:57:20+00:00
278,Isla de la Juventud,56,2026-08-07T20:57:20+00:00,2026-08-07T20:57:20+00:00
279,Holguín Province,56,2026-08-07T20:57:20+00:00,2026-08-07T20:57:20+00:00
280,Villa Clara Province,56,2026-08-07T20:57:20+00:00,2026-08-07T20:57:20+00:00
281,Las Tunas Province,56,2026-08-07T20:57:20+00:00,2026-08-07T20:57:20+00:00
282,Ciego de Ávila Province,56,2026-08-07T20:57:20+00:00,2026-08-07T20:57:20+00:00
283,Artemisa Province,56,2026-08-07T20:57:20+00:00,2026-08-07T20:57:20+00:00
284,Matanzas Province,56,2026-08-07T20:57:20+00:00,2026-08-07T20:57:20+00:00
285,Guantánamo Province,56,2026-08-07T20:57:20+00:00,2026-08-07T20:57:20+00:00
286,Camagüey Province,56,2026-08-07T20:57:20+00:00,2026-08-07T20:57:20+00:00
287,Cienfuegos Province,56,2026-08-07T20:57:20+00:00,2026-08-07T20:57:20+00:00
288,Jigawa State,161,2026-08-07T20:57:20+00:00,2026-08-07T20:57:20+00:00
289,Enugu State,161,2026-08-07T20:57:20+00:00,2026-08-07T20:57:20+00:00
290,Kebbi State,161,2026-08-07T20:57:20+00:00,2026-08-07T20:57:20+00:00
291,Benue State,161,2026-08-07T20:57:20+00:00,2026-08-07T20:57:20+00:00
292,Sokoto State,161,2026-08-07T20:57:20+00:00,2026-08-07T20:57:20+00:00
293,Federal Capital Territory,161,2026-08-07T20:57:20+00:00,2026-08-07T20:57:20+00:00
294,Kaduna State,161,2026-08-07T20:57:20+00:00,2026-08-07T20:57:20+00:00
295,Kwara State,161,2026-08-07T20:57:20+00:00,2026-08-07T20:57:20+00:00
296,Oyo State,161,2026-08-07T20:57:20+00:00,2026-08-07T20:57:20+00:00
297,Yobe State,161,2026-08-07T20:57:20+00:00,2026-08-07T20:57:20+00:00
298,Kogi State,161,2026-08-07T20:57:20+00:00,2026-08-07T20:57:20+00:00
299,Zamfara State,161,2026-08-07T20:57:20+00:00,2026-08-07T20:57:20+00:00
300,Kano State,161,2026-08-07T20:57:20+00:00,2026-08-07T20:57:20+00:00
301,Nasarawa State,161,2026-08-07T20:57:20+00:00,2026-08-07T20:57:20+00:00
302,Plateau State,161,2026-08-07T20:57:20+00:00,2026-08-07T20:57:20+00:00
303,Abia State,161,2026-08-07T20:57:20+00:00,2026-08-07T20:57:20+00:00
304,Akwa Ibom State,161,2026-08-07T20:57:20+00:00,2026-08-07T20:57:20+00:00
305,Bayelsa State,161,2026-08-07T20:57:20+00:00,2026-08-07T20:57:20+00:00
306,Lagos State,161,2026-08-07T20:57:20+00:00,2026-08-07T20:57:20+00:00
307,Borno State,161,2026-08-07T20:57:20+00:00,2026-08-07T20:57:20+00:00
308,Imo State,161,2026-08-07T20:57:20+00:00,2026-08-07T20:57:20+00:00
309,Ekiti State,161,2026-08-07T20:57:20+00:00,2026-08-07T20:57:20+00:00
310,Gombe State,161,2026-08-07T20:57:20+00:00,2026-08-07T20:57:20+00:00
311,Ebonyi State,161,2026-08-07T20:57:20+00:00,2026-08-07T20:57:20+00:00
312,Bauchi State,161,2026-08-07T20:57:20+00:00,2026-08-07T20:57:20+00:00
313,Katsina State,161,2026-08-07T20:57:20+00:00,2026-08-07T20:57:20+00:00
314,Cross River State,161,2026-08-07T20:57:20+00:00,2026-08-07T20:57:20+00:00
315,Anambra State,161,2026-08-07T20:57:20+00:00,2026-08-07T20:57:20+00:00
316,Delta State,161,2026-08-07T20:57:20+00:00,2026-08-07T20:57:20+00:00
317,Niger State,161,2026-08-07T20:57:20+00:00,2026-08-07T20:57:20+00:00
318,Edo State,161,2026-08-07T20:57:20+00:00,2026-08-07T20:57:20+00:00
319,Taraba State,161,2026-08-07T20:57:20+00:00,2026-08-07T20:57:20+00:00
320,Adamawa State,161,2026-08-07T20:57:20+00:00,2026-08-07T20:57:20+00:00
321,Ondo State,161,2026-08-07T20:57:20+00:00,2026-08-07T20:57:20+00:00
322,Osun State,161,2026-08-07T20:57:20+00:00,2026-08-07T20:57:20+00:00
323,Ogun State,161,2026-08-07T20:57:20+00:00,2026-08-07T20:57:20+00:00
324,Rukungiri District,229,2026-08-07T20:57:20+00:00,2026-08-07T20:57:20+00:00
325,Kyankwanzi District,229,2026-08-07T20:57:20+00:00,2026-08-07T20:57:20+00:00
326,Kabarole District,229,2026-08-07T20:57:20+00:00,2026-08-07T20:57:20+00:00
327,Mpigi District,229,2026-08-07T20:57:20+00:00,2026-08-07T20:57:20+00:00
328,Apac District,229,2026-08-07T20:57:20+00:00,2026-08-07T20:57:20+00:00
329,Abim District,229,2026-08-07T20:57:20+00:00,2026-08-07T20:57:20+00:00
330,Yumbe District,229,2026-08-07T20:57:20+00:00,2026-08-07T20:57:20+00:00
331,Rukiga District,229,2026-08-07T20:57:20+00:00,2026-08-07T20:57:20+00:00
332,Northern Region,229,2026-08-07T20:57:20+00:00,2026-08-07T20:57:20+00:00
333,Serere District,229,2026-08-07T20:57:20+00:00,2026-08-07T20:57:20+00:00
334,Kamuli District,229,2026-08-07T20:57:20+00:00,2026-08-07T20:57:20+00:00
335,Amuru District,229,2026-08-07T20:57:20+00:00,2026-08-07T20:57:20+00:00
336,Kaberamaido District,229,2026-08-07T20:57:20+00:00,2026-08-07T20:57:20+00:00
337,Namutumba District,229,2026-08-07T20:57:20+00:00,2026-08-07T20:57:20+00:00
338,Kibuku District,229,2026-08-07T20:57:20+00:00,2026-08-07T20:57:20+00:00
339,Ibanda District,229,2026-08-07T20:57:20+00:00,2026-08-07T20:57:20+00:00
340,Iganga District,229,2026-08-07T20:57:20+00:00,2026-08-07T20:57:20+00:00
341,Dokolo District,229,2026-08-07T20:57:20+00:00,2026-08-07T20:57:20+00:00
342,Lira District,229,2026-08-07T20:57:20+00:00,2026-08-07T20:57:20+00:00
343,Bukedea District,229,2026-08-07T20:57:20+00:00,2026-08-07T20:57:20+00:00
344,Alebtong District,229,2026-08-07T20:57:20+00:00,2026-08-07T20:57:20+00:00
345,Koboko District,229,2026-08-07T20:57:20+00:00,2026-08-07T20:57:20+00:00
346,Kiryandongo District,229,2026-08-07T20:57:20+00:00,2026-08-07T20:57:20+00:00
347,Kiboga District,229,2026-08-07T20:57:20+00:00,2026-08-07T20:57:20+00:00
348,Kitgum District,229,2026-08-07T20:57:20+00:00,2026-08-07T20:57:20+00:00
349,Bududa District,229,2026-08-07T20:57:20+00:00,2026-08-07T20:57:20+00:00
350,Mbale District,229,2026-08-07T20:57:20+00:00,2026-08-07T20:57:20+00:00
351,Namayingo District,229,2026-08-07T20:57:20+00:00,2026-08-07T20:57:20+00:00
352,Amuria District,229,2026-08-07T20:57:20+00:00,2026-08-07T20:57:20+00:00
353,Amudat District,229,2026-08-07T20:57:20+00:00,2026-08-07T20:57:20+00:00
354,Masindi District,229,2026-08-07T20:57:20+00:00,2026-08-07T20:57:20+00:00
355,Kiruhura District,229,2026-08-07T20:57:20+00:00,2026-08-07T20:57:20+00:00
356,Masaka District,229,2026-08-07T20:57:20+00:00,2026-08-07T20:57:20+00:00
357,Pakwach District,229,2026-08-07T20:57:20+00:00,2026-08-07T20:57:20+00:00
358,Rubanda District,229,2026-08-07T20:57:20+00:00,2026-08-07T20:57:20+00:00
359,Tororo District,229,2026-08-07T20:57:20+00:00,2026-08-07T20:57:20+00:00
360,Kamwenge District,229,2026-08-07T20:57:20+00:00,2026-08-07T20:57:20+00:00
361,Adjumani District,229,2026-08-07T20:57:20+00:00,2026-08-07T20:57:20+00:00
362,Wakiso District,229,2026-08-07T20:57:20+00:00,2026-08-07T20:57:20+00:00
363,Moyo District,229,2026-08-07T20:57:20+00:00,2026-08-07T20:57:20+00:00
364,Mityana District,229,2026-08-07T20:57:20+00:00,2026-08-07T20:57:20+00:00
365,Butaleja District,229,2026-08-07T20:57:20+00:00,2026-08-07T20:57:20+00:00
366,Gomba District,229,2026-08-07T20:57:20+00:00,2026-08-07T20:57:20+00:00
367,Jinja District,229,2026-08-07T20:57:20+00:00,2026-08-07T20:57:20+00:00
368,Kayunga District,229,2026-08-07T20:57:20+00:00,2026-08-07T20:57:20+00:00
369,Kween District,229,2026-08-07T20:57:20+00:00,2026-08-07T20:57:20+00:00
370,Western Region,229,2026-08-07T20:57:20+00:00,2026-08-07T20:57:20+00:00
371,Mubende District,229,2026-08-07T20:57:20+00:00,2026-08-07T20:57:20+00:00
372,Eastern Region,229,2026-08-07T20:57:20+00:00,2026-08-07T20:57:20+00:00
373,Kanungu District,229,2026-08-07T20:57:20+00:00,2026-08-07T20:57:20+00:00
374,Omoro District,229,2026-08-07T20:57:20+00:00,2026-08-07T20:57:20+00:00
375,Bukomansimbi District,229,2026-08-07T20:57:20+00:00,2026-08-07T20:57:20+00:00
376,Lyantonde District,229,2026-08-07T20:57:20+00:00,2026-08-07T20:57:20+00:00
377,Buikwe District,229,2026-08-07T20:57:20+00:00,2026-08-07T20:57:20+00:00
378,Nwoya District,229,2026-08-07T20:57:20+00:00,2026-08-07T20:57:20+00:00
379,Zombo District,229,2026-08-07T20:57:20+00:00,2026-08-07T20:57:20+00:00
380,Buyende District,229,2026-08-07T20:57:20+00:00,2026-08-07T20:57:20+00:00
381,Bunyangabu District,229,2026-08-07T20:57:20+00:00,2026-08-07T20:57:20+00:00
382,Kampala District,229,2026-08-07T20:57:20+00:00,2026-08-07T20:57:20+00:00
383,Isingiro District,229,2026-08-07T20:57:20+00:00,2026-08-07T20:57:20+00:00
384,Butambala District,229,2026-08-07T20:57:20+00:00,2026-08-07T20:57:20+00:00
385,Bukwo District,229,2026-08-07T20:57:20+00:00,2026-08-07T20:57:20+00:00
386,Bushenyi District,229,2026-08-07T20:57:20+00:00,2026-08-07T20:57:20+00:00
387,Bugiri District,229,2026-08-07T20:57:20+00:00,2026-08-07T20:57:20+00:00
388,Butebo District,229,2026-08-07T20:57:20+00:00,2026-08-07T20:57:20+00:00
389,Buliisa District,229,2026-08-07T20:57:20+00:00,2026-08-07T20:57:20+00:00
390,Otuke District,229,2026-08-07T20:57:20+00:00,2026-08-07T20:57:20+00:00
391,Buhweju District,229,2026-08-07T20:57:20+00:00,2026-08-07T20:57:20+00:00
392,Agago District,229,2026-08-07T20:57:20+00:00,2026-08-07T20:57:20+00:00
393,Nakapiripirit District,229,2026-08-07T20:57:20+00:00,2026-08-07T20:57:20+00:00
394,Kalungu District,229,2026-08-07T20:57:20+00:00,2026-08-07T20:57:20+00:00
395,Moroto District,229,2026-08-07T20:57:20+00:00,2026-08-07T20:57:20+00:00
396,Central Region,229,2026-08-07T20:57:20+00:00,2026-08-07T20:57:20+00:00
397,Oyam District,229,2026-08-07T20:57:20+00:00,2026-08-07T20:57:20+00:00
398,Kaliro District,229,2026-08-07T20:57:20+00:00,2026-08-07T20:57:20+00:00
399,Kakumiro District,229,2026-08-07T20:57:20+00:00,2026-08-07T20:57:20+00:00
400,Namisindwa District,229,2026-08-07T20:57:20+00:00,2026-08-07T20:57:20+00:00
401,Kole District,229,2026-08-07T20:57:20+00:00,2026-08-07T20:57:20+00:00
402,Kyenjojo District,229,2026-08-07T20:57:20+00:00,2026-08-07T20:57:20+00:00
403,Kagadi District,229,2026-08-07T20:57:20+00:00,2026-08-07T20:57:20+00:00
404,Ntungamo District,229,2026-08-07T20:57:20+00:00,2026-08-07T20:57:20+00:00
405,Kalangala District,229,2026-08-07T20:57:20+00:00,2026-08-07T20:57:20+00:00
406,Nakasongola District,229,2026-08-07T20:57:20+00:00,2026-08-07T20:57:20+00:00
407,Sheema District,229,2026-08-07T20:57:20+00:00,2026-08-07T20:57:20+00:00
408,Pader District,229,2026-08-07T20:57:20+00:00,2026-08-07T20:57:20+00:00
409,Kisoro District,229,2026-08-07T20:57:20+00:00,2026-08-07T20:57:20+00:00
410,Mukono District,229,2026-08-07T20:57:20+00:00,2026-08-07T20:57:20+00:00
411,Lamwo District,229,2026-08-07T20:57:20+00:00,2026-08-07T20:57:20+00:00
412,Pallisa District,229,2026-08-07T20:57:20+00:00,2026-08-07T20:57:20+00:00
413,Gulu District,229,2026-08-07T20:57:20+00:00,2026-08-07T20:57:20+00:00
414,Buvuma District,229,2026-08-07T20:57:20+00:00,2026-08-07T20:57:20+00:00
415,Mbarara District,229,2026-08-07T20:57:20+00:00,2026-08-07T20:57:20+00:00
416,Amolatar District,229,2026-08-07T20:57:20+00:00,2026-08-07T20:57:20+00:00
417,Lwengo District,229,2026-08-07T20:57:20+00:00,2026-08-07T20:57:20+00:00
418,Mayuge District,229,2026-08-07T20:57:20+00:00,2026-08-07T20:57:20+00:00
419,Bundibugyo District,229,2026-08-07T20:57:20+00:00,2026-08-07T20:57:20+00:00
420,Katakwi District,229,2026-08-07T20:57:20+00:00,2026-08-07T20:57:20+00:00
421,Maracha District,229,2026-08-07T20:57:20+00:00,2026-08-07T20:57:20+00:00
422,Ntoroko District,229,2026-08-07T20:57:20+00:00,2026-08-07T20:57:20+00:00
423,Nakaseke District,229,2026-08-07T20:57:20+00:00,2026-08-07T20:57:20+00:00
424,Ngora District,229,2026-08-07T20:57:20+00:00,2026-08-07T20:57:20+00:00
425,Kumi District,229,2026-08-07T20:57:20+00:00,2026-08-07T20:57:20+00:00
426,Kabale District,229,2026-08-07T20:57:20+00:00,2026-08-07T20:57:20+00:00
427,Sembabule District,229,2026-08-07T20:57:20+00:00,2026-08-07T20:57:20+00:00
428,Bulambuli District,229,2026-08-07T20:57:20+00:00,2026-08-07T20:57:20+00:00
429,Sironko District,229,2026-08-07T20:57:20+00:00,2026-08-07T20:57:20+00:00
430,Napak District,229,2026-08-07T20:57:20+00:00,2026-08-07T20:57:20+00:00
431,Busia District,229,2026-08-07T20:57:20+00:00,2026-08-07T20:57:20+00:00
432,Kapchorwa District,229,2026-08-07T20:57:20+00:00,2026-08-07T20:57:20+00:00
433,Luwero District,229,2026-08-07T20:57:20+00:00,2026-08-07T20:57:20+00:00
434,Kaabong District,229,2026-08-07T20:57:20+00:00,2026-08-07T20:57:20+00:00
435,Mitooma District,229,2026-08-07T20:57:20+00:00,2026-08-07T20:57:20+00:00
436,Kibaale District,229,2026-08-07T20:57:20+00:00,2026-08-07T20:57:20+00:00
437,Kyegegwa District,229,2026-08-07T20:57:20+00:00,2026-08-07T20:57:20+00:00
438,Manafwa District,229,2026-08-07T20:57:20+00:00,2026-08-07T20:57:20+00:00
439,Rakai District,229,2026-08-07T20:57:20+00:00,2026-08-07T20:57:20+00:00
440,Kasese District,229,2026-08-07T20:57:20+00:00,2026-08-07T20:57:20+00:00
441,Budaka District,229,2026-08-07T20:57:20+00:00,2026-08-07T20:57:20+00:00
442,Rubirizi District,229,2026-08-07T20:57:20+00:00,2026-08-07T20:57:20+00:00
443,Kotido District,229,2026-08-07T20:57:20+00:00,2026-08-07T20:57:20+00:00
444,Soroti District,229,2026-08-07T20:57:20+00:00,2026-08-07T20:57:20+00:00
445,Luuka District,229,2026-08-07T20:57:20+00:00,2026-08-07T20:57:20+00:00
446,Nebbi District,229,2026-08-07T20:57:20+00:00,2026-08-07T20:57:20+00:00
447,Arua District,229,2026-08-07T20:57:20+00:00,2026-08-07T20:57:20+00:00
448,Kyotera District,229,2026-08-07T20:57:20+00:00,2026-08-07T20:57:20+00:00
449,Schellenberg,125,2026-08-07T20:57:20+00:00,2026-08-07T20:57:20+00:00
450,Schaan,125,2026-08-07T20:57:20+00:00,2026-08-07T20:57:20+00:00
451,Eschen,125,2026-08-07T20:57:20+00:00,2026-08-07T20:57:20+00:00
452,Vaduz,125,2026-08-07T20:57:20+00:00,2026-08-07T20:57:20+00:00
453,Ruggell,125,2026-08-07T20:57:20+00:00,2026-08-07T20:57:20+00:00
454,Planken,125,2026-08-07T20:57:20+00:00,2026-08-07T20:57:20+00:00
455,Mauren,125,2026-08-07T20:57:20+00:00,2026-08-07T20:57:20+00:00
456,Triesenberg,125,2026-08-07T20:57:20+00:00,2026-08-07T20:57:20+00:00
457,Gamprin,125,2026-08-07T20:57:20+00:00,2026-08-07T20:57:20+00:00
458,Balzers,125,2026-08-07T20:57:20+00:00,2026-08-07T20:57:20+00:00
459,Triesen,125,2026-08-07T20:57:20+00:00,2026-08-07T20:57:20+00:00
460,Brčko District,28,2026-08-07T20:57:20+00:00,2026-08-07T20:57:20+00:00
461,Tuzla Canton,28,2026-08-07T20:57:20+00:00,2026-08-07T20:57:20+00:00
462,Central Bosnia Canton,28,2026-08-07T20:57:20+00:00,2026-08-07T20:57:20+00:00
463,Herzegovina-Neretva Canton,28,2026-08-07T20:57:20+00:00,2026-08-07T20:57:20+00:00
464,Posavina Canton,28,2026-08-07T20:57:20+00:00,2026-08-07T20:57:20+00:00
465,Una-Sana Canton,28,2026-08-07T20:57:20+00:00,2026-08-07T20:57:20+00:00
466,Sarajevo Canton,28,2026-08-07T20:57:20+00:00,2026-08-07T20:57:20+00:00
467,Federation of Bosnia and Herzegovina,28,2026-08-07T20:57:20+00:00,2026-08-07T20:57:20+00:00
468,Zenica-Doboj Canton,28,2026-08-07T20:57:20+00:00,2026-08-07T20:57:20+00:00
469,West Herzegovina Canton,28,2026-08-07T20:57:20+00:00,2026-08-07T20:57:20+00:00
470,Republika Srpska,28,2026-08-07T20:57:20+00:00,2026-08-07T20:57:20+00:00
471,Canton 10,28,2026-08-07T20:57:20+00:00,2026-08-07T20:57:20+00:00
472,Bosnian Podrinje Canton,28,2026-08-07T20:57:20+00:00,2026-08-07T20:57:20+00:00
473,Dakar,195,2026-08-07T20:57:20+00:00,2026-08-07T20:57:20+00:00
474,Kolda,195,2026-08-07T20:57:20+00:00,2026-08-07T20:57:20+00:00
475,Kaffrine,195,2026-08-07T20:57:20+00:00,2026-08-07T20:57:20+00:00
476,Matam,195,2026-08-07T20:57:20+00:00,2026-08-07T20:57:20+00:00
477,Saint-Louis,195,2026-08-07T20:57:20+00:00,2026-08-07T20:57:20+00:00
478,Ziguinchor,195,2026-08-07T20:57:20+00:00,2026-08-07T20:57:20+00:00
479,Fatick,195,2026-08-07T20:57:20+00:00,2026-08-07T20:57:20+00:00
480,Diourbel Region,195,2026-08-07T20:57:20+00:00,2026-08-07T20:57:20+00:00
481,Kédougou,195,2026-08-07T20:57:20+00:00,2026-08-07T20:57:20+00:00
482,Sédhiou,195,2026-08-07T20:57:20+00:00,2026-08-07T20:57:20+00:00
483,Kaolack,195,2026-08-07T20:57:20+00:00,2026-08-07T20:57:20+00:00
484,Thiès Region,195,2026-08-07T20:57:20+00:00,2026-08-07T20:57:20+00:00
485,Louga,195,2026-08-07T20:57:20+00:00,2026-08-07T20:57:20+00:00
486,Tambacounda Region,195,2026-08-07T20:57:20+00:00,2026-08-07T20:57:20+00:00
487,Encamp,6,2026-08-07T20:57:20+00:00,2026-08-07T20:57:20+00:00
488,Andorra la Vella,6,2026-08-07T20:57:20+00:00,2026-08-07T20:57:20+00:00
489,Canillo,6,2026-08-07T20:57:20+00:00,2026-08-07T20:57:20+00:00
490,Sant Julià de Lòria,6,2026-08-07T20:57:20+00:00,2026-08-07T20:57:20+00:00
491,Ordino,6,2026-08-07T20:57:20+00:00,2026-08-07T20:57:20+00:00
492,Escaldes-Engordany,6,2026-08-07T20:57:20+00:00,2026-08-07T20:57:20+00:00
493,La Massana,6,2026-08-07T20:57:20+00:00,2026-08-07T20:57:20+00:00
494,Mont Buxton,197,2026-08-07T20:57:20+00:00,2026-08-07T20:57:20+00:00
495,La Digue,197,2026-08-07T20:57:20+00:00,2026-08-07T20:57:20+00:00
496,Saint Louis,197,2026-08-07T20:57:20+00:00,2026-08-07T20:57:20+00:00
497,Baie Lazare,197,2026-08-07T20:57:20+00:00,2026-08-07T20:57:20+00:00
498,Mont Fleuri,197,2026-08-07T20:57:20+00:00,2026-08-07T20:57:20+00:00
499,Les Mamelles,197,2026-08-07T20:57:20+00:00,2026-08-07T20:57:20+00:00
500,Grand'Anse Mahé,197,2026-08-07T20:57:20+00:00,2026-08-07T20:57:20+00:00
501,Roche Caiman,197,2026-08-07T20:57:20+00:00,2026-08-07T20:57:20+00:00
502,Anse Royale,197,2026-08-07T20:57:20+00:00,2026-08-07T20:57:20+00:00
503,Glacis,197,2026-08-07T20:57:20+00:00,2026-08-07T20:57:20+00:00
504,Grand'Anse Praslin,197,2026-08-07T20:57:20+00:00,2026-08-07T20:57:20+00:00
505,Bel Ombre,197,2026-08-07T20:57:20+00:00,2026-08-07T20:57:20+00:00
506,Anse-aux-Pins,197,2026-08-07T20:57:20+00:00,2026-08-07T20:57:20+00:00
507,Port Glaud,197,2026-08-07T20:57:20+00:00,2026-08-07T20:57:20+00:00
508,Au Cap,197,2026-08-07T20:57:20+00:00,2026-08-07T20:57:20+00:00
509,Takamaka,197,2026-08-07T20:57:20+00:00,2026-08-07T20:57:20+00:00
510,Pointe La Rue,197,2026-08-07T20:57:20+00:00,2026-08-07T20:57:20+00:00
511,Plaisance,197,2026-08-07T20:57:20+00:00,2026-08-07T20:57:20+00:00
512,Beau Vallon,197,2026-08-07T20:57:20+00:00,2026-08-07T20:57:20+00:00
513,Anse Boileau,197,2026-08-07T20:57:20+00:00,2026-08-07T20:57:20+00:00
514,Baie Sainte Anne,197,2026-08-07T20:57:20+00:00,2026-08-07T20:57:20+00:00
515,Bel Air,197,2026-08-07T20:57:20+00:00,2026-08-07T20:57:20+00:00
516,La Rivière Anglaise,197,2026-08-07T20:57:20+00:00,2026-08-07T20:57:20+00:00
517,Cascade,197,2026-08-07T20:57:20+00:00,2026-08-07T20:57:20+00:00
518,Shaki,16,2026-08-07T20:57:20+00:00,2026-08-07T20:57:20+00:00
519,Tartar District,16,2026-08-07T20:57:20+00:00,2026-08-07T20:57:20+00:00
520,Shirvan,16,2026-08-07T20:57:20+00:00,2026-08-07T20:57:20+00:00
521,Qazakh District,16,2026-08-07T20:57:20+00:00,2026-08-07T20:57:20+00:00
522,Sadarak District,16,2026-08-07T20:57:20+00:00,2026-08-07T20:57:20+00:00
523,Yevlakh District,16,2026-08-07T20:57:20+00:00,2026-08-07T20:57:20+00:00
524,Khojali District,16,2026-08-07T20:57:20+00:00,2026-08-07T20:57:20+00:00
525,Kalbajar District,16,2026-08-07T20:57:20+00:00,2026-08-07T20:57:20+00:00
526,Qakh District,16,2026-08-07T20:57:20+00:00,2026-08-07T20:57:20+00:00
527,Fizuli District,16,2026-08-07T20:57:20+00:00,2026-08-07T20:57:20+00:00
528,Astara District,16,2026-08-07T20:57:20+00:00,2026-08-07T20:57:20+00:00
529,Shamakhi District,16,2026-08-07T20:57:20+00:00,2026-08-07T20:57:20+00:00
530,Neftchala District,16,2026-08-07T20:57:20+00:00,2026-08-07T20:57:20+00:00
531,Goychay,16,2026-08-07T20:57:20+00:00,2026-08-07T20:57:20+00:00
532,Bilasuvar District,16,2026-08-07T20:57:20+00:00,2026-08-07T20:57:20+00:00
533,Tovuz District,16,2026-08-07T20:57:20+00:00,2026-08-07T20:57:20+00:00
534,Ordubad District,16,2026-08-07T20:57:20+00:00,2026-08-07T20:57:20+00:00
535,Sharur District,16,2026-08-07T20:57:20+00:00,2026-08-07T20:57:20+00:00
536,Samukh District,16,2026-08-07T20:57:20+00:00,2026-08-07T20:57:20+00:00
537,Khizi District,16,2026-08-07T20:57:20+00:00,2026-08-07T20:57:20+00:00
538,Yevlakh,16,2026-08-07T20:57:20+00:00,2026-08-07T20:57:20+00:00
539,Ujar District,16,2026-08-07T20:57:20+00:00,2026-08-07T20:57:20+00:00
540,Absheron District,16,2026-08-07T20:57:20+00:00,2026-08-07T20:57:20+00:00
541,Lachin District,16,2026-08-07T20:57:20+00:00,2026-08-07T20:57:20+00:00
542,Qabala District,16,2026-08-07T20:57:20+00:00,2026-08-07T20:57:20+00:00
543,Agstafa District,16,2026-08-07T20:57:20+00:00,2026-08-07T20:57:20+00:00
544,Imishli District,16,2026-08-07T20:57:20+00:00,2026-08-07T20:57:20+00:00
545,Salyan District,16,2026-08-07T20:57:20+00:00,2026-08-07T20:57:20+00:00
546,Lerik District,16,2026-08-07T20:57:20+00:00,2026-08-07T20:57:20+00:00
547,Agsu District,16,2026-08-07T20:57:20+00:00,2026-08-07T20:57:20+00:00
548,Qubadli District,16,2026-08-07T20:57:20+00:00,2026-08-07T20:57:20+00:00
549,Kurdamir District,16,2026-08-07T20:57:20+00:00,2026-08-07T20:57:20+00:00
550,Yardymli District,16,2026-08-07T20:57:20+00:00,2026-08-07T20:57:20+00:00
551,Goranboy District,16,2026-08-07T20:57:20+00:00,2026-08-07T20:57:20+00:00
552,Baku,16,2026-08-07T20:57:20+00:00,2026-08-07T20:57:20+00:00
553,Agdash District,16,2026-08-07T20:57:20+00:00,2026-08-07T20:57:20+00:00
554,Beylagan District,16,2026-08-07T20:57:20+00:00,2026-08-07T20:57:20+00:00
555,Masally District,16,2026-08-07T20:57:20+00:00,2026-08-07T20:57:20+00:00
556,Oghuz District,16,2026-08-07T20:57:20+00:00,2026-08-07T20:57:20+00:00
557,Saatly District,16,2026-08-07T20:57:20+00:00,2026-08-07T20:57:20+00:00
558,Lankaran District,16,2026-08-07T20:57:20+00:00,2026-08-07T20:57:20+00:00
559,Agdam District,16,2026-08-07T20:57:20+00:00,2026-08-07T20:57:20+00:00
560,Balakan District,16,2026-08-07T20:57:20+00:00,2026-08-07T20:57:20+00:00
561,Dashkasan District,16,2026-08-07T20:57:20+00:00,2026-08-07T20:57:20+00:00
562,Nakhchivan Autonomous Republic,16,2026-08-07T20:57:20+00:00,2026-08-07T20:57:20+00:00
563,Quba District,16,2026-08-07T20:57:20+00:00,2026-08-07T20:57:20+00:00
564,Ismailli District,16,2026-08-07T20:57:20+00:00,2026-08-07T20:57:20+00:00
565,Sabirabad District,16,2026-08-07T20:57:20+00:00,2026-08-07T20:57:20+00:00
566,Zaqatala District,16,2026-08-07T20:57:20+00:00,2026-08-07T20:57:20+00:00
567,Kangarli District,16,2026-08-07T20:57:20+00:00,2026-08-07T20:57:20+00:00
568,Martuni,16,2026-08-07T20:57:20+00:00,2026-08-07T20:57:20+00:00
569,Barda District,16,2026-08-07T20:57:20+00:00,2026-08-07T20:57:20+00:00
570,Jabrayil District,16,2026-08-07T20:57:20+00:00,2026-08-07T20:57:20+00:00
571,Hajigabul District,16,2026-08-07T20:57:20+00:00,2026-08-07T20:57:20+00:00
572,Julfa District,16,2026-08-07T20:57:20+00:00,2026-08-07T20:57:20+00:00
573,Gobustan District,16,2026-08-07T20:57:20+00:00,2026-08-07T20:57:20+00:00
574,Goygol District,16,2026-08-07T20:57:20+00:00,2026-08-07T20:57:20+00:00
575,Babek District,16,2026-08-07T20:57:20+00:00,2026-08-07T20:57:20+00:00
576,Zardab District,16,2026-08-07T20:57:20+00:00,2026-08-07T20:57:20+00:00
577,Aghjabadi District,16,2026-08-07T20:57:20+00:00,2026-08-07T20:57:20+00:00
578,Jalilabad District,16,2026-08-07T20:57:20+00:00,2026-08-07T20:57:20+00:00
579,Shahbuz District,16,2026-08-07T20:57:20+00:00,2026-08-07T20:57:20+00:00
580,Mingachevir,16,2026-08-07T20:57:20+00:00,2026-08-07T20:57:20+00:00
581,Zangilan District,16,2026-08-07T20:57:20+00:00,2026-08-07T20:57:20+00:00
582,Sumqayit,16,2026-08-07T20:57:20+00:00,2026-08-07T20:57:20+00:00
583,Shamkir District,16,2026-08-07T20:57:20+00:00,2026-08-07T20:57:20+00:00
584,Siazan District,16,2026-08-07T20:57:20+00:00,2026-08-07T20:57:20+00:00
585,Ganja,16,2026-08-07T20:57:20+00:00,2026-08-07T20:57:20+00:00
586,Shaki District,16,2026-08-07T20:57:20+00:00,2026-08-07T20:57:20+00:00
587,Lankaran,16,2026-08-07T20:57:20+00:00,2026-08-07T20:57:20+00:00
588,Qusar District,16,2026-08-07T20:57:20+00:00,2026-08-07T20:57:20+00:00
589,Gədəbəy,16,2026-08-07T20:57:20+00:00,2026-08-07T20:57:20+00:00
590,Khachmaz District,16,2026-08-07T20:57:20+00:00,2026-08-07T20:57:20+00:00
591,Shabran District,16,2026-08-07T20:57:20+00:00,2026-08-07T20:57:20+00:00
592,Shusha District,16,2026-08-07T20:57:20+00:00,2026-08-07T20:57:20+00:00
593,Skrapar District,3,2026-08-07T20:57:20+00:00,2026-08-07T20:57:20+00:00
594,Kavajë District,3,2026-08-07T20:57:20+00:00,2026-08-07T20:57:20+00:00
595,Lezhë District,3,2026-08-07T20:57:20+00:00,2026-08-07T20:57:20+00:00
596,Librazhd District,3,2026-08-07T20:57:20+00:00,2026-08-07T20:57:20+00:00
597,Korçë District,3,2026-08-07T20:57:20+00:00,2026-08-07T20:57:20+00:00
598,Elbasan County,3,2026-08-07T20:57:20+00:00,2026-08-07T20:57:20+00:00
599,Lushnjë District,3,2026-08-07T20:57:20+00:00,2026-08-07T20:57:20+00:00
600,Has District,3,2026-08-07T20:57:20+00:00,2026-08-07T20:57:20+00:00
601,Kukës County,3,2026-08-07T20:57:20+00:00,2026-08-07T20:57:20+00:00
602,Malësi e Madhe District,3,2026-08-07T20:57:20+00:00,2026-08-07T20:57:20+00:00
603,Berat County,3,2026-08-07T20:57:20+00:00,2026-08-07T20:57:20+00:00
604,Gjirokastër County,3,2026-08-07T20:57:20+00:00,2026-08-07T20:57:20+00:00
605,Dibër District,3,2026-08-07T20:57:20+00:00,2026-08-07T20:57:20+00:00
606,Pogradec District,3,2026-08-07T20:57:20+00:00,2026-08-07T20:57:20+00:00
607,Bulqizë District,3,2026-08-07T20:57:20+00:00,2026-08-07T20:57:20+00:00
608,Devoll District,3,2026-08-07T20:57:20+00:00,2026-08-07T20:57:20+00:00
609,Lezhë County,3,2026-08-07T20:57:20+00:00,2026-08-07T20:57:20+00:00
610,Dibër County,3,2026-08-07T20:57:20+00:00,2026-08-07T20:57:20+00:00
611,Shkodër County,3,2026-08-07T20:57:20+00:00,2026-08-07T20:57:20+00:00
612,Kuçovë District,3,2026-08-07T20:57:20+00:00,2026-08-07T20:57:20+00:00
613,Vlorë District,3,2026-08-07T20:57:20+00:00,2026-08-07T20:57:20+00:00
614,Krujë District,3,2026-08-07T20:57:20+00:00,2026-08-07T20:57:20+00:00
615,Tirana County,3,2026-08-07T20:57:20+00:00,2026-08-07T20:57:20+00:00
616,Tepelenë District,3,2026-08-07T20:57:20+00:00,2026-08-07T20:57:20+00:00
617,Gramsh District,3,2026-08-07T20:57:20+00:00,2026-08-07T20:57:20+00:00
618,Delvinë District,3,2026-08-07T20:57:20+00:00,2026-08-07T20:57:20+00:00
619,Peqin District,3,2026-08-07T20:57:20+00:00,2026-08-07T20:57:20+00:00
620,Pukë District,3,2026-08-07T20:57:20+00:00,2026-08-07T20:57:20+00:00
621,Gjirokastër District,3,2026-08-07T20:57:20+00:00,2026-08-07T20:57:20+00:00
622,Kurbin District,3,2026-08-07T20:57:20+00:00,2026-08-07T20:57:20+00:00
623,Kukës District,3,2026-08-07T20:57:20+00:00,2026-08-07T20:57:20+00:00
624,Sarandë District,3,2026-08-07T20:57:20+00:00,2026-08-07T20:57:20+00:00
625,Përmet District,3,2026-08-07T20:57:20+00:00,2026-08-07T20:57:20+00:00
626,Shkodër District,3,2026-08-07T20:57:20+00:00,2026-08-07T20:57:20+00:00
627,Fier District,3,2026-08-07T20:57:20+00:00,2026-08-07T20:57:20+00:00
628,Kolonjë District,3,2026-08-07T20:57:20+00:00,2026-08-07T20:57:20+00:00
629,Berat District,3,2026-08-07T20:57:20+00:00,2026-08-07T20:57:20+00:00
630,Korçë County,3,2026-08-07T20:57:20+00:00,2026-08-07T20:57:20+00:00
631,Fier County,3,2026-08-07T20:57:20+00:00,2026-08-07T20:57:20+00:00
632,Durrës County,3,2026-08-07T20:57:20+00:00,2026-08-07T20:57:20+00:00
633,Tirana District,3,2026-08-07T20:57:20+00:00,2026-08-07T20:57:20+00:00
634,Vlorë County,3,2026-08-07T20:57:20+00:00,2026-08-07T20:57:20+00:00
635,Mat District,3,2026-08-07T20:57:20+00:00,2026-08-07T20:57:20+00:00
636,Tropojë District,3,2026-08-07T20:57:20+00:00,2026-08-07T20:57:20+00:00
637,Mallakastër District,3,2026-08-07T20:57:20+00:00,2026-08-07T20:57:20+00:00
638,Mirditë District,3,2026-08-07T20:57:20+00:00,2026-08-07T20:57:20+00:00
639,Durrës District,3,2026-08-07T20:57:20+00:00,2026-08-07T20:57:20+00:00
640,Sveti Nikole Municipality,129,2026-08-07T20:57:20+00:00,2026-08-07T20:57:20+00:00
641,Kratovo Municipality,129,2026-08-07T20:57:20+00:00,2026-08-07T20:57:20+00:00
642,Zajas Municipality,129,2026-08-07T20:57:20+00:00,2026-08-07T20:57:20+00:00
643,Staro Nagoričane Municipality,129,2026-08-07T20:57:20+00:00,2026-08-07T20:57:20+00:00
644,Češinovo-Obleševo Municipality,129,2026-08-07T20:57:20+00:00,2026-08-07T20:57:20+00:00
645,Debarca Municipality,129,2026-08-07T20:57:20+00:00,2026-08-07T20:57:20+00:00
646,Probištip Municipality,129,2026-08-07T20:57:20+00:00,2026-08-07T20:57:20+00:00
647,Krivogaštani Municipality,129,2026-08-07T20:57:20+00:00,2026-08-07T20:57:20+00:00
648,Gevgelija Municipality,129,2026-08-07T20:57:20+00:00,2026-08-07T20:57:20+00:00
649,Bogdanci Municipality,129,2026-08-07T20:57:20+00:00,2026-08-07T20:57:20+00:00
650,Vraneštica Municipality,129,2026-08-07T20:57:20+00:00,2026-08-07T20:57:20+00:00
651,Veles Municipality,129,2026-08-07T20:57:20+00:00,2026-08-07T20:57:20+00:00
652,Bosilovo Municipality,129,2026-08-07T20:57:20+00:00,2026-08-07T20:57:20+00:00
653,Mogila Municipality,129,2026-08-07T20:57:20+00:00,2026-08-07T20:57:20+00:00
654,Tearce Municipality,129,2026-08-07T20:57:20+00:00,2026-08-07T20:57:20+00:00
655,Demir Kapija Municipality,129,2026-08-07T20:57:20+00:00,2026-08-07T20:57:20+00:00
656,Aračinovo Municipality,129,2026-08-07T20:57:20+00:00,2026-08-07T20:57:20+00:00
657,Drugovo Municipality,129,2026-08-07T20:57:20+00:00,2026-08-07T20:57:20+00:00
658,Vasilevo Municipality,129,2026-08-07T20:57:20+00:00,2026-08-07T20:57:20+00:00
659,Lipkovo Municipality,129,2026-08-07T20:57:20+00:00,2026-08-07T20:57:20+00:00
660,Brvenica Municipality,129,2026-08-07T20:57:20+00:00,2026-08-07T20:57:20+00:00
661,Štip Municipality,129,2026-08-07T20:57:20+00:00,2026-08-07T20:57:20+00:00
662,Vevčani Municipality,129,2026-08-07T20:57:20+00:00,2026-08-07T20:57:20+00:00
663,Tetovo Municipality,129,2026-08-07T20:57:20+00:00,2026-08-07T20:57:20+00:00
664,Negotino Municipality,129,2026-08-07T20:57:20+00:00,2026-08-07T20:57:20+00:00
665,Konče Municipality,129,2026-08-07T20:57:20+00:00,2026-08-07T20:57:20+00:00
666,Prilep Municipality,129,2026-08-07T20:57:20+00:00,2026-08-07T20:57:20+00:00
667,Saraj Municipality,129,2026-08-07T20:57:20+00:00,2026-08-07T20:57:20+00:00
668,Želino Municipality,129,2026-08-07T20:57:20+00:00,2026-08-07T20:57:20+00:00
669,Mavrovo and Rostuša Municipality,129,2026-08-07T20:57:20+00:00,2026-08-07T20:57:20+00:00
670,Plasnica Municipality,129,2026-08-07T20:57:20+00:00,2026-08-07T20:57:20+00:00
671,Valandovo Municipality,129,2026-08-07T20:57:20+00:00,2026-08-07T20:57:20+00:00
672,Vinica Municipality,129,2026-08-07T20:57:20+00:00,2026-08-07T20:57:20+00:00
673,Zrnovci Municipality,129,2026-08-07T20:57:20+00:00,2026-08-07T20:57:20+00:00
674,Karbinci,129,2026-08-07T20:57:20+00:00,2026-08-07T20:57:20+00:00
675,Dolneni Municipality,129,2026-08-07T20:57:20+00:00,2026-08-07T20:57:20+00:00
676,Čaška Municipality,129,2026-08-07T20:57:20+00:00,2026-08-07T20:57:20+00:00
677,Kriva Palanka Municipality,129,2026-08-07T20:57:20+00:00,2026-08-07T20:57:20+00:00
678,Jegunovce Municipality,129,2026-08-07T20:57:20+00:00,2026-08-07T20:57:20+00:00
679,Bitola Municipality,129,2026-08-07T20:57:20+00:00,2026-08-07T20:57:20+00:00
680,Šuto Orizari Municipality,129,2026-08-07T20:57:20+00:00,2026-08-07T20:57:20+00:00
681,Karpoš Municipality,129,2026-08-07T20:57:20+00:00,2026-08-07T20:57:20+00:00
682,Oslomej Municipality,129,2026-08-07T20:57:20+00:00,2026-08-07T20:57:20+00:00
683,Kumanovo Municipality,129,2026-08-07T20:57:20+00:00,2026-08-07T20:57:20+00:00
684,Greater Skopje,129,2026-08-07T20:57:20+00:00,2026-08-07T20:57:20+00:00
685,Pehčevo Municipality,129,2026-08-07T20:57:20+00:00,2026-08-07T20:57:20+00:00
686,Kisela Voda Municipality,129,2026-08-07T20:57:20+00:00,2026-08-07T20:57:20+00:00
687,Demir Hisar Municipality,129,2026-08-07T20:57:20+00:00,2026-08-07T20:57:20+00:00
688,Kičevo Municipality,129,2026-08-07T20:57:20+00:00,2026-08-07T20:57:20+00:00
689,Vrapčište Municipality,129,2026-08-07T20:57:20+00:00,2026-08-07T20:57:20+00:00
690,Ilinden Municipality,129,2026-08-07T20:57:20+00:00,2026-08-07T20:57:20+00:00
691,Rosoman Municipality,129,2026-08-07T20:57:20+00:00,2026-08-07T20:57:20+00:00
692,Makedonski Brod Municipality,129,2026-08-07T20:57:20+00:00,2026-08-07T20:57:20+00:00
693,Gostivar Municipality,129,2026-08-07T20:57:20+00:00,2026-08-07T20:57:20+00:00
694,Butel Municipality,129,2026-08-07T20:57:20+00:00,2026-08-07T20:57:20+00:00
695,Delčevo Municipality,129,2026-08-07T20:57:20+00:00,2026-08-07T20:57:20+00:00
696,Novaci Municipality,129,2026-08-07T20:57:20+00:00,2026-08-07T20:57:20+00:00
697,Dojran Municipality,129,2026-08-07T20:57:20+00:00,2026-08-07T20:57:20+00:00
698,Petrovec Municipality,129,2026-08-07T20:57:20+00:00,2026-08-07T20:57:20+00:00
699,Ohrid Municipality,129,2026-08-07T20:57:20+00:00,2026-08-07T20:57:20+00:00
700,Struga Municipality,129,2026-08-07T20:57:20+00:00,2026-08-07T20:57:20+00:00
701,Makedonska Kamenica Municipality,129,2026-08-07T20:57:20+00:00,2026-08-07T20:57:20+00:00
702,Centar Municipality,129,2026-08-07T20:57:20+00:00,2026-08-07T20:57:20+00:00
703,Aerodrom Municipality,129,2026-08-07T20:57:20+00:00,2026-08-07T20:57:20+00:00
704,Čair Municipality,129,2026-08-07T20:57:20+00:00,2026-08-07T20:57:20+00:00
705,Lozovo Municipality,129,2026-08-07T20:57:20+00:00,2026-08-07T20:57:20+00:00
706,Zelenikovo Municipality,129,2026-08-07T20:57:20+00:00,2026-08-07T20:57:20+00:00
707,Gazi Baba Municipality,129,2026-08-07T20:57:20+00:00,2026-08-07T20:57:20+00:00
708,Gradsko Municipality,129,2026-08-07T20:57:20+00:00,2026-08-07T20:57:20+00:00
709,Radoviš Municipality,129,2026-08-07T20:57:20+00:00,2026-08-07T20:57:20+00:00
710,Strumica Municipality,129,2026-08-07T20:57:20+00:00,2026-08-07T20:57:20+00:00
711,Studeničani Municipality,129,2026-08-07T20:57:20+00:00,2026-08-07T20:57:20+00:00
712,Resen Municipality,129,2026-08-07T20:57:20+00:00,2026-08-07T20:57:20+00:00
713,Kavadarci Municipality,129,2026-08-07T20:57:20+00:00,2026-08-07T20:57:20+00:00
714,Kruševo Municipality,129,2026-08-07T20:57:20+00:00,2026-08-07T20:57:20+00:00
715,Čučer-Sandevo Municipality,129,2026-08-07T20:57:20+00:00,2026-08-07T20:57:20+00:00
716,Berovo Municipality,129,2026-08-07T20:57:20+00:00,2026-08-07T20:57:20+00:00
717,Rankovce Municipality,129,2026-08-07T20:57:20+00:00,2026-08-07T20:57:20+00:00
718,Novo Selo Municipality,129,2026-08-07T20:57:20+00:00,2026-08-07T20:57:20+00:00
719,Sopište Municipality,129,2026-08-07T20:57:20+00:00,2026-08-07T20:57:20+00:00
720,Centar Župa Municipality,129,2026-08-07T20:57:20+00:00,2026-08-07T20:57:20+00:00
721,Bogovinje Municipality,129,2026-08-07T20:57:20+00:00,2026-08-07T20:57:20+00:00
722,Gjorče Petrov Municipality,129,2026-08-07T20:57:20+00:00,2026-08-07T20:57:20+00:00
723,Kočani Municipality,129,2026-08-07T20:57:20+00:00,2026-08-07T20:57:20+00:00
724,Požega-Slavonia County,55,2026-08-07T20:57:20+00:00,2026-08-07T20:57:20+00:00
725,Split-Dalmatia County,55,2026-08-07T20:57:20+00:00,2026-08-07T20:57:20+00:00
726,Međimurje County,55,2026-08-07T20:57:20+00:00,2026-08-07T20:57:20+00:00
727,Zadar County,55,2026-08-07T20:57:20+00:00,2026-08-07T20:57:20+00:00
728,Dubrovnik-Neretva County,55,2026-08-07T20:57:20+00:00,2026-08-07T20:57:20+00:00
729,Krapina-Zagorje County,55,2026-08-07T20:57:20+00:00,2026-08-07T20:57:20+00:00
730,Šibenik-Knin County,55,2026-08-07T20:57:20+00:00,2026-08-07T20:57:20+00:00
731,Lika-Senj County,55,2026-08-07T20:57:20+00:00,2026-08-07T20:57:20+00:00
732,Virovitica-Podravina County,55,2026-08-07T20:57:20+00:00,2026-08-07T20:57:20+00:00
733,Sisak-Moslavina County,55,2026-08-07T20:57:20+00:00,2026-08-07T20:57:20+00:00
734,Bjelovar-Bilogora County,55,2026-08-07T20:57:20+00:00,2026-08-07T20:57:20+00:00
735,Primorje-Gorski Kotar County,55,2026-08-07T20:57:20+00:00,2026-08-07T20:57:20+00:00
736,Zagreb County,55,2026-08-07T20:57:20+00:00,2026-08-07T20:57:20+00:00
737,Brod-Posavina County,55,2026-08-07T20:57:20+00:00,2026-08-07T20:57:20+00:00
738,Zagreb,55,2026-08-07T20:57:20+00:00,2026-08-07T20:57:20+00:00
739,Varaždin County,55,2026-08-07T20:57:20+00:00,2026-08-07T20:57:20+00:00
740,Osijek-Baranja County,55,2026-08-07T20:57:20+00:00,2026-08-07T20:57:20+00:00
741,Vukovar-Syrmia County,55,2026-08-07T20:57:20+00:00,2026-08-07T20:57:20+00:00
742,Koprivnica-Križevci County,55,2026-08-07T20:57:20+00:00,2026-08-07T20:57:20+00:00
743,Istria County,55,2026-08-07T20:57:20+00:00,2026-08-07T20:57:20+00:00
744,Kyrenia District,57,2026-08-07T20:57:20+00:00,2026-08-07T20:57:20+00:00
745,Nicosia District,57,2026-08-07T20:57:20+00:00,2026-08-07T20:57:20+00:00
746,Paphos District,57,2026-08-07T20:57:20+00:00,2026-08-07T20:57:20+00:00
747,Larnaca District,57,2026-08-07T20:57:20+00:00,2026-08-07T20:57:20+00:00
748,Limassol District,57,2026-08-07T20:57:20+00:00,2026-08-07T20:57:20+00:00
749,Famagusta District,57,2026-08-07T20:57:20+00:00,2026-08-07T20:57:20+00:00
750,Rangpur Division,19,2026-08-07T20:57:20+00:00,2026-08-07T20:57:20+00:00
751,Cox's Bazar District,19,2026-08-07T20:57:20+00:00,2026-08-07T20:57:20+00:00
752,Bandarban District,19,2026-08-07T20:57:20+00:00,2026-08-07T20:57:20+00:00
753,Rajshahi Division,19,2026-08-07T20:57:20+00:00,2026-08-07T20:57:20+00:00
754,Pabna District,19,2026-08-07T20:57:20+00:00,2026-08-07T20:57:20+00:00
755,Sherpur District,19,2026-08-07T20:57:20+00:00,2026-08-07T20:57:20+00:00
756,Bhola District,19,2026-08-07T20:57:20+00:00,2026-08-07T20:57:20+00:00
757,Jessore District,19,2026-08-07T20:57:20+00:00,2026-08-07T20:57:20+00:00
758,Mymensingh Division,19,2026-08-07T20:57:20+00:00,2026-08-07T20:57:20+00:00
759,Rangpur District,19,2026-08-07T20:57:20+00:00,2026-08-07T20:57:20+00:00
760,Dhaka Division,19,2026-08-07T20:57:20+00:00,2026-08-07T20:57:20+00:00
761,Chapai Nawabganj District,19,2026-08-07T20:57:20+00:00,2026-08-07T20:57:20+00:00
762,Faridpur District,19,2026-08-07T20:57:20+00:00,2026-08-07T20:57:20+00:00
763,Comilla District,19,2026-08-07T20:57:20+00:00,2026-08-07T20:57:20+00:00
764,Netrokona District,19,2026-08-07T20:57:20+00:00,2026-08-07T20:57:20+00:00
765,Sylhet Division,19,2026-08-07T20:57:20+00:00,2026-08-07T20:57:20+00:00
766,Mymensingh District,19,2026-08-07T20:57:20+00:00,2026-08-07T20:57:20+00:00
767,Sylhet District,19,2026-08-07T20:57:20+00:00,2026-08-07T20:57:20+00:00
768,Chandpur District,19,2026-08-07T20:57:20+00:00,2026-08-07T20:57:20+00:00
769,Narail District,19,2026-08-07T20:57:20+00:00,2026-08-07T20:57:20+00:00
770,Narayanganj District,19,2026-08-07T20:57:20+00:00,2026-08-07T20:57:20+00:00
771,Dhaka District,19,2026-08-07T20:57:20+00:00,2026-08-07T20:57:20+00:00
772,Nilphamari District,19,2026-08-07T20:57:20+00:00,2026-08-07T20:57:20+00:00
773,Rajbari District,19,2026-08-07T20:57:20+00:00,2026-08-07T20:57:20+00:00
774,Kushtia District,19,2026-08-07T20:57:20+00:00,2026-08-07T20:57:20+00:00
775,Khulna Division,19,2026-08-07T20:57:20+00:00,2026-08-07T20:57:20+00:00
776,Meherpur District,19,2026-08-07T20:57:20+00:00,2026-08-07T20:57:20+00:00
777,Patuakhali District,19,2026-08-07T20:57:20+00:00,2026-08-07T20:57:20+00:00
778,Jhalokati District,19,2026-08-07T20:57:20+00:00,2026-08-07T20:57:20+00:00
779,Kishoreganj District,19,2026-08-07T20:57:20+00:00,2026-08-07T20:57:20+00:00
780,Lalmonirhat District,19,2026-08-07T20:57:20+00:00,2026-08-07T20:57:20+00:00
781,Sirajganj District,19,2026-08-07T20:57:20+00:00,2026-08-07T20:57:20+00:00
782,Tangail District,19,2026-08-07T20:57:20+00:00,2026-08-07T20:57:20+00:00
783,Dinajpur District,19,2026-08-07T20:57:20+00:00,2026-08-07T20:57:20+00:00
784,Barguna District,19,2026-08-07T20:57:20+00:00,2026-08-07T20:57:20+00:00
785,Chittagong District,19,2026-08-07T20:57:20+00:00,2026-08-07T20:57:20+00:00
786,Khagrachari District,19,2026-08-07T20:57:20+00:00,2026-08-07T20:57:20+00:00
787,Natore District,19,2026-08-07T20:57:20+00:00,2026-08-07T20:57:20+00:00
788,Chuadanga District,19,2026-08-07T20:57:20+00:00,2026-08-07T20:57:20+00:00
789,Jhenaidah District,19,2026-08-07T20:57:20+00:00,2026-08-07T20:57:20+00:00
790,Munshiganj District,19,2026-08-07T20:57:20+00:00,2026-08-07T20:57:20+00:00
791,Pirojpur District,19,2026-08-07T20:57:20+00:00,2026-08-07T20:57:20+00:00
792,Gopalganj District,19,2026-08-07T20:57:20+00:00,2026-08-07T20:57:20+00:00
793,Kurigram District,19,2026-08-07T20:57:20+00:00,2026-08-07T20:57:20+00:00
794,Moulvibazar District,19,2026-08-07T20:57:20+00:00,2026-08-07T20:57:20+00:00
795,Gaibandha District,19,2026-08-07T20:57:20+00:00,2026-08-07T20:57:20+00:00
796,Bagerhat District,19,2026-08-07T20:57:20+00:00,2026-08-07T20:57:20+00:00
797,Bogra District,19,2026-08-07T20:57:20+00:00,2026-08-07T20:57:20+00:00
798,Gazipur District,19,2026-08-07T20:57:20+00:00,2026-08-07T20:57:20+00:00
799,Satkhira District,19,2026-08-07T20:57:20+00:00,2026-08-07T20:57:20+00:00
800,Panchagarh District,19,2026-08-07T20:57:20+00:00,2026-08-07T20:57:20+00:00
801,Shariatpur District,19,2026-08-07T20:57:20+00:00,2026-08-07T20:57:20+00:00
802,Bahadia,19,2026-08-07T20:57:20+00:00,2026-08-07T20:57:20+00:00
803,Chittagong Division,19,2026-08-07T20:57:20+00:00,2026-08-07T20:57:20+00:00
804,Thakurgaon District,19,2026-08-07T20:57:20+00:00,2026-08-07T20:57:20+00:00
805,Habiganj District,19,2026-08-07T20:57:20+00:00,2026-08-07T20:57:20+00:00
806,Joypurhat District,19,2026-08-07T20:57:20+00:00,2026-08-07T20:57:20+00:00
807,Barisal Division,19,2026-08-07T20:57:20+00:00,2026-08-07T20:57:20+00:00
808,Jamalpur District,19,2026-08-07T20:57:20+00:00,2026-08-07T20:57:20+00:00
809,Rangamati Hill District,19,2026-08-07T20:57:20+00:00,2026-08-07T20:57:20+00:00
810,Brahmanbaria District,19,2026-08-07T20:57:20+00:00,2026-08-07T20:57:20+00:00
811,Khulna District,19,2026-08-07T20:57:20+00:00,2026-08-07T20:57:20+00:00
812,Sunamganj District,19,2026-08-07T20:57:20+00:00,2026-08-07T20:57:20+00:00
813,Rajshahi District,19,2026-08-07T20:57:20+00:00,2026-08-07T20:57:20+00:00
814,Naogaon District,19,2026-08-07T20:57:20+00:00,2026-08-07T20:57:20+00:00
815,Noakhali District,19,2026-08-07T20:57:20+00:00,2026-08-07T20:57:20+00:00
816,Feni District,19,2026-08-07T20:57:20+00:00,2026-08-07T20:57:20+00:00
817,Madaripur District,19,2026-08-07T20:57:20+00:00,2026-08-07T20:57:20+00:00
818,Barisal District,19,2026-08-07T20:57:20+00:00,2026-08-07T20:57:20+00:00
819,Lakshmipur District,19,2026-08-07T20:57:20+00:00,2026-08-07T20:57:20+00:00
820,Okayama Prefecture,109,2026-08-07T20:57:20+00:00,2026-08-07T20:57:20+00:00
821,Chiba Prefecture,109,2026-08-07T20:57:20+00:00,2026-08-07T20:57:20+00:00
822,Ōita Prefecture,109,2026-08-07T20:57:20+00:00,2026-08-07T20:57:20+00:00
823,Tokyo,109,2026-08-07T20:57:20+00:00,2026-08-07T20:57:20+00:00
824,Nara Prefecture,109,2026-08-07T20:57:20+00:00,2026-08-07T20:57:20+00:00
825,Shizuoka Prefecture,109,2026-08-07T20:57:20+00:00,2026-08-07T20:57:20+00:00
826,Shimane Prefecture,109,2026-08-07T20:57:20+00:00,2026-08-07T20:57:20+00:00
827,Aichi Prefecture,109,2026-08-07T20:57:20+00:00,2026-08-07T20:57:20+00:00
828,Hiroshima Prefecture,109,2026-08-07T20:57:20+00:00,2026-08-07T20:57:20+00:00
829,Akita Prefecture,109,2026-08-07T20:57:20+00:00,2026-08-07T20:57:20+00:00
830,Ishikawa Prefecture,109,2026-08-07T20:57:20+00:00,2026-08-07T20:57:20+00:00
831,Hyōgo Prefecture,109,2026-08-07T20:57:20+00:00,2026-08-07T20:57:20+00:00
832,Hokkaidō Prefecture,109,2026-08-07T20:57:20+00:00,2026-08-07T20:57:20+00:00
833,Mie Prefecture,109,2026-08-07T20:57:20+00:00,2026-08-07T20:57:20+00:00
834,Kyōto Prefecture,109,2026-08-07T20:57:20+00:00,2026-08-07T20:57:20+00:00
835,Yamaguchi Prefecture,109,2026-08-07T20:57:20+00:00,2026-08-07T20:57:20+00:00
836,Tokushima Prefecture,109,2026-08-07T20:57:20+00:00,2026-08-07T20:57:20+00:00
837,Yamagata Prefecture,109,2026-08-07T20:57:20+00:00,2026-08-07T20:57:20+00:00
838,Toyama Prefecture,109,2026-08-07T20:57:20+00:00,2026-08-07T20:57:20+00:00
839,Aomori Prefecture,109,2026-08-07T20:57:20+00:00,2026-08-07T20:57:20+00:00
840,Kagoshima Prefecture,109,2026-08-07T20:57:20+00:00,2026-08-07T20:57:20+00:00
841,Niigata Prefecture,109,2026-08-07T20:57:20+00:00,2026-08-07T20:57:20+00:00
842,Kanagawa Prefecture,109,2026-08-07T20:57:20+00:00,2026-08-07T20:57:20+00:00
843,Nagano Prefecture,109,2026-08-07T20:57:20+00:00,2026-08-07T20:57:20+00:00
844,Wakayama Prefecture,109,2026-08-07T20:57:20+00:00,2026-08-07T20:57:20+00:00
845,Shiga Prefecture,109,2026-08-07T20:57:20+00:00,2026-08-07T20:57:20+00:00
846,Kumamoto Prefecture,109,2026-08-07T20:57:20+00:00,2026-08-07T20:57:20+00:00
847,Fukushima Prefecture,109,2026-08-07T20:57:20+00:00,2026-08-07T20:57:20+00:00
848,Fukui Prefecture,109,2026-08-07T20:57:20+00:00,2026-08-07T20:57:20+00:00
849,Nagasaki Prefecture,109,2026-08-07T20:57:20+00:00,2026-08-07T20:57:20+00:00
850,Tottori Prefecture,109,2026-08-07T20:57:20+00:00,2026-08-07T20:57:20+00:00
851,Ibaraki Prefecture,109,2026-08-07T20:57:20+00:00,2026-08-07T20:57:20+00:00
852,Yamanashi Prefecture,109,2026-08-07T20:57:20+00:00,2026-08-07T20:57:20+00:00
853,Okinawa Prefecture,109,2026-08-07T20:57:20+00:00,2026-08-07T20:57:20+00:00
854,Tochigi Prefecture,109,2026-08-07T20:57:20+00:00,2026-08-07T20:57:20+00:00
855,Miyazaki Prefecture,109,2026-08-07T20:57:20+00:00,2026-08-07T20:57:20+00:00
856,Iwate Prefecture,109,2026-08-07T20:57:20+00:00,2026-08-07T20:57:20+00:00
857,Miyagi Prefecture,109,2026-08-07T20:57:20+00:00,2026-08-07T20:57:20+00:00
858,Gifu Prefecture,109,2026-08-07T20:57:20+00:00,2026-08-07T20:57:20+00:00
859,Ōsaka Prefecture,109,2026-08-07T20:57:20+00:00,2026-08-07T20:57:20+00:00
860,Saitama Prefecture,109,2026-08-07T20:57:20+00:00,2026-08-07T20:57:20+00:00
861,Fukuoka Prefecture,109,2026-08-07T20:57:20+00:00,2026-08-07T20:57:20+00:00
862,Gunma Prefecture,109,2026-08-07T20:57:20+00:00,2026-08-07T20:57:20+00:00
863,Saga Prefecture,109,2026-08-07T20:57:20+00:00,2026-08-07T20:57:20+00:00
864,Kagawa Prefecture,109,2026-08-07T20:57:20+00:00,2026-08-07T20:57:20+00:00
865,Ehime Prefecture,109,2026-08-07T20:57:20+00:00,2026-08-07T20:57:20+00:00
866,Ontario,39,2026-08-07T20:57:20+00:00,2026-08-07T20:57:20+00:00
867,Manitoba,39,2026-08-07T20:57:20+00:00,2026-08-07T20:57:20+00:00
868,New Brunswick,39,2026-08-07T20:57:20+00:00,2026-08-07T20:57:20+00:00
869,Yukon,39,2026-08-07T20:57:20+00:00,2026-08-07T20:57:20+00:00
870,Saskatchewan,39,2026-08-07T20:57:20+00:00,2026-08-07T20:57:20+00:00
871,Prince Edward Island,39,2026-08-07T20:57:20+00:00,2026-08-07T20:57:20+00:00
872,Alberta,39,2026-08-07T20:57:20+00:00,2026-08-07T20:57:20+00:00
873,Quebec,39,2026-08-07T20:57:20+00:00,2026-08-07T20:57:20+00:00
874,Nova Scotia,39,2026-08-07T20:57:20+00:00,2026-08-07T20:57:20+00:00
875,British Columbia,39,2026-08-07T20:57:20+00:00,2026-08-07T20:57:20+00:00
876,Nunavut,39,2026-08-07T20:57:20+00:00,2026-08-07T20:57:20+00:00
877,Newfoundland and Labrador,39,2026-08-07T20:57:20+00:00,2026-08-07T20:57:20+00:00
878,Northwest Territories,39,2026-08-07T20:57:20+00:00,2026-08-07T20:57:20+00:00
879,White Nile,209,2026-08-07T20:57:20+00:00,2026-08-07T20:57:20+00:00
880,Red Sea,209,2026-08-07T20:57:20+00:00,2026-08-07T20:57:20+00:00
881,Khartoum,209,2026-08-07T20:57:20+00:00,2026-08-07T20:57:20+00:00
882,Sennar,209,2026-08-07T20:57:20+00:00,2026-08-07T20:57:20+00:00
883,South Kordofan,209,2026-08-07T20:57:20+00:00,2026-08-07T20:57:20+00:00
884,Kassala,209,2026-08-07T20:57:20+00:00,2026-08-07T20:57:20+00:00
885,Al Jazirah,209,2026-08-07T20:57:20+00:00,2026-08-07T20:57:20+00:00
886,Al Qadarif,209,2026-08-07T20:57:20+00:00,2026-08-07T20:57:20+00:00
887,Blue Nile,209,2026-08-07T20:57:20+00:00,2026-08-07T20:57:20+00:00
888,West Darfur,209,2026-08-07T20:57:20+00:00,2026-08-07T20:57:20+00:00
889,West Kordofan,209,2026-08-07T20:57:20+00:00,2026-08-07T20:57:20+00:00
890,North Darfur,209,2026-08-07T20:57:20+00:00,2026-08-07T20:57:20+00:00
891,River Nile,209,2026-08-07T20:57:20+00:00,2026-08-07T20:57:20+00:00
892,East Darfur,209,2026-08-07T20:57:20+00:00,2026-08-07T20:57:20+00:00
893,North Kordofan,209,2026-08-07T20:57:20+00:00,2026-08-07T20:57:20+00:00
894,South Darfur,209,2026-08-07T20:57:20+00:00,2026-08-07T20:57:20+00:00
895,Northern,209,2026-08-07T20:57:20+00:00,2026-08-07T20:57:20+00:00
896,Central Darfur,209,2026-08-07T20:57:20+00:00,2026-08-07T20:57:20+00:00
897,Khelvachauri Municipality,81,2026-08-07T20:57:20+00:00,2026-08-07T20:57:20+00:00
898,Senaki Municipality,81,2026-08-07T20:57:20+00:00,2026-08-07T20:57:20+00:00
899,Tbilisi,81,2026-08-07T20:57:20+00:00,2026-08-07T20:57:20+00:00
900,Adjara,81,2026-08-07T20:57:20+00:00,2026-08-07T20:57:20+00:00
901,Autonomous Republic of Abkhazia,81,2026-08-07T20:57:20+00:00,2026-08-07T20:57:20+00:00
902,Mtskheta-Mtianeti,81,2026-08-07T20:57:20+00:00,2026-08-07T20:57:20+00:00
903,Shida Kartli,81,2026-08-07T20:57:20+00:00,2026-08-07T20:57:20+00:00
904,Kvemo Kartli,81,2026-08-07T20:57:20+00:00,2026-08-07T20:57:20+00:00
905,Imereti,81,2026-08-07T20:57:20+00:00,2026-08-07T20:57:20+00:00
906,Samtskhe-Javakheti,81,2026-08-07T20:57:20+00:00,2026-08-07T20:57:20+00:00
907,Guria,81,2026-08-07T20:57:20+00:00,2026-08-07T20:57:20+00:00
908,Samegrelo-Zemo Svaneti,81,2026-08-07T20:57:20+00:00,2026-08-07T20:57:20+00:00
909,Racha-Lechkhumi and Kvemo Svaneti,81,2026-08-07T20:57:20+00:00,2026-08-07T20:57:20+00:00
910,Kakheti,81,2026-08-07T20:57:20+00:00,2026-08-07T20:57:20+00:00
911,Northern Province,198,2026-08-07T20:57:20+00:00,2026-08-07T20:57:20+00:00
912,Southern Province,198,2026-08-07T20:57:20+00:00,2026-08-07T20:57:20+00:00
913,Western Area,198,2026-08-07T20:57:20+00:00,2026-08-07T20:57:20+00:00
914,Eastern Province,198,2026-08-07T20:57:20+00:00,2026-08-07T20:57:20+00:00
915,Hiran,203,2026-08-07T20:57:20+00:00,2026-08-07T20:57:20+00:00
916,Mudug,203,2026-08-07T20:57:20+00:00,2026-08-07T20:57:20+00:00
917,Bakool,203,2026-08-07T20:57:20+00:00,2026-08-07T20:57:20+00:00
918,Galguduud,203,2026-08-07T20:57:20+00:00,2026-08-07T20:57:20+00:00
919,Sanaag Region,203,2026-08-07T20:57:20+00:00,2026-08-07T20:57:20+00:00
920,Nugal,203,2026-08-07T20:57:20+00:00,2026-08-07T20:57:20+00:00
921,Lower Shebelle,203,2026-08-07T20:57:20+00:00,2026-08-07T20:57:20+00:00
922,Middle Juba,203,2026-08-07T20:57:20+00:00,2026-08-07T20:57:20+00:00
923,Middle Shebelle,203,2026-08-07T20:57:20+00:00,2026-08-07T20:57:20+00:00
924,Lower Juba,203,2026-08-07T20:57:20+00:00,2026-08-07T20:57:20+00:00
925,Awdal Region,203,2026-08-07T20:57:20+00:00,2026-08-07T20:57:20+00:00
926,Bay,203,2026-08-07T20:57:20+00:00,2026-08-07T20:57:20+00:00
927,Banaadir,203,2026-08-07T20:57:20+00:00,2026-08-07T20:57:20+00:00
928,Gedo,203,2026-08-07T20:57:20+00:00,2026-08-07T20:57:20+00:00
929,Togdheer Region,203,2026-08-07T20:57:20+00:00,2026-08-07T20:57:20+00:00
930,Bari,203,2026-08-07T20:57:20+00:00,2026-08-07T20:57:20+00:00
931,Northern Cape,204,2026-08-07T20:57:20+00:00,2026-08-07T20:57:20+00:00
932,Free State,204,2026-08-07T20:57:20+00:00,2026-08-07T20:57:20+00:00
933,Limpopo,204,2026-08-07T20:57:20+00:00,2026-08-07T20:57:20+00:00
934,North West,204,2026-08-07T20:57:20+00:00,2026-08-07T20:57:20+00:00
935,KwaZulu-Natal,204,2026-08-07T20:57:20+00:00,2026-08-07T20:57:20+00:00
936,Gauteng,204,2026-08-07T20:57:20+00:00,2026-08-07T20:57:20+00:00
937,Mpumalanga,204,2026-08-07T20:57:20+00:00,2026-08-07T20:57:20+00:00
938,Eastern Cape,204,2026-08-07T20:57:20+00:00,2026-08-07T20:57:20+00:00
939,Western Cape,204,2026-08-07T20:57:20+00:00,2026-08-07T20:57:20+00:00
940,Chontales Department,159,2026-08-07T20:57:20+00:00,2026-08-07T20:57:20+00:00
941,Managua Department,159,2026-08-07T20:57:20+00:00,2026-08-07T20:57:20+00:00
942,Rivas Department,159,2026-08-07T20:57:20+00:00,2026-08-07T20:57:20+00:00
943,Granada Department,159,2026-08-07T20:57:20+00:00,2026-08-07T20:57:20+00:00
944,León Department,159,2026-08-07T20:57:20+00:00,2026-08-07T20:57:20+00:00
945,Estelí Department,159,2026-08-07T20:57:20+00:00,2026-08-07T20:57:20+00:00
946,Boaco Department,159,2026-08-07T20:57:20+00:00,2026-08-07T20:57:20+00:00
947,Matagalpa Department,159,2026-08-07T20:57:20+00:00,2026-08-07T20:57:20+00:00
948,Madriz Department,159,2026-08-07T20:57:20+00:00,2026-08-07T20:57:20+00:00
949,Río San Juan Department,159,2026-08-07T20:57:20+00:00,2026-08-07T20:57:20+00:00
950,Carazo Department,159,2026-08-07T20:57:20+00:00,2026-08-07T20:57:20+00:00
951,North Caribbean Coast Autonomous Region,159,2026-08-07T20:57:20+00:00,2026-08-07T20:57:20+00:00
952,South Caribbean Coast Autonomous Region,159,2026-08-07T20:57:20+00:00,2026-08-07T20:57:20+00:00
953,Masaya Department,159,2026-08-07T20:57:20+00:00,2026-08-07T20:57:20+00:00
954,Chinandega Department,159,2026-08-07T20:57:20+00:00,2026-08-07T20:57:20+00:00
955,Jinotega Department,159,2026-08-07T20:57:20+00:00,2026-08-07T20:57:20+00:00
956,Karak Governorate,111,2026-08-07T20:57:20+00:00,2026-08-07T20:57:20+00:00
957,Tafilah Governorate,111,2026-08-07T20:57:20+00:00,2026-08-07T20:57:20+00:00
958,Madaba Governorate,111,2026-08-07T20:57:20+00:00,2026-08-07T20:57:20+00:00
959,Aqaba Governorate,111,2026-08-07T20:57:20+00:00,2026-08-07T20:57:20+00:00
960,Irbid Governorate,111,2026-08-07T20:57:20+00:00,2026-08-07T20:57:20+00:00
961,Balqa Governorate,111,2026-08-07T20:57:20+00:00,2026-08-07T20:57:20+00:00
962,Mafraq Governorate,111,2026-08-07T20:57:20+00:00,2026-08-07T20:57:20+00:00
963,Ajloun Governorate,111,2026-08-07T20:57:20+00:00,2026-08-07T20:57:20+00:00
964,Ma'an Governorate,111,2026-08-07T20:57:20+00:00,2026-08-07T20:57:20+00:00
965,Amman Governorate,111,2026-08-07T20:57:20+00:00,2026-08-07T20:57:20+00:00
966,Jerash Governorate,111,2026-08-07T20:57:20+00:00,2026-08-07T20:57:20+00:00
967,Zarqa Governorate,111,2026-08-07T20:57:20+00:00,2026-08-07T20:57:20+00:00
968,Manzini District,212,2026-08-07T20:57:20+00:00,2026-08-07T20:57:20+00:00
969,Hhohho District,212,2026-08-07T20:57:20+00:00,2026-08-07T20:57:20+00:00
970,Lubombo District,212,2026-08-07T20:57:20+00:00,2026-08-07T20:57:20+00:00
971,Shiselweni District,212,2026-08-07T20:57:20+00:00,2026-08-07T20:57:20+00:00
972,Al Jahra Governorate,117,2026-08-07T20:57:20+00:00,2026-08-07T20:57:20+00:00
973,Hawalli Governorate,117,2026-08-07T20:57:20+00:00,2026-08-07T20:57:20+00:00
974,Mubarak Al-Kabeer Governorate,117,2026-08-07T20:57:20+00:00,2026-08-07T20:57:20+00:00
975,Al Farwaniyah Governorate,117,2026-08-07T20:57:20+00:00,2026-08-07T20:57:20+00:00
976,Capital Governorate,117,2026-08-07T20:57:20+00:00,2026-08-07T20:57:20+00:00
977,Al Ahmadi Governorate,117,2026-08-07T20:57:20+00:00,2026-08-07T20:57:20+00:00
978,Luang Prabang Province,119,2026-08-07T20:57:20+00:00,2026-08-07T20:57:20+00:00
979,Vientiane Prefecture,119,2026-08-07T20:57:20+00:00,2026-08-07T20:57:20+00:00
980,Vientiane Province,119,2026-08-07T20:57:20+00:00,2026-08-07T20:57:20+00:00
981,Salavan Province,119,2026-08-07T20:57:20+00:00,2026-08-07T20:57:20+00:00
982,Attapeu Province,119,2026-08-07T20:57:20+00:00,2026-08-07T20:57:20+00:00
983,Xaisomboun Province,119,2026-08-07T20:57:20+00:00,2026-08-07T20:57:20+00:00
984,Sekong Province,119,2026-08-07T20:57:20+00:00,2026-08-07T20:57:20+00:00
985,Bolikhamsai Province,119,2026-08-07T20:57:20+00:00,2026-08-07T20:57:20+00:00
986,Khammouane Province,119,2026-08-07T20:57:20+00:00,2026-08-07T20:57:20+00:00
987,Phongsaly Province,119,2026-08-07T20:57:20+00:00,2026-08-07T20:57:20+00:00
988,Oudomxay Province,119,2026-08-07T20:57:20+00:00,2026-08-07T20:57:20+00:00
989,Houaphanh Province,119,2026-08-07T20:57:20+00:00,2026-08-07T20:57:20+00:00
990,Savannakhet Province,119,2026-08-07T20:57:20+00:00,2026-08-07T20:57:20+00:00
991,Bokeo Province,119,2026-08-07T20:57:20+00:00,2026-08-07T20:57:20+00:00
992,Luang Namtha Province,119,2026-08-07T20:57:20+00:00,2026-08-07T20:57:20+00:00
993,Sainyabuli Province,119,2026-08-07T20:57:20+00:00,2026-08-07T20:57:20+00:00
994,Xaisomboun,119,2026-08-07T20:57:20+00:00,2026-08-07T20:57:20+00:00
995,Xiangkhouang Province,119,2026-08-07T20:57:20+00:00,2026-08-07T20:57:20+00:00
996,Champasak Province,119,2026-08-07T20:57:20+00:00,2026-08-07T20:57:20+00:00
997,Talas Region,118,2026-08-07T20:57:20+00:00,2026-08-07T20:57:20+00:00
998,Batken Region,118,2026-08-07T20:57:20+00:00,2026-08-07T20:57:20+00:00
999,Naryn Region,118,2026-08-07T20:57:20+00:00,2026-08-07T20:57:20+00:00
1000,Jalal-Abad Region,118,2026-08-07T20:57:20+00:00,2026-08-07T20:57:20+00:00
1001,Bishkek,118,2026-08-07T20:57:20+00:00,2026-08-07T20:57:20+00:00
1002,Issyk-Kul Region,118,2026-08-07T20:57:20+00:00,2026-08-07T20:57:20+00:00
1003,Osh,118,2026-08-07T20:57:20+00:00,2026-08-07T20:57:20+00:00
1004,Chuy Region,118,2026-08-07T20:57:20+00:00,2026-08-07T20:57:20+00:00
1005,Osh Region,118,2026-08-07T20:57:20+00:00,2026-08-07T20:57:20+00:00
1006,Trøndelag,165,2026-08-07T20:57:20+00:00,2026-08-07T20:57:20+00:00
1007,Oslo,165,2026-08-07T20:57:20+00:00,2026-08-07T20:57:20+00:00
1008,Vestfold,165,2026-08-07T20:57:20+00:00,2026-08-07T20:57:20+00:00
1009,Oppland,165,2026-08-07T20:57:20+00:00,2026-08-07T20:57:20+00:00
1010,Sør-Trøndelag,165,2026-08-07T20:57:20+00:00,2026-08-07T20:57:20+00:00
1011,Buskerud,165,2026-08-07T20:57:20+00:00,2026-08-07T20:57:20+00:00
1012,Nord-Trøndelag,165,2026-08-07T20:57:20+00:00,2026-08-07T20:57:20+00:00
1013,Svalbard,165,2026-08-07T20:57:20+00:00,2026-08-07T20:57:20+00:00
1014,Vest-Agder,165,2026-08-07T20:57:20+00:00,2026-08-07T20:57:20+00:00
1015,Troms,165,2026-08-07T20:57:20+00:00,2026-08-07T20:57:20+00:00
1016,Finnmark,165,2026-08-07T20:57:20+00:00,2026-08-07T20:57:20+00:00
1017,Akershus,165,2026-08-07T20:57:20+00:00,2026-08-07T20:57:20+00:00
1018,Sogn og Fjordane,165,2026-08-07T20:57:20+00:00,2026-08-07T20:57:20+00:00
1019,Hedmark,165,2026-08-07T20:57:20+00:00,2026-08-07T20:57:20+00:00
1020,Møre og Romsdal,165,2026-08-07T20:57:20+00:00,2026-08-07T20:57:20+00:00
1021,Rogaland,165,2026-08-07T20:57:20+00:00,2026-08-07T20:57:20+00:00
1022,Østfold,165,2026-08-07T20:57:20+00:00,2026-08-07T20:57:20+00:00
1023,Hordaland,165,2026-08-07T20:57:20+00:00,2026-08-07T20:57:20+00:00
1024,Telemark,165,2026-08-07T20:57:20+00:00,2026-08-07T20:57:20+00:00
1025,Nordland,165,2026-08-07T20:57:20+00:00,2026-08-07T20:57:20+00:00
1026,Jan Mayen,165,2026-08-07T20:57:20+00:00,2026-08-07T20:57:20+00:00
1027,Hódmezővásárhely,99,2026-08-07T20:57:20+00:00,2026-08-07T20:57:20+00:00
1028,Érd,99,2026-08-07T20:57:20+00:00,2026-08-07T20:57:20+00:00
1029,Szeged,99,2026-08-07T20:57:20+00:00,2026-08-07T20:57:20+00:00
1030,Nagykanizsa,99,2026-08-07T20:57:20+00:00,2026-08-07T20:57:20+00:00
1031,Csongrád County,99,2026-08-07T20:57:20+00:00,2026-08-07T20:57:20+00:00
1032,Debrecen,99,2026-08-07T20:57:20+00:00,2026-08-07T20:57:20+00:00
1033,Székesfehérvár,99,2026-08-07T20:57:20+00:00,2026-08-07T20:57:20+00:00
1034,Nyíregyháza,99,2026-08-07T20:57:20+00:00,2026-08-07T20:57:20+00:00
1035,Somogy County,99,2026-08-07T20:57:20+00:00,2026-08-07T20:57:20+00:00
1036,Békéscsaba,99,2026-08-07T20:57:20+00:00,2026-08-07T20:57:20+00:00
1037,Eger,99,2026-08-07T20:57:20+00:00,2026-08-07T20:57:20+00:00
1038,Tolna County,99,2026-08-07T20:57:20+00:00,2026-08-07T20:57:20+00:00
1039,Vas County,99,2026-08-07T20:57:20+00:00,2026-08-07T20:57:20+00:00
1040,Heves County,99,2026-08-07T20:57:20+00:00,2026-08-07T20:57:20+00:00
1041,Győr,99,2026-08-07T20:57:20+00:00,2026-08-07T20:57:20+00:00
1042,Győr-Moson-Sopron County,99,2026-08-07T20:57:20+00:00,2026-08-07T20:57:20+00:00
1043,Jász-Nagykun-Szolnok County,99,2026-08-07T20:57:20+00:00,2026-08-07T20:57:20+00:00
1044,Fejér County,99,2026-08-07T20:57:20+00:00,2026-08-07T20:57:20+00:00
1045,Szabolcs-Szatmár-Bereg County,99,2026-08-07T20:57:20+00:00,2026-08-07T20:57:20+00:00
1046,Zala County,99,2026-08-07T20:57:20+00:00,2026-08-07T20:57:20+00:00
1047,Szolnok,99,2026-08-07T20:57:20+00:00,2026-08-07T20:57:20+00:00
1048,Bács-Kiskun County,99,2026-08-07T20:57:20+00:00,2026-08-07T20:57:20+00:00
1049,Dunaújváros,99,2026-08-07T20:57:20+00:00,2026-08-07T20:57:20+00:00
1050,Zalaegerszeg,99,2026-08-07T20:57:20+00:00,2026-08-07T20:57:20+00:00
1051,Nógrád County,99,2026-08-07T20:57:20+00:00,2026-08-07T20:57:20+00:00
1052,Szombathely,99,2026-08-07T20:57:20+00:00,2026-08-07T20:57:20+00:00
1053,Pécs,99,2026-08-07T20:57:20+00:00,2026-08-07T20:57:20+00:00
1054,Veszprém County,99,2026-08-07T20:57:20+00:00,2026-08-07T20:57:20+00:00
1055,Baranya County,99,2026-08-07T20:57:20+00:00,2026-08-07T20:57:20+00:00
1056,Kecskemét,99,2026-08-07T20:57:20+00:00,2026-08-07T20:57:20+00:00
1057,Sopron,99,2026-08-07T20:57:20+00:00,2026-08-07T20:57:20+00:00
1058,Borsod-Abaúj-Zemplén County,99,2026-08-07T20:57:20+00:00,2026-08-07T20:57:20+00:00
1059,Pest County,99,2026-08-07T20:57:20+00:00,2026-08-07T20:57:20+00:00
1060,Békés County,99,2026-08-07T20:57:20+00:00,2026-08-07T20:57:20+00:00
1061,Szekszárd,99,2026-08-07T20:57:20+00:00,2026-08-07T20:57:20+00:00
1062,Veszprém,99,2026-08-07T20:57:20+00:00,2026-08-07T20:57:20+00:00
1063,Hajdú-Bihar County,99,2026-08-07T20:57:20+00:00,2026-08-07T20:57:20+00:00
1064,Budapest,99,2026-08-07T20:57:20+00:00,2026-08-07T20:57:20+00:00
1065,Miskolc,99,2026-08-07T20:57:20+00:00,2026-08-07T20:57:20+00:00
1066,Tatabánya,99,2026-08-07T20:57:20+00:00,2026-08-07T20:57:20+00:00
1067,Kaposvár,99,2026-08-07T20:57:20+00:00,2026-08-07T20:57:20+00:00
1068,Salgótarján,99,2026-08-07T20:57:20+00:00,2026-08-07T20:57:20+00:00
1069,County Tipperary,105,2026-08-07T20:57:20+00:00,2026-08-07T20:57:20+00:00
1070,County Sligo,105,2026-08-07T20:57:20+00:00,2026-08-07T20:57:20+00:00
1071,County Donegal,105,2026-08-07T20:57:20+00:00,2026-08-07T20:57:20+00:00
1072,County Dublin,105,2026-08-07T20:57:20+00:00,2026-08-07T20:57:20+00:00
1073,Leinster,105,2026-08-07T20:57:20+00:00,2026-08-07T20:57:20+00:00
1074,County Cork,105,2026-08-07T20:57:20+00:00,2026-08-07T20:57:20+00:00
1075,County Monaghan,105,2026-08-07T20:57:20+00:00,2026-08-07T20:57:20+00:00
1076,County Longford,105,2026-08-07T20:57:20+00:00,2026-08-07T20:57:20+00:00
1077,County Kerry,105,2026-08-07T20:57:20+00:00,2026-08-07T20:57:20+00:00
1078,County Offaly,105,2026-08-07T20:57:20+00:00,2026-08-07T20:57:20+00:00
1079,County Galway,105,2026-08-07T20:57:20+00:00,2026-08-07T20:57:20+00:00
1080,Munster,105,2026-08-07T20:57:20+00:00,2026-08-07T20:57:20+00:00
1081,County Roscommon,105,2026-08-07T20:57:20+00:00,2026-08-07T20:57:20+00:00
1082,County Kildare,105,2026-08-07T20:57:20+00:00,2026-08-07T20:57:20+00:00
1083,County Louth,105,2026-08-07T20:57:20+00:00,2026-08-07T20:57:20+00:00
1084,County Mayo,105,2026-08-07T20:57:20+00:00,2026-08-07T20:57:20+00:00
1085,County Wicklow,105,2026-08-07T20:57:20+00:00,2026-08-07T20:57:20+00:00
1086,Ulster,105,2026-08-07T20:57:20+00:00,2026-08-07T20:57:20+00:00
1087,Connacht,105,2026-08-07T20:57:20+00:00,2026-08-07T20:57:20+00:00
1088,County Cavan,105,2026-08-07T20:57:20+00:00,2026-08-07T20:57:20+00:00
1089,County Waterford,105,2026-08-07T20:57:20+00:00,2026-08-07T20:57:20+00:00
1090,County Kilkenny,105,2026-08-07T20:57:20+00:00,2026-08-07T20:57:20+00:00
1091,County Clare,105,2026-08-07T20:57:20+00:00,2026-08-07T20:57:20+00:00
1092,County Meath,105,2026-08-07T20:57:20+00:00,2026-08-07T20:57:20+00:00
1093,County Wexford,105,2026-08-07T20:57:20+00:00,2026-08-07T20:57:20+00:00
1094,County Limerick,105,2026-08-07T20:57:20+00:00,2026-08-07T20:57:20+00:00
1095,County Carlow,105,2026-08-07T20:57:20+00:00,2026-08-07T20:57:20+00:00
1096,County Laois,105,2026-08-07T20:57:20+00:00,2026-08-07T20:57:20+00:00
1097,County Westmeath,105,2026-08-07T20:57:20+00:00,2026-08-07T20:57:20+00:00
1098,Djelfa Province,4,2026-08-07T20:57:20+00:00,2026-08-07T20:57:20+00:00
1099,El Oued Province,4,2026-08-07T20:57:20+00:00,2026-08-07T20:57:20+00:00
1100,El Tarf Province,4,2026-08-07T20:57:20+00:00,2026-08-07T20:57:20+00:00
1101,Oran Province,4,2026-08-07T20:57:20+00:00,2026-08-07T20:57:20+00:00
1102,Naama Province,4,2026-08-07T20:57:20+00:00,2026-08-07T20:57:20+00:00
1103,Annaba Province,4,2026-08-07T20:57:20+00:00,2026-08-07T20:57:20+00:00
1104,Bouïra Province,4,2026-08-07T20:57:20+00:00,2026-08-07T20:57:20+00:00
1105,Chlef Province,4,2026-08-07T20:57:20+00:00,2026-08-07T20:57:20+00:00
1106,Tiaret Province,4,2026-08-07T20:57:20+00:00,2026-08-07T20:57:20+00:00
1107,Tlemcen Province,4,2026-08-07T20:57:20+00:00,2026-08-07T20:57:20+00:00
1108,Béchar Province,4,2026-08-07T20:57:20+00:00,2026-08-07T20:57:20+00:00
1109,Médéa Province,4,2026-08-07T20:57:20+00:00,2026-08-07T20:57:20+00:00
1110,Skikda Province,4,2026-08-07T20:57:20+00:00,2026-08-07T20:57:20+00:00
1111,Blida Province,4,2026-08-07T20:57:20+00:00,2026-08-07T20:57:20+00:00
1112,Illizi Province,4,2026-08-07T20:57:20+00:00,2026-08-07T20:57:20+00:00
1113,Jijel Province,4,2026-08-07T20:57:20+00:00,2026-08-07T20:57:20+00:00
1114,Biskra,4,2026-08-07T20:57:20+00:00,2026-08-07T20:57:20+00:00
1115,Tipasa Province,4,2026-08-07T20:57:20+00:00,2026-08-07T20:57:20+00:00
1116,Bordj Bou Arréridj Province,4,2026-08-07T20:57:20+00:00,2026-08-07T20:57:20+00:00
1117,Tébessa Province,4,2026-08-07T20:57:20+00:00,2026-08-07T20:57:20+00:00
1118,Adrar Province,4,2026-08-07T20:57:20+00:00,2026-08-07T20:57:20+00:00
1119,Aïn Defla Province,4,2026-08-07T20:57:20+00:00,2026-08-07T20:57:20+00:00
1120,Tindouf Province,4,2026-08-07T20:57:20+00:00,2026-08-07T20:57:20+00:00
1121,Constantine Province,4,2026-08-07T20:57:20+00:00,2026-08-07T20:57:20+00:00
1122,Aïn Témouchent Province,4,2026-08-07T20:57:20+00:00,2026-08-07T20:57:20+00:00
1123,Saïda Province,4,2026-08-07T20:57:20+00:00,2026-08-07T20:57:20+00:00
1124,Mascara Province,4,2026-08-07T20:57:20+00:00,2026-08-07T20:57:20+00:00
1125,Boumerdès Province,4,2026-08-07T20:57:20+00:00,2026-08-07T20:57:20+00:00
1126,Khenchela Province,4,2026-08-07T20:57:20+00:00,2026-08-07T20:57:20+00:00
1127,Ghardaïa Province,4,2026-08-07T20:57:20+00:00,2026-08-07T20:57:20+00:00
1128,Béjaïa Province,4,2026-08-07T20:57:20+00:00,2026-08-07T20:57:20+00:00
1129,El Bayadh Province,4,2026-08-07T20:57:20+00:00,2026-08-07T20:57:20+00:00
1130,Relizane Province,4,2026-08-07T20:57:20+00:00,2026-08-07T20:57:20+00:00
1131,Tizi Ouzou Province,4,2026-08-07T20:57:20+00:00,2026-08-07T20:57:20+00:00
1132,Mila Province,4,2026-08-07T20:57:20+00:00,2026-08-07T20:57:20+00:00
1133,Tissemsilt Province,4,2026-08-07T20:57:20+00:00,2026-08-07T20:57:20+00:00
1134,M'Sila Province,4,2026-08-07T20:57:20+00:00,2026-08-07T20:57:20+00:00
1135,Tamanghasset Province,4,2026-08-07T20:57:20+00:00,2026-08-07T20:57:20+00:00
1136,Oum El Bouaghi Province,4,2026-08-07T20:57:20+00:00,2026-08-07T20:57:20+00:00
1137,Guelma Province,4,2026-08-07T20:57:20+00:00,2026-08-07T20:57:20+00:00
1138,Laghouat Province,4,2026-08-07T20:57:20+00:00,2026-08-07T20:57:20+00:00
1139,Ouargla Province,4,2026-08-07T20:57:20+00:00,2026-08-07T20:57:20+00:00
1140,Mostaganem Province,4,2026-08-07T20:57:20+00:00,2026-08-07T20:57:20+00:00
1141,Sétif Province,4,2026-08-07T20:57:20+00:00,2026-08-07T20:57:20+00:00
1142,Batna Province,4,2026-08-07T20:57:20+00:00,2026-08-07T20:57:20+00:00
1143,Souk Ahras Province,4,2026-08-07T20:57:20+00:00,2026-08-07T20:57:20+00:00
1144,Algiers Province,4,2026-08-07T20:57:20+00:00,2026-08-07T20:57:20+00:00
1145,Murcia Province,207,2026-08-07T20:57:20+00:00,2026-08-07T20:57:20+00:00
1146,Burgos Province,207,2026-08-07T20:57:20+00:00,2026-08-07T20:57:20+00:00
1147,Salamanca Province,207,2026-08-07T20:57:20+00:00,2026-08-07T20:57:20+00:00
1148,Araba / Álava,207,2026-08-07T20:57:20+00:00,2026-08-07T20:57:20+00:00
1149,Madrid Province,207,2026-08-07T20:57:20+00:00,2026-08-07T20:57:20+00:00
1150,Ciudad Real Province,207,2026-08-07T20:57:20+00:00,2026-08-07T20:57:20+00:00
1151,Almería Province,207,2026-08-07T20:57:20+00:00,2026-08-07T20:57:20+00:00
1152,Valencia Province,207,2026-08-07T20:57:20+00:00,2026-08-07T20:57:20+00:00
1153,Badajoz Province,207,2026-08-07T20:57:20+00:00,2026-08-07T20:57:20+00:00
1154,Pontevedra Province,207,2026-08-07T20:57:20+00:00,2026-08-07T20:57:20+00:00
1155,Seville Province,207,2026-08-07T20:57:20+00:00,2026-08-07T20:57:20+00:00
1156,Alicante Province,207,2026-08-07T20:57:20+00:00,2026-08-07T20:57:20+00:00
1157,Palencia Province,207,2026-08-07T20:57:20+00:00,2026-08-07T20:57:20+00:00
1158,Community of Madrid,207,2026-08-07T20:57:20+00:00,2026-08-07T20:57:20+00:00
1159,Melilla,207,2026-08-07T20:57:20+00:00,2026-08-07T20:57:20+00:00
1160,Province of Asturias,207,2026-08-07T20:57:20+00:00,2026-08-07T20:57:20+00:00
1161,Zamora Province,207,2026-08-07T20:57:20+00:00,2026-08-07T20:57:20+00:00
1162,Zaragoza Province,207,2026-08-07T20:57:20+00:00,2026-08-07T20:57:20+00:00
1163,Huesca Province,207,2026-08-07T20:57:20+00:00,2026-08-07T20:57:20+00:00
1164,Tarragona Province,207,2026-08-07T20:57:20+00:00,2026-08-07T20:57:20+00:00
1165,Toledo Province,207,2026-08-07T20:57:20+00:00,2026-08-07T20:57:20+00:00
1166,Las Palmas Province,207,2026-08-07T20:57:20+00:00,2026-08-07T20:57:20+00:00
1167,Galicia,207,2026-08-07T20:57:20+00:00,2026-08-07T20:57:20+00:00
1168,Albacete Province,207,2026-08-07T20:57:20+00:00,2026-08-07T20:57:20+00:00
1169,Cuenca Province,207,2026-08-07T20:57:20+00:00,2026-08-07T20:57:20+00:00
1170,Cantabria,207,2026-08-07T20:57:20+00:00,2026-08-07T20:57:20+00:00
1171,La Rioja,207,2026-08-07T20:57:20+00:00,2026-08-07T20:57:20+00:00
1172,Guadalajara Province,207,2026-08-07T20:57:20+00:00,2026-08-07T20:57:20+00:00
1173,Ourense Province,207,2026-08-07T20:57:20+00:00,2026-08-07T20:57:20+00:00
1174,Balearic Islands,207,2026-08-07T20:57:20+00:00,2026-08-07T20:57:20+00:00
1175,Valencian Community,207,2026-08-07T20:57:20+00:00,2026-08-07T20:57:20+00:00
1176,Region of Murcia,207,2026-08-07T20:57:20+00:00,2026-08-07T20:57:20+00:00
1177,Aragon,207,2026-08-07T20:57:20+00:00,2026-08-07T20:57:20+00:00
1178,Girona Province,207,2026-08-07T20:57:20+00:00,2026-08-07T20:57:20+00:00
1179,A Coruña Province,207,2026-08-07T20:57:20+00:00,2026-08-07T20:57:20+00:00
1180,Barcelona Province,207,2026-08-07T20:57:20+00:00,2026-08-07T20:57:20+00:00
1181,Jaén Province,207,2026-08-07T20:57:20+00:00,2026-08-07T20:57:20+00:00
1182,Teruel Province,207,2026-08-07T20:57:20+00:00,2026-08-07T20:57:20+00:00
1183,Valladolid Province,207,2026-08-07T20:57:20+00:00,2026-08-07T20:57:20+00:00
1184,Castile and León,207,2026-08-07T20:57:20+00:00,2026-08-07T20:57:20+00:00
1185,Canary Islands,207,2026-08-07T20:57:20+00:00,2026-08-07T20:57:20+00:00
1186,Biscay,207,2026-08-07T20:57:20+00:00,2026-08-07T20:57:20+00:00
1187,Lugo Province,207,2026-08-07T20:57:20+00:00,2026-08-07T20:57:20+00:00
1188,Málaga Province,207,2026-08-07T20:57:20+00:00,2026-08-07T20:57:20+00:00
1189,Province of Ávila,207,2026-08-07T20:57:20+00:00,2026-08-07T20:57:20+00:00
1190,Extremadura,207,2026-08-07T20:57:20+00:00,2026-08-07T20:57:20+00:00
1191,Basque Country,207,2026-08-07T20:57:20+00:00,2026-08-07T20:57:20+00:00
1192,Segovia Province,207,2026-08-07T20:57:20+00:00,2026-08-07T20:57:20+00:00
1193,Andalusia,207,2026-08-07T20:57:20+00:00,2026-08-07T20:57:20+00:00
1194,Granada Province,207,2026-08-07T20:57:20+00:00,2026-08-07T20:57:20+00:00
1195,Lleida Province,207,2026-08-07T20:57:20+00:00,2026-08-07T20:57:20+00:00
1196,Cáceres Province,207,2026-08-07T20:57:20+00:00,2026-08-07T20:57:20+00:00
1197,Córdoba Province,207,2026-08-07T20:57:20+00:00,2026-08-07T20:57:20+00:00
1198,Santa Cruz de Tenerife Province,207,2026-08-07T20:57:20+00:00,2026-08-07T20:57:20+00:00
1199,Huelva Province,207,2026-08-07T20:57:20+00:00,2026-08-07T20:57:20+00:00
1200,León Province,207,2026-08-07T20:57:20+00:00,2026-08-07T20:57:20+00:00
1201,Cádiz Province,207,2026-08-07T20:57:20+00:00,2026-08-07T20:57:20+00:00
1202,Gipuzkoa,207,2026-08-07T20:57:20+00:00,2026-08-07T20:57:20+00:00
1203,Catalonia,207,2026-08-07T20:57:20+00:00,2026-08-07T20:57:20+00:00
1204,Navarre,207,2026-08-07T20:57:20+00:00,2026-08-07T20:57:20+00:00
1205,Castile-La Mancha,207,2026-08-07T20:57:20+00:00,2026-08-07T20:57:20+00:00
1206,Ceuta,207,2026-08-07T20:57:20+00:00,2026-08-07T20:57:20+00:00
1207,Castellón Province,207,2026-08-07T20:57:20+00:00,2026-08-07T20:57:20+00:00
1208,Soria Province,207,2026-08-07T20:57:20+00:00,2026-08-07T20:57:20+00:00
1209,Guanacaste Province,53,2026-08-07T20:57:20+00:00,2026-08-07T20:57:20+00:00
1210,Puntarenas Province,53,2026-08-07T20:57:20+00:00,2026-08-07T20:57:20+00:00
1211,Provincia de Cartago,53,2026-08-07T20:57:20+00:00,2026-08-07T20:57:20+00:00
1212,Heredia Province,53,2026-08-07T20:57:20+00:00,2026-08-07T20:57:20+00:00
1213,Limón Province,53,2026-08-07T20:57:20+00:00,2026-08-07T20:57:20+00:00
1214,San José Province,53,2026-08-07T20:57:20+00:00,2026-08-07T20:57:20+00:00
1215,Alajuela Province,53,2026-08-07T20:57:20+00:00,2026-08-07T20:57:20+00:00
1216,Brunei-Muara District,33,2026-08-07T20:57:20+00:00,2026-08-07T20:57:20+00:00
1217,Belait District,33,2026-08-07T20:57:20+00:00,2026-08-07T20:57:20+00:00
1218,Temburong District,33,2026-08-07T20:57:20+00:00,2026-08-07T20:57:20+00:00
1219,Tutong District,33,2026-08-07T20:57:20+00:00,2026-08-07T20:57:20+00:00
1220,Saint Philip,20,2026-08-07T20:57:20+00:00,2026-08-07T20:57:20+00:00
1221,Saint Lucy,20,2026-08-07T20:57:20+00:00,2026-08-07T20:57:20+00:00
1222,Saint Peter,20,2026-08-07T20:57:20+00:00,2026-08-07T20:57:20+00:00
1223,Saint Joseph,20,2026-08-07T20:57:20+00:00,2026-08-07T20:57:20+00:00
1224,Saint James,20,2026-08-07T20:57:20+00:00,2026-08-07T20:57:20+00:00
1225,Saint Thomas,20,2026-08-07T20:57:20+00:00,2026-08-07T20:57:20+00:00
1226,Saint George,20,2026-08-07T20:57:20+00:00,2026-08-07T20:57:20+00:00
1227,Saint John,20,2026-08-07T20:57:20+00:00,2026-08-07T20:57:20+00:00
1228,Christ Church,20,2026-08-07T20:57:20+00:00,2026-08-07T20:57:20+00:00
1229,Saint Andrew,20,2026-08-07T20:57:20+00:00,2026-08-07T20:57:20+00:00
1230,Saint Michael,20,2026-08-07T20:57:20+00:00,2026-08-07T20:57:20+00:00
1231,Ta'izz Governorate,245,2026-08-07T20:57:20+00:00,2026-08-07T20:57:20+00:00
1232,Sana'a,245,2026-08-07T20:57:20+00:00,2026-08-07T20:57:20+00:00
1233,Ibb Governorate,245,2026-08-07T20:57:20+00:00,2026-08-07T20:57:20+00:00
1234,Ma'rib Governorate,245,2026-08-07T20:57:20+00:00,2026-08-07T20:57:20+00:00
1235,Al Mahwit Governorate,245,2026-08-07T20:57:20+00:00,2026-08-07T20:57:20+00:00
1236,Sana'a Governorate,245,2026-08-07T20:57:20+00:00,2026-08-07T20:57:20+00:00
1237,Abyan Governorate,245,2026-08-07T20:57:20+00:00,2026-08-07T20:57:20+00:00
1238,Hadhramaut Governorate,245,2026-08-07T20:57:20+00:00,2026-08-07T20:57:20+00:00
1239,Socotra Governorate,245,2026-08-07T20:57:20+00:00,2026-08-07T20:57:20+00:00
1240,Al Bayda' Governorate,245,2026-08-07T20:57:20+00:00,2026-08-07T20:57:20+00:00
1241,Al Hudaydah Governorate,245,2026-08-07T20:57:20+00:00,2026-08-07T20:57:20+00:00
1242,'Adan Governorate,245,2026-08-07T20:57:20+00:00,2026-08-07T20:57:20+00:00
1243,Al Jawf Governorate,245,2026-08-07T20:57:20+00:00,2026-08-07T20:57:20+00:00
1244,Hajjah Governorate,245,2026-08-07T20:57:20+00:00,2026-08-07T20:57:20+00:00
1245,Lahij Governorate,245,2026-08-07T20:57:20+00:00,2026-08-07T20:57:20+00:00
1246,Dhamar Governorate,245,2026-08-07T20:57:20+00:00,2026-08-07T20:57:20+00:00
1247,Shabwah Governorate,245,2026-08-07T20:57:20+00:00,2026-08-07T20:57:20+00:00
1248,Raymah Governorate,245,2026-08-07T20:57:20+00:00,2026-08-07T20:57:20+00:00
1249,Saada Governorate,245,2026-08-07T20:57:20+00:00,2026-08-07T20:57:20+00:00
1250,'Amran Governorate,245,2026-08-07T20:57:20+00:00,2026-08-07T20:57:20+00:00
1251,Al Mahrah Governorate,245,2026-08-07T20:57:20+00:00,2026-08-07T20:57:20+00:00
1252,Sangha-Mbaéré,42,2026-08-07T20:57:20+00:00,2026-08-07T20:57:20+00:00
1253,Nana-Grébizi Economic Prefecture,42,2026-08-07T20:57:20+00:00,2026-08-07T20:57:20+00:00
1254,Ouham Prefecture,42,2026-08-07T20:57:20+00:00,2026-08-07T20:57:20+00:00
1255,Ombella-M'Poko Prefecture,42,2026-08-07T20:57:20+00:00,2026-08-07T20:57:20+00:00
1256,Lobaye Prefecture,42,2026-08-07T20:57:20+00:00,2026-08-07T20:57:20+00:00
1257,Mambéré-Kadéï,42,2026-08-07T20:57:20+00:00,2026-08-07T20:57:20+00:00
1258,Haut-Mbomou Prefecture,42,2026-08-07T20:57:20+00:00,2026-08-07T20:57:20+00:00
1259,Bamingui-Bangoran Prefecture,42,2026-08-07T20:57:20+00:00,2026-08-07T20:57:20+00:00
1260,Nana-Mambéré Prefecture,42,2026-08-07T20:57:20+00:00,2026-08-07T20:57:20+00:00
1261,Vakaga Prefecture,42,2026-08-07T20:57:20+00:00,2026-08-07T20:57:20+00:00
1262,Bangui,42,2026-08-07T20:57:20+00:00,2026-08-07T20:57:20+00:00
1263,Kémo Prefecture,42,2026-08-07T20:57:20+00:00,2026-08-07T20:57:20+00:00
1264,Basse-Kotto Prefecture,42,2026-08-07T20:57:20+00:00,2026-08-07T20:57:20+00:00
1265,Ouaka Prefecture,42,2026-08-07T20:57:20+00:00,2026-08-07T20:57:20+00:00
1266,Mbomou Prefecture,42,2026-08-07T20:57:20+00:00,2026-08-07T20:57:20+00:00
1267,Ouham-Pendé Prefecture,42,2026-08-07T20:57:20+00:00,2026-08-07T20:57:20+00:00
1268,Haute-Kotto Prefecture,42,2026-08-07T20:57:20+00:00,2026-08-07T20:57:20+00:00
1269,Romblon,174,2026-08-07T20:57:20+00:00,2026-08-07T20:57:20+00:00
1270,Bukidnon,174,2026-08-07T20:57:20+00:00,2026-08-07T20:57:20+00:00
1271,Rizal,174,2026-08-07T20:57:20+00:00,2026-08-07T20:57:20+00:00
1272,Bohol,174,2026-08-07T20:57:20+00:00,2026-08-07T20:57:20+00:00
1273,Quirino,174,2026-08-07T20:57:20+00:00,2026-08-07T20:57:20+00:00
1274,Biliran,174,2026-08-07T20:57:20+00:00,2026-08-07T20:57:20+00:00
1275,Quezon,174,2026-08-07T20:57:20+00:00,2026-08-07T20:57:20+00:00
1276,Siquijor,174,2026-08-07T20:57:20+00:00,2026-08-07T20:57:20+00:00
1277,Sarangani,174,2026-08-07T20:57:20+00:00,2026-08-07T20:57:20+00:00
1278,Bulacan,174,2026-08-07T20:57:20+00:00,2026-08-07T20:57:20+00:00
1279,Cagayan,174,2026-08-07T20:57:20+00:00,2026-08-07T20:57:20+00:00
1280,South Cotabato,174,2026-08-07T20:57:20+00:00,2026-08-07T20:57:20+00:00
1281,Sorsogon,174,2026-08-07T20:57:20+00:00,2026-08-07T20:57:20+00:00
1282,Sultan Kudarat,174,2026-08-07T20:57:20+00:00,2026-08-07T20:57:20+00:00
1283,Camarines Norte,174,2026-08-07T20:57:20+00:00,2026-08-07T20:57:20+00:00
1284,Southern Leyte,174,2026-08-07T20:57:20+00:00,2026-08-07T20:57:20+00:00
1285,Camiguin,174,2026-08-07T20:57:20+00:00,2026-08-07T20:57:20+00:00
1286,Surigao del Norte,174,2026-08-07T20:57:20+00:00,2026-08-07T20:57:20+00:00
1287,Camarines Sur,174,2026-08-07T20:57:20+00:00,2026-08-07T20:57:20+00:00
1288,Sulu,174,2026-08-07T20:57:20+00:00,2026-08-07T20:57:20+00:00
1289,Davao Oriental,174,2026-08-07T20:57:20+00:00,2026-08-07T20:57:20+00:00
1290,Eastern Samar,174,2026-08-07T20:57:20+00:00,2026-08-07T20:57:20+00:00
1291,Dinagat Islands,174,2026-08-07T20:57:20+00:00,2026-08-07T20:57:20+00:00
1292,Capiz,174,2026-08-07T20:57:20+00:00,2026-08-07T20:57:20+00:00
1293,Tawi-Tawi,174,2026-08-07T20:57:20+00:00,2026-08-07T20:57:20+00:00
1294,Calabarzon,174,2026-08-07T20:57:20+00:00,2026-08-07T20:57:20+00:00
1295,Tarlac,174,2026-08-07T20:57:20+00:00,2026-08-07T20:57:20+00:00
1296,Surigao del Sur,174,2026-08-07T20:57:20+00:00,2026-08-07T20:57:20+00:00
1297,Zambales,174,2026-08-07T20:57:20+00:00,2026-08-07T20:57:20+00:00
1298,Ilocos Norte,174,2026-08-07T20:57:20+00:00,2026-08-07T20:57:20+00:00
1299,Mimaropa,174,2026-08-07T20:57:20+00:00,2026-08-07T20:57:20+00:00
1300,Ifugao,174,2026-08-07T20:57:20+00:00,2026-08-07T20:57:20+00:00
1301,Catanduanes,174,2026-08-07T20:57:20+00:00,2026-08-07T20:57:20+00:00
1302,Zamboanga del Norte,174,2026-08-07T20:57:20+00:00,2026-08-07T20:57:20+00:00
1303,Guimaras,174,2026-08-07T20:57:20+00:00,2026-08-07T20:57:20+00:00
1304,Bicol Region,174,2026-08-07T20:57:20+00:00,2026-08-07T20:57:20+00:00
1305,Western Visayas,174,2026-08-07T20:57:20+00:00,2026-08-07T20:57:20+00:00
1306,Cebu,174,2026-08-07T20:57:20+00:00,2026-08-07T20:57:20+00:00
1307,Cavite,174,2026-08-07T20:57:20+00:00,2026-08-07T20:57:20+00:00
1308,Central Visayas,174,2026-08-07T20:57:20+00:00,2026-08-07T20:57:20+00:00
1309,Davao Occidental,174,2026-08-07T20:57:20+00:00,2026-08-07T20:57:20+00:00
1310,Soccsksargen,174,2026-08-07T20:57:20+00:00,2026-08-07T20:57:20+00:00
1311,Compostela Valley,174,2026-08-07T20:57:20+00:00,2026-08-07T20:57:20+00:00
1312,Kalinga,174,2026-08-07T20:57:20+00:00,2026-08-07T20:57:20+00:00
1313,Isabela,174,2026-08-07T20:57:20+00:00,2026-08-07T20:57:20+00:00
1314,Caraga,174,2026-08-07T20:57:20+00:00,2026-08-07T20:57:20+00:00
1315,Iloilo,174,2026-08-07T20:57:20+00:00,2026-08-07T20:57:20+00:00
1316,Autonomous Region in Muslim Mindanao,174,2026-08-07T20:57:20+00:00,2026-08-07T20:57:20+00:00
1317,La Union,174,2026-08-07T20:57:20+00:00,2026-08-07T20:57:20+00:00
1318,Davao del Sur,174,2026-08-07T20:57:20+00:00,2026-08-07T20:57:20+00:00
1319,Davao del Norte,174,2026-08-07T20:57:20+00:00,2026-08-07T20:57:20+00:00
1320,Cotabato,174,2026-08-07T20:57:20+00:00,2026-08-07T20:57:20+00:00
1321,Ilocos Sur,174,2026-08-07T20:57:20+00:00,2026-08-07T20:57:20+00:00
1322,Eastern Visayas,174,2026-08-07T20:57:20+00:00,2026-08-07T20:57:20+00:00
1323,Agusan del Norte,174,2026-08-07T20:57:20+00:00,2026-08-07T20:57:20+00:00
1324,Abra,174,2026-08-07T20:57:20+00:00,2026-08-07T20:57:20+00:00
1325,Zamboanga Peninsula,174,2026-08-07T20:57:20+00:00,2026-08-07T20:57:20+00:00
1326,Agusan del Sur,174,2026-08-07T20:57:20+00:00,2026-08-07T20:57:20+00:00
1327,Lanao del Norte,174,2026-08-07T20:57:20+00:00,2026-08-07T20:57:20+00:00
1328,Laguna,174,2026-08-07T20:57:20+00:00,2026-08-07T20:57:20+00:00
1329,Marinduque,174,2026-08-07T20:57:20+00:00,2026-08-07T20:57:20+00:00
1330,Maguindanao,174,2026-08-07T20:57:20+00:00,2026-08-07T20:57:20+00:00
1331,Aklan,174,2026-08-07T20:57:20+00:00,2026-08-07T20:57:20+00:00
1332,Leyte,174,2026-08-07T20:57:20+00:00,2026-08-07T20:57:20+00:00
1333,Lanao del Sur,174,2026-08-07T20:57:20+00:00,2026-08-07T20:57:20+00:00
1334,Apayao,174,2026-08-07T20:57:20+00:00,2026-08-07T20:57:20+00:00
1335,Cordillera Administrative Region,174,2026-08-07T20:57:20+00:00,2026-08-07T20:57:20+00:00
1336,Antique,174,2026-08-07T20:57:20+00:00,2026-08-07T20:57:20+00:00
1337,Albay,174,2026-08-07T20:57:20+00:00,2026-08-07T20:57:20+00:00
1338,Masbate,174,2026-08-07T20:57:20+00:00,2026-08-07T20:57:20+00:00
1339,Northern Mindanao,174,2026-08-07T20:57:20+00:00,2026-08-07T20:57:20+00:00
1340,Davao Region,174,2026-08-07T20:57:20+00:00,2026-08-07T20:57:20+00:00
1341,Aurora,174,2026-08-07T20:57:20+00:00,2026-08-07T20:57:20+00:00
1342,Cagayan Valley,174,2026-08-07T20:57:20+00:00,2026-08-07T20:57:20+00:00
1343,Misamis Occidental,174,2026-08-07T20:57:20+00:00,2026-08-07T20:57:20+00:00
1344,Bataan,174,2026-08-07T20:57:20+00:00,2026-08-07T20:57:20+00:00
1345,Central Luzon,174,2026-08-07T20:57:20+00:00,2026-08-07T20:57:20+00:00
1346,Basilan,174,2026-08-07T20:57:20+00:00,2026-08-07T20:57:20+00:00
1347,Metro Manila,174,2026-08-07T20:57:20+00:00,2026-08-07T20:57:20+00:00
1348,Misamis Oriental,174,2026-08-07T20:57:20+00:00,2026-08-07T20:57:20+00:00
1349,Northern Samar,174,2026-08-07T20:57:20+00:00,2026-08-07T20:57:20+00:00
1350,Negros Oriental,174,2026-08-07T20:57:20+00:00,2026-08-07T20:57:20+00:00
1351,Negros Occidental,174,2026-08-07T20:57:20+00:00,2026-08-07T20:57:20+00:00
1352,Batanes,174,2026-08-07T20:57:20+00:00,2026-08-07T20:57:20+00:00
1353,Mountain Province,174,2026-08-07T20:57:20+00:00,2026-08-07T20:57:20+00:00
1354,Oriental Mindoro,174,2026-08-07T20:57:20+00:00,2026-08-07T20:57:20+00:00
1355,Ilocos Region,174,2026-08-07T20:57:20+00:00,2026-08-07T20:57:20+00:00
1356,Occidental Mindoro,174,2026-08-07T20:57:20+00:00,2026-08-07T20:57:20+00:00
1357,Zamboanga del Sur,174,2026-08-07T20:57:20+00:00,2026-08-07T20:57:20+00:00
1358,Nueva Vizcaya,174,2026-08-07T20:57:20+00:00,2026-08-07T20:57:20+00:00
1359,Batangas,174,2026-08-07T20:57:20+00:00,2026-08-07T20:57:20+00:00
1360,Nueva Ecija,174,2026-08-07T20:57:20+00:00,2026-08-07T20:57:20+00:00
1361,Palawan,174,2026-08-07T20:57:20+00:00,2026-08-07T20:57:20+00:00
1362,Zamboanga Sibugay,174,2026-08-07T20:57:20+00:00,2026-08-07T20:57:20+00:00
1363,Benguet,174,2026-08-07T20:57:20+00:00,2026-08-07T20:57:20+00:00
1364,Pangasinan,174,2026-08-07T20:57:20+00:00,2026-08-07T20:57:20+00:00
1365,Pampanga,174,2026-08-07T20:57:20+00:00,2026-08-07T20:57:20+00:00
1366,Northern District,106,2026-08-07T20:57:20+00:00,2026-08-07T20:57:20+00:00
1367,Central District,106,2026-08-07T20:57:20+00:00,2026-08-07T20:57:20+00:00
1368,Southern District,106,2026-08-07T20:57:20+00:00,2026-08-07T20:57:20+00:00
1369,Haifa District,106,2026-08-07T20:57:20+00:00,2026-08-07T20:57:20+00:00
1370,Jerusalem District,106,2026-08-07T20:57:20+00:00,2026-08-07T20:57:20+00:00
1371,Tel Aviv District,106,2026-08-07T20:57:20+00:00,2026-08-07T20:57:20+00:00
1372,Limburg,22,2026-08-07T20:57:20+00:00,2026-08-07T20:57:20+00:00
1373,Flanders,22,2026-08-07T20:57:20+00:00,2026-08-07T20:57:20+00:00
1374,Flemish Brabant,22,2026-08-07T20:57:20+00:00,2026-08-07T20:57:20+00:00
1375,Hainaut,22,2026-08-07T20:57:20+00:00,2026-08-07T20:57:20+00:00
1376,Brussels-Capital Region,22,2026-08-07T20:57:20+00:00,2026-08-07T20:57:20+00:00
1377,East Flanders,22,2026-08-07T20:57:20+00:00,2026-08-07T20:57:20+00:00
1378,Namur,22,2026-08-07T20:57:20+00:00,2026-08-07T20:57:20+00:00
1379,Luxembourg,22,2026-08-07T20:57:20+00:00,2026-08-07T20:57:20+00:00
1380,Wallonia,22,2026-08-07T20:57:20+00:00,2026-08-07T20:57:20+00:00
1381,Antwerp,22,2026-08-07T20:57:20+00:00,2026-08-07T20:57:20+00:00
1382,Walloon Brabant,22,2026-08-07T20:57:20+00:00,2026-08-07T20:57:20+00:00
1383,West Flanders,22,2026-08-07T20:57:20+00:00,2026-08-07T20:57:20+00:00
1384,Liège,22,2026-08-07T20:57:20+00:00,2026-08-07T20:57:20+00:00
1385,Darién Province,170,2026-08-07T20:57:20+00:00,2026-08-07T20:57:20+00:00
1386,Colón Province,170,2026-08-07T20:57:20+00:00,2026-08-07T20:57:20+00:00
1387,Coclé Province,170,2026-08-07T20:57:20+00:00,2026-08-07T20:57:20+00:00
1388,Guna Yala,170,2026-08-07T20:57:20+00:00,2026-08-07T20:57:20+00:00
1389,Herrera Province,170,2026-08-07T20:57:20+00:00,2026-08-07T20:57:20+00:00
1390,Los Santos Province,170,2026-08-07T20:57:20+00:00,2026-08-07T20:57:20+00:00
1391,Ngöbe-Buglé Comarca,170,2026-08-07T20:57:20+00:00,2026-08-07T20:57:20+00:00
1392,Veraguas Province,170,2026-08-07T20:57:20+00:00,2026-08-07T20:57:20+00:00
1393,Bocas del Toro Province,170,2026-08-07T20:57:20+00:00,2026-08-07T20:57:20+00:00
1394,Panamá Oeste Province,170,2026-08-07T20:57:20+00:00,2026-08-07T20:57:20+00:00
1395,Panamá Province,170,2026-08-07T20:57:20+00:00,2026-08-07T20:57:20+00:00
1396,Emberá-Wounaan Comarca,170,2026-08-07T20:57:20+00:00,2026-08-07T20:57:20+00:00
1397,Chiriquí Province,170,2026-08-07T20:57:20+00:00,2026-08-07T20:57:20+00:00
1398,Howland Island,233,2026-08-07T20:57:20+00:00,2026-08-07T20:57:20+00:00
1399,Delaware,233,2026-08-07T20:57:20+00:00,2026-08-07T20:57:20+00:00
1400,Alaska,233,2026-08-07T20:57:20+00:00,2026-08-07T20:57:20+00:00
1401,Maryland,233,2026-08-07T20:57:20+00:00,2026-08-07T20:57:20+00:00
1402,Baker Island,233,2026-08-07T20:57:20+00:00,2026-08-07T20:57:20+00:00
1403,Kingman Reef,233,2026-08-07T20:57:20+00:00,2026-08-07T20:57:20+00:00
1404,New Hampshire,233,2026-08-07T20:57:20+00:00,2026-08-07T20:57:20+00:00
1405,Wake Island,233,2026-08-07T20:57:20+00:00,2026-08-07T20:57:20+00:00
1406,Kansas,233,2026-08-07T20:57:20+00:00,2026-08-07T20:57:20+00:00
1407,Texas,233,2026-08-07T20:57:20+00:00,2026-08-07T20:57:20+00:00
1408,Nebraska,233,2026-08-07T20:57:20+00:00,2026-08-07T20:57:20+00:00
1409,Vermont,233,2026-08-07T20:57:20+00:00,2026-08-07T20:57:20+00:00
1410,Jarvis Island,233,2026-08-07T20:57:20+00:00,2026-08-07T20:57:20+00:00
1411,Hawaii,233,2026-08-07T20:57:20+00:00,2026-08-07T20:57:20+00:00
1412,Guam,233,2026-08-07T20:57:20+00:00,2026-08-07T20:57:20+00:00
1413,United States Virgin Islands,233,2026-08-07T20:57:20+00:00,2026-08-07T20:57:20+00:00
1414,Utah,233,2026-08-07T20:57:20+00:00,2026-08-07T20:57:20+00:00
1415,Oregon,233,2026-08-07T20:57:20+00:00,2026-08-07T20:57:20+00:00
1416,California,233,2026-08-07T20:57:20+00:00,2026-08-07T20:57:20+00:00
1417,New Jersey,233,2026-08-07T20:57:20+00:00,2026-08-07T20:57:20+00:00
1418,North Dakota,233,2026-08-07T20:57:20+00:00,2026-08-07T20:57:20+00:00
1419,Kentucky,233,2026-08-07T20:57:20+00:00,2026-08-07T20:57:20+00:00
1420,Minnesota,233,2026-08-07T20:57:20+00:00,2026-08-07T20:57:20+00:00
1421,Oklahoma,233,2026-08-07T20:57:20+00:00,2026-08-07T20:57:20+00:00
1422,Pennsylvania,233,2026-08-07T20:57:20+00:00,2026-08-07T20:57:20+00:00
1423,New Mexico,233,2026-08-07T20:57:20+00:00,2026-08-07T20:57:20+00:00
1424,American Samoa,233,2026-08-07T20:57:20+00:00,2026-08-07T20:57:20+00:00
1425,Illinois,233,2026-08-07T20:57:20+00:00,2026-08-07T20:57:20+00:00
1426,Michigan,233,2026-08-07T20:57:20+00:00,2026-08-07T20:57:20+00:00
1427,Virginia,233,2026-08-07T20:57:20+00:00,2026-08-07T20:57:20+00:00
1428,Johnston Atoll,233,2026-08-07T20:57:20+00:00,2026-08-07T20:57:20+00:00
1429,West Virginia,233,2026-08-07T20:57:20+00:00,2026-08-07T20:57:20+00:00
1430,Mississippi,233,2026-08-07T20:57:20+00:00,2026-08-07T20:57:20+00:00
1431,Northern Mariana Islands,233,2026-08-07T20:57:20+00:00,2026-08-07T20:57:20+00:00
1432,United States Minor Outlying Islands,233,2026-08-07T20:57:20+00:00,2026-08-07T20:57:20+00:00
1433,Massachusetts,233,2026-08-07T20:57:20+00:00,2026-08-07T20:57:20+00:00
1434,Arizona,233,2026-08-07T20:57:20+00:00,2026-08-07T20:57:20+00:00
1435,Connecticut,233,2026-08-07T20:57:20+00:00,2026-08-07T20:57:20+00:00
1436,Florida,233,2026-08-07T20:57:20+00:00,2026-08-07T20:57:20+00:00
1437,District of Columbia,233,2026-08-07T20:57:20+00:00,2026-08-07T20:57:20+00:00
1438,Midway Atoll,233,2026-08-07T20:57:20+00:00,2026-08-07T20:57:20+00:00
1439,Navassa Island,233,2026-08-07T20:57:20+00:00,2026-08-07T20:57:20+00:00
1440,Indiana,233,2026-08-07T20:57:20+00:00,2026-08-07T20:57:20+00:00
1441,Wisconsin,233,2026-08-07T20:57:20+00:00,2026-08-07T20:57:20+00:00
1442,Wyoming,233,2026-08-07T20:57:20+00:00,2026-08-07T20:57:20+00:00
1443,South Carolina,233,2026-08-07T20:57:20+00:00,2026-08-07T20:57:20+00:00
1444,Arkansas,233,2026-08-07T20:57:20+00:00,2026-08-07T20:57:20+00:00
1445,South Dakota,233,2026-08-07T20:57:20+00:00,2026-08-07T20:57:20+00:00
1446,Montana,233,2026-08-07T20:57:20+00:00,2026-08-07T20:57:20+00:00
1447,North Carolina,233,2026-08-07T20:57:20+00:00,2026-08-07T20:57:20+00:00
1448,Palmyra Atoll,233,2026-08-07T20:57:20+00:00,2026-08-07T20:57:20+00:00
1449,Puerto Rico,233,2026-08-07T20:57:20+00:00,2026-08-07T20:57:20+00:00
1450,Colorado,233,2026-08-07T20:57:20+00:00,2026-08-07T20:57:20+00:00
1451,Missouri,233,2026-08-07T20:57:20+00:00,2026-08-07T20:57:20+00:00
1452,New York,233,2026-08-07T20:57:20+00:00,2026-08-07T20:57:20+00:00
1453,Maine,233,2026-08-07T20:57:20+00:00,2026-08-07T20:57:20+00:00
1454,Tennessee,233,2026-08-07T20:57:20+00:00,2026-08-07T20:57:20+00:00
1455,Georgia,233,2026-08-07T20:57:20+00:00,2026-08-07T20:57:20+00:00
1456,Alabama,233,2026-08-07T20:57:20+00:00,2026-08-07T20:57:20+00:00
1457,Louisiana,233,2026-08-07T20:57:20+00:00,2026-08-07T20:57:20+00:00
1458,Nevada,233,2026-08-07T20:57:20+00:00,2026-08-07T20:57:20+00:00
1459,Iowa,233,2026-08-07T20:57:20+00:00,2026-08-07T20:57:20+00:00
1460,Idaho,233,2026-08-07T20:57:20+00:00,2026-08-07T20:57:20+00:00
1461,Rhode Island,233,2026-08-07T20:57:20+00:00,2026-08-07T20:57:20+00:00
1462,Washington,233,2026-08-07T20:57:20+00:00,2026-08-07T20:57:20+00:00
1463,Shinyanga Region,218,2026-08-07T20:57:20+00:00,2026-08-07T20:57:20+00:00
1464,Simiyu Region,218,2026-08-07T20:57:20+00:00,2026-08-07T20:57:20+00:00
1465,Kagera Region,218,2026-08-07T20:57:20+00:00,2026-08-07T20:57:20+00:00
1466,Dodoma Region,218,2026-08-07T20:57:20+00:00,2026-08-07T20:57:20+00:00
1467,Kilimanjaro Region,218,2026-08-07T20:57:20+00:00,2026-08-07T20:57:20+00:00
1468,Mara Region,218,2026-08-07T20:57:20+00:00,2026-08-07T20:57:20+00:00
1469,Tabora Region,218,2026-08-07T20:57:20+00:00,2026-08-07T20:57:20+00:00
1470,Morogoro Region,218,2026-08-07T20:57:20+00:00,2026-08-07T20:57:20+00:00
1471,Zanzibar Central/South Region,218,2026-08-07T20:57:20+00:00,2026-08-07T20:57:20+00:00
1472,South Pemba Region,218,2026-08-07T20:57:20+00:00,2026-08-07T20:57:20+00:00
1473,Zanzibar North Region,218,2026-08-07T20:57:20+00:00,2026-08-07T20:57:20+00:00
1474,Singida Region,218,2026-08-07T20:57:20+00:00,2026-08-07T20:57:20+00:00
1475,Zanzibar Urban/West Region,218,2026-08-07T20:57:20+00:00,2026-08-07T20:57:20+00:00
1476,Mtwara Region,218,2026-08-07T20:57:20+00:00,2026-08-07T20:57:20+00:00
1477,Rukwa Region,218,2026-08-07T20:57:20+00:00,2026-08-07T20:57:20+00:00
1478,Kigoma Region,218,2026-08-07T20:57:20+00:00,2026-08-07T20:57:20+00:00
1479,Mwanza Region,218,2026-08-07T20:57:20+00:00,2026-08-07T20:57:20+00:00
1480,Njombe Region,218,2026-08-07T20:57:20+00:00,2026-08-07T20:57:20+00:00
1481,Geita Region,218,2026-08-07T20:57:20+00:00,2026-08-07T20:57:20+00:00
1482,Katavi Region,218,2026-08-07T20:57:20+00:00,2026-08-07T20:57:20+00:00
1483,Lindi Region,218,2026-08-07T20:57:20+00:00,2026-08-07T20:57:20+00:00
1484,Manyara Region,218,2026-08-07T20:57:20+00:00,2026-08-07T20:57:20+00:00
1485,Pwani Region,218,2026-08-07T20:57:20+00:00,2026-08-07T20:57:20+00:00
1486,Ruvuma Region,218,2026-08-07T20:57:20+00:00,2026-08-07T20:57:20+00:00
1487,Tanga Region,218,2026-08-07T20:57:20+00:00,2026-08-07T20:57:20+00:00
1488,North Pemba Region,218,2026-08-07T20:57:20+00:00,2026-08-07T20:57:20+00:00
1489,Iringa Region,218,2026-08-07T20:57:20+00:00,2026-08-07T20:57:20+00:00
1490,Dar es Salaam Region,218,2026-08-07T20:57:20+00:00,2026-08-07T20:57:20+00:00
1491,Arusha Region,218,2026-08-07T20:57:20+00:00,2026-08-07T20:57:20+00:00
1492,Eastern Finland Province,74,2026-08-07T20:57:20+00:00,2026-08-07T20:57:20+00:00
1493,Tavastia Proper,74,2026-08-07T20:57:20+00:00,2026-08-07T20:57:20+00:00
1494,Central Ostrobothnia,74,2026-08-07T20:57:20+00:00,2026-08-07T20:57:20+00:00
1495,Southern Savonia,74,2026-08-07T20:57:20+00:00,2026-08-07T20:57:20+00:00
1496,Kainuu,74,2026-08-07T20:57:20+00:00,2026-08-07T20:57:20+00:00
1497,South Karelia,74,2026-08-07T20:57:20+00:00,2026-08-07T20:57:20+00:00
1498,Southern Ostrobothnia,74,2026-08-07T20:57:20+00:00,2026-08-07T20:57:20+00:00
1499,Oulu Province,74,2026-08-07T20:57:20+00:00,2026-08-07T20:57:20+00:00
1500,Lapland,74,2026-08-07T20:57:20+00:00,2026-08-07T20:57:20+00:00
1501,Satakunta,74,2026-08-07T20:57:20+00:00,2026-08-07T20:57:20+00:00
1502,Päijänne Tavastia,74,2026-08-07T20:57:20+00:00,2026-08-07T20:57:20+00:00
1503,Northern Savonia,74,2026-08-07T20:57:20+00:00,2026-08-07T20:57:20+00:00
1504,North Karelia,74,2026-08-07T20:57:20+00:00,2026-08-07T20:57:20+00:00
1505,Northern Ostrobothnia,74,2026-08-07T20:57:20+00:00,2026-08-07T20:57:20+00:00
1506,Pirkanmaa,74,2026-08-07T20:57:20+00:00,2026-08-07T20:57:20+00:00
1507,Finland Proper,74,2026-08-07T20:57:20+00:00,2026-08-07T20:57:20+00:00
1508,Ostrobothnia,74,2026-08-07T20:57:20+00:00,2026-08-07T20:57:20+00:00
1509,Åland Islands,74,2026-08-07T20:57:20+00:00,2026-08-07T20:57:20+00:00
1510,Uusimaa,74,2026-08-07T20:57:20+00:00,2026-08-07T20:57:20+00:00
1511,Central Finland,74,2026-08-07T20:57:20+00:00,2026-08-07T20:57:20+00:00
1512,Kymenlaakso,74,2026-08-07T20:57:20+00:00,2026-08-07T20:57:20+00:00
1513,Canton of Diekirch,127,2026-08-07T20:57:20+00:00,2026-08-07T20:57:20+00:00
1514,Luxembourg District,127,2026-08-07T20:57:20+00:00,2026-08-07T20:57:20+00:00
1515,Canton of Echternach,127,2026-08-07T20:57:20+00:00,2026-08-07T20:57:20+00:00
1516,Canton of Redange,127,2026-08-07T20:57:20+00:00,2026-08-07T20:57:20+00:00
1517,Canton of Esch-sur-Alzette,127,2026-08-07T20:57:20+00:00,2026-08-07T20:57:20+00:00
1518,Canton of Capellen,127,2026-08-07T20:57:20+00:00,2026-08-07T20:57:20+00:00
1519,Canton of Remich,127,2026-08-07T20:57:20+00:00,2026-08-07T20:57:20+00:00
1520,Grevenmacher District,127,2026-08-07T20:57:20+00:00,2026-08-07T20:57:20+00:00
1521,Canton of Clervaux,127,2026-08-07T20:57:20+00:00,2026-08-07T20:57:20+00:00
1522,Canton of Mersch,127,2026-08-07T20:57:20+00:00,2026-08-07T20:57:20+00:00
1523,Canton of Vianden,127,2026-08-07T20:57:20+00:00,2026-08-07T20:57:20+00:00
1524,Diekirch District,127,2026-08-07T20:57:20+00:00,2026-08-07T20:57:20+00:00
1525,Canton of Grevenmacher,127,2026-08-07T20:57:20+00:00,2026-08-07T20:57:20+00:00
1526,Canton of Wiltz,127,2026-08-07T20:57:20+00:00,2026-08-07T20:57:20+00:00
1527,Canton of Luxembourg,127,2026-08-07T20:57:20+00:00,2026-08-07T20:57:20+00:00
1528,Region Zealand,59,2026-08-07T20:57:20+00:00,2026-08-07T20:57:20+00:00
1529,Region of Southern Denmark,59,2026-08-07T20:57:20+00:00,2026-08-07T20:57:20+00:00
1530,Capital Region of Denmark,59,2026-08-07T20:57:20+00:00,2026-08-07T20:57:20+00:00
1531,Central Denmark Region,59,2026-08-07T20:57:20+00:00,2026-08-07T20:57:20+00:00
1532,North Denmark Region,59,2026-08-07T20:57:20+00:00,2026-08-07T20:57:20+00:00
1533,Gävleborg County,213,2026-08-07T20:57:20+00:00,2026-08-07T20:57:20+00:00
1534,Dalarna County,213,2026-08-07T20:57:20+00:00,2026-08-07T20:57:20+00:00
1535,Värmland County,213,2026-08-07T20:57:20+00:00,2026-08-07T20:57:20+00:00
1536,Östergötland County,213,2026-08-07T20:57:20+00:00,2026-08-07T20:57:20+00:00
1537,Blekinge,213,2026-08-07T20:57:20+00:00,2026-08-07T20:57:20+00:00
1538,Norrbotten County,213,2026-08-07T20:57:20+00:00,2026-08-07T20:57:20+00:00
1539,Örebro County,213,2026-08-07T20:57:20+00:00,2026-08-07T20:57:20+00:00
1540,Södermanland County,213,2026-08-07T20:57:20+00:00,2026-08-07T20:57:20+00:00
1541,Skåne County,213,2026-08-07T20:57:20+00:00,2026-08-07T20:57:20+00:00
1542,Kronoberg County,213,2026-08-07T20:57:20+00:00,2026-08-07T20:57:20+00:00
1543,Västerbotten County,213,2026-08-07T20:57:20+00:00,2026-08-07T20:57:20+00:00
1544,Kalmar County,213,2026-08-07T20:57:20+00:00,2026-08-07T20:57:20+00:00
1545,Uppsala County,213,2026-08-07T20:57:20+00:00,2026-08-07T20:57:20+00:00
1546,Gotland County,213,2026-08-07T20:57:20+00:00,2026-08-07T20:57:20+00:00
1547,Västra Götaland County,213,2026-08-07T20:57:20+00:00,2026-08-07T20:57:20+00:00
1548,Halland County,213,2026-08-07T20:57:20+00:00,2026-08-07T20:57:20+00:00
1549,Västmanland County,213,2026-08-07T20:57:20+00:00,2026-08-07T20:57:20+00:00
1550,Jönköping County,213,2026-08-07T20:57:20+00:00,2026-08-07T20:57:20+00:00
1551,Stockholm County,213,2026-08-07T20:57:20+00:00,2026-08-07T20:57:20+00:00
1552,Västernorrland County,213,2026-08-07T20:57:20+00:00,2026-08-07T20:57:20+00:00
1553,Plungė District Municipality,126,2026-08-07T20:57:20+00:00,2026-08-07T20:57:20+00:00
1554,Šiauliai District Municipality,126,2026-08-07T20:57:20+00:00,2026-08-07T20:57:20+00:00
1555,Jurbarkas District Municipality,126,2026-08-07T20:57:20+00:00,2026-08-07T20:57:20+00:00
1556,Kaunas County,126,2026-08-07T20:57:20+00:00,2026-08-07T20:57:20+00:00
1557,Mažeikiai District Municipality,126,2026-08-07T20:57:20+00:00,2026-08-07T20:57:20+00:00
1558,Panevėžys County,126,2026-08-07T20:57:20+00:00,2026-08-07T20:57:20+00:00
1559,Elektrėnai municipality,126,2026-08-07T20:57:20+00:00,2026-08-07T20:57:20+00:00
1560,Švenčionys District Municipality,126,2026-08-07T20:57:20+00:00,2026-08-07T20:57:20+00:00
1561,Akmenė District Municipality,126,2026-08-07T20:57:20+00:00,2026-08-07T20:57:20+00:00
1562,Ignalina District Municipality,126,2026-08-07T20:57:20+00:00,2026-08-07T20:57:20+00:00
1563,Neringa Municipality,126,2026-08-07T20:57:20+00:00,2026-08-07T20:57:20+00:00
1564,Visaginas Municipality,126,2026-08-07T20:57:20+00:00,2026-08-07T20:57:20+00:00
1565,Kaunas District Municipality,126,2026-08-07T20:57:20+00:00,2026-08-07T20:57:20+00:00
1566,Biržai District Municipality,126,2026-08-07T20:57:20+00:00,2026-08-07T20:57:20+00:00
1567,Jonava District Municipality,126,2026-08-07T20:57:20+00:00,2026-08-07T20:57:20+00:00
1568,Radviliškis District Municipality,126,2026-08-07T20:57:20+00:00,2026-08-07T20:57:20+00:00
1569,Telšiai County,126,2026-08-07T20:57:20+00:00,2026-08-07T20:57:20+00:00
1570,Marijampolė County,126,2026-08-07T20:57:20+00:00,2026-08-07T20:57:20+00:00
1571,Kretinga District Municipality,126,2026-08-07T20:57:20+00:00,2026-08-07T20:57:20+00:00
1572,Tauragė District Municipality,126,2026-08-07T20:57:20+00:00,2026-08-07T20:57:20+00:00
1573,Tauragė County,126,2026-08-07T20:57:20+00:00,2026-08-07T20:57:20+00:00
1574,Alytus County,126,2026-08-07T20:57:20+00:00,2026-08-07T20:57:20+00:00
1575,Kazlų Rūda municipality,126,2026-08-07T20:57:20+00:00,2026-08-07T20:57:20+00:00
1576,Šakiai District Municipality,126,2026-08-07T20:57:20+00:00,2026-08-07T20:57:20+00:00
1577,Šalčininkai District Municipality,126,2026-08-07T20:57:20+00:00,2026-08-07T20:57:20+00:00
1578,Prienai District Municipality,126,2026-08-07T20:57:20+00:00,2026-08-07T20:57:20+00:00
1579,Druskininkai municipality,126,2026-08-07T20:57:20+00:00,2026-08-07T20:57:20+00:00
1580,Kaunas City Municipality,126,2026-08-07T20:57:20+00:00,2026-08-07T20:57:20+00:00
1581,Joniškis District Municipality,126,2026-08-07T20:57:20+00:00,2026-08-07T20:57:20+00:00
1582,Molėtai District Municipality,126,2026-08-07T20:57:20+00:00,2026-08-07T20:57:20+00:00
1583,Kaišiadorys District Municipality,126,2026-08-07T20:57:20+00:00,2026-08-07T20:57:20+00:00
1584,Kėdainiai District Municipality,126,2026-08-07T20:57:20+00:00,2026-08-07T20:57:20+00:00
1585,Kupiškis District Municipality,126,2026-08-07T20:57:20+00:00,2026-08-07T20:57:20+00:00
1586,Šiauliai County,126,2026-08-07T20:57:20+00:00,2026-08-07T20:57:20+00:00
1587,Raseiniai District Municipality,126,2026-08-07T20:57:20+00:00,2026-08-07T20:57:20+00:00
1588,Palanga City Municipality,126,2026-08-07T20:57:20+00:00,2026-08-07T20:57:20+00:00
1589,Panevėžys City Municipality,126,2026-08-07T20:57:20+00:00,2026-08-07T20:57:20+00:00
1590,Rietavas municipality,126,2026-08-07T20:57:20+00:00,2026-08-07T20:57:20+00:00
1591,Kalvarija municipality,126,2026-08-07T20:57:20+00:00,2026-08-07T20:57:20+00:00
1592,Vilnius District Municipality,126,2026-08-07T20:57:20+00:00,2026-08-07T20:57:20+00:00
1593,Trakai District Municipality,126,2026-08-07T20:57:20+00:00,2026-08-07T20:57:20+00:00
1594,Širvintos District Municipality,126,2026-08-07T20:57:20+00:00,2026-08-07T20:57:20+00:00
1595,Pakruojis District Municipality,126,2026-08-07T20:57:20+00:00,2026-08-07T20:57:20+00:00
1596,Ukmergė District Municipality,126,2026-08-07T20:57:20+00:00,2026-08-07T20:57:20+00:00
1597,Klaipeda City Municipality,126,2026-08-07T20:57:20+00:00,2026-08-07T20:57:20+00:00
1598,Utena District Municipality,126,2026-08-07T20:57:20+00:00,2026-08-07T20:57:20+00:00
1599,Alytus District Municipality,126,2026-08-07T20:57:20+00:00,2026-08-07T20:57:20+00:00
1600,Klaipėda County,126,2026-08-07T20:57:20+00:00,2026-08-07T20:57:20+00:00
1601,Vilnius County,126,2026-08-07T20:57:20+00:00,2026-08-07T20:57:20+00:00
1602,Varėna District Municipality,126,2026-08-07T20:57:20+00:00,2026-08-07T20:57:20+00:00
1603,Birštonas Municipality,126,2026-08-07T20:57:20+00:00,2026-08-07T20:57:20+00:00
1604,Klaipėda District Municipality,126,2026-08-07T20:57:20+00:00,2026-08-07T20:57:20+00:00
1605,Alytus City Municipality,126,2026-08-07T20:57:20+00:00,2026-08-07T20:57:20+00:00
1606,Vilnius City Municipality,126,2026-08-07T20:57:20+00:00,2026-08-07T20:57:20+00:00
1607,Šilutė District Municipality,126,2026-08-07T20:57:20+00:00,2026-08-07T20:57:20+00:00
1608,Telšiai District Municipality,126,2026-08-07T20:57:20+00:00,2026-08-07T20:57:20+00:00
1609,Šiauliai City Municipality,126,2026-08-07T20:57:20+00:00,2026-08-07T20:57:20+00:00
1610,Marijampolė Municipality,126,2026-08-07T20:57:20+00:00,2026-08-07T20:57:20+00:00
1611,Lazdijai District Municipality,126,2026-08-07T20:57:20+00:00,2026-08-07T20:57:20+00:00
1612,Pagėgiai municipality,126,2026-08-07T20:57:20+00:00,2026-08-07T20:57:20+00:00
1613,Šilalė District Municipality,126,2026-08-07T20:57:20+00:00,2026-08-07T20:57:20+00:00
1614,Panevėžys District Municipality,126,2026-08-07T20:57:20+00:00,2026-08-07T20:57:20+00:00
1615,Rokiškis District Municipality,126,2026-08-07T20:57:20+00:00,2026-08-07T20:57:20+00:00
1616,Pasvalys District Municipality,126,2026-08-07T20:57:20+00:00,2026-08-07T20:57:20+00:00
1617,Skuodas District Municipality,126,2026-08-07T20:57:20+00:00,2026-08-07T20:57:20+00:00
1618,Kelmė District Municipality,126,2026-08-07T20:57:20+00:00,2026-08-07T20:57:20+00:00
1619,Zarasai District Municipality,126,2026-08-07T20:57:20+00:00,2026-08-07T20:57:20+00:00
1620,Vilkaviškis District Municipality,126,2026-08-07T20:57:20+00:00,2026-08-07T20:57:20+00:00
1621,Utena County,126,2026-08-07T20:57:20+00:00,2026-08-07T20:57:20+00:00
1622,Opole Voivodeship,176,2026-08-07T20:57:20+00:00,2026-08-07T20:57:20+00:00
1623,Silesian Voivodeship,176,2026-08-07T20:57:20+00:00,2026-08-07T20:57:20+00:00
1624,Pomeranian Voivodeship,176,2026-08-07T20:57:20+00:00,2026-08-07T20:57:20+00:00
1625,Kuyavian-Pomeranian Voivodeship,176,2026-08-07T20:57:20+00:00,2026-08-07T20:57:20+00:00
1626,Podkarpackie Voivodeship,176,2026-08-07T20:57:20+00:00,2026-08-07T20:57:20+00:00
1627,Kielce,176,2026-08-07T20:57:20+00:00,2026-08-07T20:57:20+00:00
1628,Warmian-Masurian Voivodeship,176,2026-08-07T20:57:20+00:00,2026-08-07T20:57:20+00:00
1629,Lower Silesian Voivodeship,176,2026-08-07T20:57:20+00:00,2026-08-07T20:57:20+00:00
1630,Świętokrzyskie Voivodeship,176,2026-08-07T20:57:20+00:00,2026-08-07T20:57:20+00:00
1631,Lubusz Voivodeship,176,2026-08-07T20:57:20+00:00,2026-08-07T20:57:20+00:00
1632,Podlaskie Voivodeship,176,2026-08-07T20:57:20+00:00,2026-08-07T20:57:20+00:00
1633,West Pomeranian Voivodeship,176,2026-08-07T20:57:20+00:00,2026-08-07T20:57:20+00:00
1634,Greater Poland Voivodeship,176,2026-08-07T20:57:20+00:00,2026-08-07T20:57:20+00:00
1635,Lesser Poland Voivodeship,176,2026-08-07T20:57:20+00:00,2026-08-07T20:57:20+00:00
1636,Łódź Voivodeship,176,2026-08-07T20:57:20+00:00,2026-08-07T20:57:20+00:00
1637,Masovian Voivodeship,176,2026-08-07T20:57:20+00:00,2026-08-07T20:57:20+00:00
1638,Lublin Voivodeship,176,2026-08-07T20:57:20+00:00,2026-08-07T20:57:20+00:00
1639,Aargau,214,2026-08-07T20:57:20+00:00,2026-08-07T20:57:20+00:00
1640,Canton of Fribourg,214,2026-08-07T20:57:20+00:00,2026-08-07T20:57:20+00:00
1641,Basel-Landschaft,214,2026-08-07T20:57:20+00:00,2026-08-07T20:57:20+00:00
1642,Uri,214,2026-08-07T20:57:20+00:00,2026-08-07T20:57:20+00:00
1643,Ticino,214,2026-08-07T20:57:20+00:00,2026-08-07T20:57:20+00:00
1644,Canton of St. Gallen,214,2026-08-07T20:57:20+00:00,2026-08-07T20:57:20+00:00
1645,canton of Bern,214,2026-08-07T20:57:20+00:00,2026-08-07T20:57:20+00:00
1646,Canton of Zug,214,2026-08-07T20:57:20+00:00,2026-08-07T20:57:20+00:00
1647,Canton of Geneva,214,2026-08-07T20:57:20+00:00,2026-08-07T20:57:20+00:00
1648,Canton of Valais,214,2026-08-07T20:57:20+00:00,2026-08-07T20:57:20+00:00
1649,Appenzell Innerrhoden,214,2026-08-07T20:57:20+00:00,2026-08-07T20:57:20+00:00
1650,Obwalden,214,2026-08-07T20:57:20+00:00,2026-08-07T20:57:20+00:00
1651,Canton of Vaud,214,2026-08-07T20:57:20+00:00,2026-08-07T20:57:20+00:00
1652,Nidwalden,214,2026-08-07T20:57:20+00:00,2026-08-07T20:57:20+00:00
1653,Schwyz,214,2026-08-07T20:57:20+00:00,2026-08-07T20:57:20+00:00
1654,Canton of Schaffhausen,214,2026-08-07T20:57:20+00:00,2026-08-07T20:57:20+00:00
1655,Appenzell Ausserrhoden,214,2026-08-07T20:57:20+00:00,2026-08-07T20:57:20+00:00
1656,canton of Zürich,214,2026-08-07T20:57:20+00:00,2026-08-07T20:57:20+00:00
1657,Thurgau,214,2026-08-07T20:57:20+00:00,2026-08-07T20:57:20+00:00
1658,Canton of Jura,214,2026-08-07T20:57:20+00:00,2026-08-07T20:57:20+00:00
1659,Canton of Neuchâtel,214,2026-08-07T20:57:20+00:00,2026-08-07T20:57:20+00:00
1660,Graubünden,214,2026-08-07T20:57:20+00:00,2026-08-07T20:57:20+00:00
1661,Glarus,214,2026-08-07T20:57:20+00:00,2026-08-07T20:57:20+00:00
1662,Canton of Solothurn,214,2026-08-07T20:57:20+00:00,2026-08-07T20:57:20+00:00
1663,Canton of Lucerne,214,2026-08-07T20:57:20+00:00,2026-08-07T20:57:20+00:00
1664,Tuscany,107,2026-08-07T20:57:20+00:00,2026-08-07T20:57:20+00:00
1665,Province of Padua,107,2026-08-07T20:57:20+00:00,2026-08-07T20:57:20+00:00
1666,Province of Parma,107,2026-08-07T20:57:20+00:00,2026-08-07T20:57:20+00:00
1667,Libero consorzio comunale di Siracusa,107,2026-08-07T20:57:20+00:00,2026-08-07T20:57:20+00:00
1668,Metropolitan City of Palermo,107,2026-08-07T20:57:20+00:00,2026-08-07T20:57:20+00:00
1669,Campania,107,2026-08-07T20:57:20+00:00,2026-08-07T20:57:20+00:00
1670,Marche,107,2026-08-07T20:57:20+00:00,2026-08-07T20:57:20+00:00
1671,Metropolitan City of Reggio Calabria,107,2026-08-07T20:57:20+00:00,2026-08-07T20:57:20+00:00
1672,Province of Ancona,107,2026-08-07T20:57:20+00:00,2026-08-07T20:57:20+00:00
1673,Metropolitan City of Venice,107,2026-08-07T20:57:20+00:00,2026-08-07T20:57:20+00:00
1674,Province of Latina,107,2026-08-07T20:57:20+00:00,2026-08-07T20:57:20+00:00
1675,Province of Lecce,107,2026-08-07T20:57:20+00:00,2026-08-07T20:57:20+00:00
1676,Province of Pavia,107,2026-08-07T20:57:20+00:00,2026-08-07T20:57:20+00:00
1677,Province of Lecco,107,2026-08-07T20:57:20+00:00,2026-08-07T20:57:20+00:00
1678,Lazio,107,2026-08-07T20:57:20+00:00,2026-08-07T20:57:20+00:00
1679,Abruzzo,107,2026-08-07T20:57:20+00:00,2026-08-07T20:57:20+00:00
1680,Metropolitan City of Florence,107,2026-08-07T20:57:20+00:00,2026-08-07T20:57:20+00:00
1681,Province of Ascoli Piceno,107,2026-08-07T20:57:20+00:00,2026-08-07T20:57:20+00:00
1682,Metropolitan City of Cagliari,107,2026-08-07T20:57:20+00:00,2026-08-07T20:57:20+00:00
1683,Umbria,107,2026-08-07T20:57:20+00:00,2026-08-07T20:57:20+00:00
1684,Metropolitan City of Bologna,107,2026-08-07T20:57:20+00:00,2026-08-07T20:57:20+00:00
1685,Province of Pisa,107,2026-08-07T20:57:20+00:00,2026-08-07T20:57:20+00:00
1686,Province of Barletta-Andria-Trani,107,2026-08-07T20:57:20+00:00,2026-08-07T20:57:20+00:00
1687,Province of Pistoia,107,2026-08-07T20:57:20+00:00,2026-08-07T20:57:20+00:00
1688,Apulia,107,2026-08-07T20:57:20+00:00,2026-08-07T20:57:20+00:00
1689,Province of Belluno,107,2026-08-07T20:57:20+00:00,2026-08-07T20:57:20+00:00
1690,Province of Pordenone,107,2026-08-07T20:57:20+00:00,2026-08-07T20:57:20+00:00
1691,Province of Perugia,107,2026-08-07T20:57:20+00:00,2026-08-07T20:57:20+00:00
1692,Province of Avellino,107,2026-08-07T20:57:20+00:00,2026-08-07T20:57:20+00:00
1693,Pesaro and Urbino Province,107,2026-08-07T20:57:20+00:00,2026-08-07T20:57:20+00:00
1694,Province of Pescara,107,2026-08-07T20:57:20+00:00,2026-08-07T20:57:20+00:00
1695,Molise,107,2026-08-07T20:57:20+00:00,2026-08-07T20:57:20+00:00
1696,Province of Piacenza,107,2026-08-07T20:57:20+00:00,2026-08-07T20:57:20+00:00
1697,Province of Potenza,107,2026-08-07T20:57:20+00:00,2026-08-07T20:57:20+00:00
1698,Metropolitan City of Milan,107,2026-08-07T20:57:20+00:00,2026-08-07T20:57:20+00:00
1699,Metropolitan City of Genoa,107,2026-08-07T20:57:20+00:00,2026-08-07T20:57:20+00:00
1700,Province of Prato,107,2026-08-07T20:57:20+00:00,2026-08-07T20:57:20+00:00
1701,Benevento Province,107,2026-08-07T20:57:20+00:00,2026-08-07T20:57:20+00:00
1702,Piedmont,107,2026-08-07T20:57:20+00:00,2026-08-07T20:57:20+00:00
1703,Calabria,107,2026-08-07T20:57:20+00:00,2026-08-07T20:57:20+00:00
1704,Province of Bergamo,107,2026-08-07T20:57:20+00:00,2026-08-07T20:57:20+00:00
1705,Lombardy,107,2026-08-07T20:57:20+00:00,2026-08-07T20:57:20+00:00
1706,Basilicata,107,2026-08-07T20:57:20+00:00,2026-08-07T20:57:20+00:00
1707,Province of Ravenna,107,2026-08-07T20:57:20+00:00,2026-08-07T20:57:20+00:00
1708,Province of Reggio Emilia,107,2026-08-07T20:57:20+00:00,2026-08-07T20:57:20+00:00
1709,Sicily,107,2026-08-07T20:57:20+00:00,2026-08-07T20:57:20+00:00
1710,Metropolitan City of Turin,107,2026-08-07T20:57:20+00:00,2026-08-07T20:57:20+00:00
1711,Metropolitan City of Rome,107,2026-08-07T20:57:20+00:00,2026-08-07T20:57:20+00:00
1712,Province of Rieti,107,2026-08-07T20:57:20+00:00,2026-08-07T20:57:20+00:00
1713,Province of Rimini,107,2026-08-07T20:57:20+00:00,2026-08-07T20:57:20+00:00
1714,Province of Brindisi,107,2026-08-07T20:57:20+00:00,2026-08-07T20:57:20+00:00
1715,Sardinia,107,2026-08-07T20:57:20+00:00,2026-08-07T20:57:20+00:00
1716,Aosta Valley,107,2026-08-07T20:57:20+00:00,2026-08-07T20:57:20+00:00
1717,Province of Brescia,107,2026-08-07T20:57:20+00:00,2026-08-07T20:57:20+00:00
1718,Libero consorzio comunale di Caltanissetta,107,2026-08-07T20:57:20+00:00,2026-08-07T20:57:20+00:00
1719,Province of Rovigo,107,2026-08-07T20:57:20+00:00,2026-08-07T20:57:20+00:00
1720,Province of Salerno,107,2026-08-07T20:57:20+00:00,2026-08-07T20:57:20+00:00
1721,Province of Campobasso,107,2026-08-07T20:57:20+00:00,2026-08-07T20:57:20+00:00
1722,Province of Sassari,107,2026-08-07T20:57:20+00:00,2026-08-07T20:57:20+00:00
1723,Libero consorzio comunale di Enna,107,2026-08-07T20:57:20+00:00,2026-08-07T20:57:20+00:00
1724,Metropolitan City of Naples,107,2026-08-07T20:57:20+00:00,2026-08-07T20:57:20+00:00
1725,Trentino-South Tyrol,107,2026-08-07T20:57:20+00:00,2026-08-07T20:57:20+00:00
1726,Province of Verbano-Cusio-Ossola,107,2026-08-07T20:57:20+00:00,2026-08-07T20:57:20+00:00
1727,Libero consorzio comunale di Agrigento,107,2026-08-07T20:57:20+00:00,2026-08-07T20:57:20+00:00
1728,Province of Catanzaro,107,2026-08-07T20:57:20+00:00,2026-08-07T20:57:20+00:00
1729,Libero consorzio comunale di Ragusa,107,2026-08-07T20:57:20+00:00,2026-08-07T20:57:20+00:00
1730,Province of Carbonia-Iglesias,107,2026-08-07T20:57:20+00:00,2026-08-07T20:57:20+00:00
1731,Province of Caserta,107,2026-08-07T20:57:20+00:00,2026-08-07T20:57:20+00:00
1732,Province of Savona,107,2026-08-07T20:57:20+00:00,2026-08-07T20:57:20+00:00
1733,Libero consorzio comunale di Trapani,107,2026-08-07T20:57:20+00:00,2026-08-07T20:57:20+00:00
1734,Province of Siena,107,2026-08-07T20:57:20+00:00,2026-08-07T20:57:20+00:00
1735,Province of Viterbo,107,2026-08-07T20:57:20+00:00,2026-08-07T20:57:20+00:00
1736,Province of Verona,107,2026-08-07T20:57:20+00:00,2026-08-07T20:57:20+00:00
1737,Province of Vibo Valentia,107,2026-08-07T20:57:20+00:00,2026-08-07T20:57:20+00:00
1738,Province of Vicenza,107,2026-08-07T20:57:20+00:00,2026-08-07T20:57:20+00:00
1739,Province of Chieti,107,2026-08-07T20:57:20+00:00,2026-08-07T20:57:20+00:00
1740,Province of Como,107,2026-08-07T20:57:20+00:00,2026-08-07T20:57:20+00:00
1741,Province of Sondrio,107,2026-08-07T20:57:20+00:00,2026-08-07T20:57:20+00:00
1742,Province of Cosenza,107,2026-08-07T20:57:20+00:00,2026-08-07T20:57:20+00:00
1743,Province of Taranto,107,2026-08-07T20:57:20+00:00,2026-08-07T20:57:20+00:00
1744,Province of Fermo,107,2026-08-07T20:57:20+00:00,2026-08-07T20:57:20+00:00
1745,Province of Livorno,107,2026-08-07T20:57:20+00:00,2026-08-07T20:57:20+00:00
1746,Province of Ferrara,107,2026-08-07T20:57:20+00:00,2026-08-07T20:57:20+00:00
1747,Province of Lodi,107,2026-08-07T20:57:20+00:00,2026-08-07T20:57:20+00:00
1748,Trentino,107,2026-08-07T20:57:20+00:00,2026-08-07T20:57:20+00:00
1749,Province of Lucca,107,2026-08-07T20:57:20+00:00,2026-08-07T20:57:20+00:00
1750,Province of Macerata,107,2026-08-07T20:57:20+00:00,2026-08-07T20:57:20+00:00
1751,Province of Cremona,107,2026-08-07T20:57:20+00:00,2026-08-07T20:57:20+00:00
1752,Province of Teramo,107,2026-08-07T20:57:20+00:00,2026-08-07T20:57:20+00:00
1753,Veneto,107,2026-08-07T20:57:20+00:00,2026-08-07T20:57:20+00:00
1754,Province of Crotone,107,2026-08-07T20:57:20+00:00,2026-08-07T20:57:20+00:00
1755,Province of Terni,107,2026-08-07T20:57:20+00:00,2026-08-07T20:57:20+00:00
1756,Friuli–Venezia Giulia,107,2026-08-07T20:57:20+00:00,2026-08-07T20:57:20+00:00
1757,Province of Modena,107,2026-08-07T20:57:20+00:00,2026-08-07T20:57:20+00:00
1758,Province of Mantua,107,2026-08-07T20:57:20+00:00,2026-08-07T20:57:20+00:00
1759,Province of Massa and Carrara,107,2026-08-07T20:57:20+00:00,2026-08-07T20:57:20+00:00
1760,Province of Matera,107,2026-08-07T20:57:20+00:00,2026-08-07T20:57:20+00:00
1761,Province of Medio Campidano,107,2026-08-07T20:57:20+00:00,2026-08-07T20:57:20+00:00
1762,Province of Treviso,107,2026-08-07T20:57:20+00:00,2026-08-07T20:57:20+00:00
1763,Province of Trieste,107,2026-08-07T20:57:20+00:00,2026-08-07T20:57:20+00:00
1764,Province of Udine,107,2026-08-07T20:57:20+00:00,2026-08-07T20:57:20+00:00
1765,Province of Varese,107,2026-08-07T20:57:20+00:00,2026-08-07T20:57:20+00:00
1766,Metropolitan City of Catania,107,2026-08-07T20:57:20+00:00,2026-08-07T20:57:20+00:00
1767,South Tyrol,107,2026-08-07T20:57:20+00:00,2026-08-07T20:57:20+00:00
1768,Liguria,107,2026-08-07T20:57:20+00:00,2026-08-07T20:57:20+00:00
1769,Province of Monza and Brianza,107,2026-08-07T20:57:20+00:00,2026-08-07T20:57:20+00:00
1770,Metropolitan City of Messina,107,2026-08-07T20:57:20+00:00,2026-08-07T20:57:20+00:00
1771,Province of Foggia,107,2026-08-07T20:57:20+00:00,2026-08-07T20:57:20+00:00
1772,Metropolitan City of Bari,107,2026-08-07T20:57:20+00:00,2026-08-07T20:57:20+00:00
1773,Emilia-Romagna,107,2026-08-07T20:57:20+00:00,2026-08-07T20:57:20+00:00
1774,Province of Novara,107,2026-08-07T20:57:20+00:00,2026-08-07T20:57:20+00:00
1775,Province of Cuneo,107,2026-08-07T20:57:20+00:00,2026-08-07T20:57:20+00:00
1776,Province of Frosinone,107,2026-08-07T20:57:20+00:00,2026-08-07T20:57:20+00:00
1777,Province of Gorizia,107,2026-08-07T20:57:20+00:00,2026-08-07T20:57:20+00:00
1778,Province of Biella,107,2026-08-07T20:57:20+00:00,2026-08-07T20:57:20+00:00
1779,Province of Forlì-Cesena,107,2026-08-07T20:57:20+00:00,2026-08-07T20:57:20+00:00
1780,Province of Asti,107,2026-08-07T20:57:20+00:00,2026-08-07T20:57:20+00:00
1781,Province of L'Aquila,107,2026-08-07T20:57:20+00:00,2026-08-07T20:57:20+00:00
1782,Province of Ogliastra,107,2026-08-07T20:57:20+00:00,2026-08-07T20:57:20+00:00
1783,Province of Alessandria,107,2026-08-07T20:57:20+00:00,2026-08-07T20:57:20+00:00
1784,Province of Olbia-Tempio,107,2026-08-07T20:57:20+00:00,2026-08-07T20:57:20+00:00
1785,Province of Vercelli,107,2026-08-07T20:57:20+00:00,2026-08-07T20:57:20+00:00
1786,Province of Oristano,107,2026-08-07T20:57:20+00:00,2026-08-07T20:57:20+00:00
1787,Province of Grosseto,107,2026-08-07T20:57:20+00:00,2026-08-07T20:57:20+00:00
1788,Province of Imperia,107,2026-08-07T20:57:20+00:00,2026-08-07T20:57:20+00:00
1789,Province of Isernia,107,2026-08-07T20:57:20+00:00,2026-08-07T20:57:20+00:00
1790,Province of Nuoro,107,2026-08-07T20:57:20+00:00,2026-08-07T20:57:20+00:00
1791,Province of La Spezia,107,2026-08-07T20:57:20+00:00,2026-08-07T20:57:20+00:00
1792,North Sumatra,102,2026-08-07T20:57:20+00:00,2026-08-07T20:57:20+00:00
1793,Bengkulu,102,2026-08-07T20:57:20+00:00,2026-08-07T20:57:20+00:00
1794,Central Kalimantan,102,2026-08-07T20:57:20+00:00,2026-08-07T20:57:20+00:00
1795,South Sulawesi,102,2026-08-07T20:57:20+00:00,2026-08-07T20:57:20+00:00
1796,Southeast Sulawesi,102,2026-08-07T20:57:20+00:00,2026-08-07T20:57:20+00:00
1797,Sumatra,102,2026-08-07T20:57:20+00:00,2026-08-07T20:57:20+00:00
1798,Papua,102,2026-08-07T20:57:20+00:00,2026-08-07T20:57:20+00:00
1799,West Papua,102,2026-08-07T20:57:20+00:00,2026-08-07T20:57:20+00:00
1800,Maluku,102,2026-08-07T20:57:20+00:00,2026-08-07T20:57:20+00:00
1801,North Maluku,102,2026-08-07T20:57:20+00:00,2026-08-07T20:57:20+00:00
1802,Central Java,102,2026-08-07T20:57:20+00:00,2026-08-07T20:57:20+00:00
1803,Sulawesi,102,2026-08-07T20:57:20+00:00,2026-08-07T20:57:20+00:00
1804,East Kalimantan,102,2026-08-07T20:57:20+00:00,2026-08-07T20:57:20+00:00
1805,Jakarta,102,2026-08-07T20:57:20+00:00,2026-08-07T20:57:20+00:00
1806,Kalimantan,102,2026-08-07T20:57:20+00:00,2026-08-07T20:57:20+00:00
1807,Riau Islands,102,2026-08-07T20:57:20+00:00,2026-08-07T20:57:20+00:00
1808,North Sulawesi,102,2026-08-07T20:57:20+00:00,2026-08-07T20:57:20+00:00
1809,Riau,102,2026-08-07T20:57:20+00:00,2026-08-07T20:57:20+00:00
1810,Banten,102,2026-08-07T20:57:20+00:00,2026-08-07T20:57:20+00:00
1811,Lampung,102,2026-08-07T20:57:20+00:00,2026-08-07T20:57:20+00:00
1812,Gorontalo,102,2026-08-07T20:57:20+00:00,2026-08-07T20:57:20+00:00
1813,Central Sulawesi,102,2026-08-07T20:57:20+00:00,2026-08-07T20:57:20+00:00
1814,West Nusa Tenggara,102,2026-08-07T20:57:20+00:00,2026-08-07T20:57:20+00:00
1815,Jambi,102,2026-08-07T20:57:20+00:00,2026-08-07T20:57:20+00:00
1816,South Sumatra,102,2026-08-07T20:57:20+00:00,2026-08-07T20:57:20+00:00
1817,West Sulawesi,102,2026-08-07T20:57:20+00:00,2026-08-07T20:57:20+00:00
1818,East Nusa Tenggara,102,2026-08-07T20:57:20+00:00,2026-08-07T20:57:20+00:00
1819,South Kalimantan,102,2026-08-07T20:57:20+00:00,2026-08-07T20:57:20+00:00
1820,Bangka Belitung Islands,102,2026-08-07T20:57:20+00:00,2026-08-07T20:57:20+00:00
1821,Lesser Sunda Islands,102,2026-08-07T20:57:20+00:00,2026-08-07T20:57:20+00:00
1822,Aceh,102,2026-08-07T20:57:20+00:00,2026-08-07T20:57:20+00:00
1823,Maluku Islands,102,2026-08-07T20:57:20+00:00,2026-08-07T20:57:20+00:00
1824,North Kalimantan,102,2026-08-07T20:57:20+00:00,2026-08-07T20:57:20+00:00
1825,West Java,102,2026-08-07T20:57:20+00:00,2026-08-07T20:57:20+00:00
1826,Bali,102,2026-08-07T20:57:20+00:00,2026-08-07T20:57:20+00:00
1827,East Java,102,2026-08-07T20:57:20+00:00,2026-08-07T20:57:20+00:00
1828,West Sumatra,102,2026-08-07T20:57:20+00:00,2026-08-07T20:57:20+00:00
1829,Special Region of Yogyakarta,102,2026-08-07T20:57:20+00:00,2026-08-07T20:57:20+00:00
1830,Phoenix Islands,114,2026-08-07T20:57:20+00:00,2026-08-07T20:57:20+00:00
1831,Gilbert Islands,114,2026-08-07T20:57:20+00:00,2026-08-07T20:57:20+00:00
1832,Line Islands,114,2026-08-07T20:57:20+00:00,2026-08-07T20:57:20+00:00
1833,Primorsky Krai,182,2026-08-07T20:57:20+00:00,2026-08-07T20:57:20+00:00
1834,Novgorod Oblast,182,2026-08-07T20:57:20+00:00,2026-08-07T20:57:20+00:00
1835,Jewish Autonomous Oblast,182,2026-08-07T20:57:20+00:00,2026-08-07T20:57:20+00:00
1836,Nenets Autonomous Okrug,182,2026-08-07T20:57:20+00:00,2026-08-07T20:57:20+00:00
1837,Rostov Oblast,182,2026-08-07T20:57:20+00:00,2026-08-07T20:57:20+00:00
1838,Khanty-Mansi Autonomous Okrug,182,2026-08-07T20:57:20+00:00,2026-08-07T20:57:20+00:00
1839,Magadan Oblast,182,2026-08-07T20:57:20+00:00,2026-08-07T20:57:20+00:00
1840,Krasnoyarsk Krai,182,2026-08-07T20:57:20+00:00,2026-08-07T20:57:20+00:00
1841,Republic of Karelia,182,2026-08-07T20:57:20+00:00,2026-08-07T20:57:20+00:00
1842,Republic of Buryatia,182,2026-08-07T20:57:20+00:00,2026-08-07T20:57:20+00:00
1843,Murmansk Oblast,182,2026-08-07T20:57:20+00:00,2026-08-07T20:57:20+00:00
1844,Kaluga Oblast,182,2026-08-07T20:57:20+00:00,2026-08-07T20:57:20+00:00
1845,Chelyabinsk Oblast,182,2026-08-07T20:57:20+00:00,2026-08-07T20:57:20+00:00
1846,Omsk Oblast,182,2026-08-07T20:57:20+00:00,2026-08-07T20:57:20+00:00
1847,Yamalo-Nenets Autonomous Okrug,182,2026-08-07T20:57:20+00:00,2026-08-07T20:57:20+00:00
1848,Sakha Republic,182,2026-08-07T20:57:20+00:00,2026-08-07T20:57:20+00:00
1849,Arkhangelsk,182,2026-08-07T20:57:20+00:00,2026-08-07T20:57:20+00:00
1850,Republic of Dagestan,182,2026-08-07T20:57:20+00:00,2026-08-07T20:57:20+00:00
1851,Yaroslavl Oblast,182,2026-08-07T20:57:20+00:00,2026-08-07T20:57:20+00:00
1852,Republic of Adygea,182,2026-08-07T20:57:20+00:00,2026-08-07T20:57:20+00:00
1853,Republic of North Ossetia-Alania,182,2026-08-07T20:57:20+00:00,2026-08-07T20:57:20+00:00
1854,Republic of Bashkortostan,182,2026-08-07T20:57:20+00:00,2026-08-07T20:57:20+00:00
1855,Kursk Oblast,182,2026-08-07T20:57:20+00:00,2026-08-07T20:57:20+00:00
1856,Ulyanovsk Oblast,182,2026-08-07T20:57:20+00:00,2026-08-07T20:57:20+00:00
1857,Nizhny Novgorod Oblast,182,2026-08-07T20:57:20+00:00,2026-08-07T20:57:20+00:00
1858,Amur Oblast,182,2026-08-07T20:57:20+00:00,2026-08-07T20:57:20+00:00
1859,Chukotka Autonomous Okrug,182,2026-08-07T20:57:20+00:00,2026-08-07T20:57:20+00:00
1860,Tver Oblast,182,2026-08-07T20:57:20+00:00,2026-08-07T20:57:20+00:00
1861,Republic of Tatarstan,182,2026-08-07T20:57:20+00:00,2026-08-07T20:57:20+00:00
1862,Samara Oblast,182,2026-08-07T20:57:20+00:00,2026-08-07T20:57:20+00:00
1863,Pskov Oblast,182,2026-08-07T20:57:20+00:00,2026-08-07T20:57:20+00:00
1864,Ivanovo Oblast,182,2026-08-07T20:57:20+00:00,2026-08-07T20:57:20+00:00
1865,Kamchatka Krai,182,2026-08-07T20:57:20+00:00,2026-08-07T20:57:20+00:00
1866,Astrakhan Oblast,182,2026-08-07T20:57:20+00:00,2026-08-07T20:57:20+00:00
1867,Bryansk Oblast,182,2026-08-07T20:57:20+00:00,2026-08-07T20:57:20+00:00
1868,Stavropol Krai,182,2026-08-07T20:57:20+00:00,2026-08-07T20:57:20+00:00
1869,Karachay-Cherkess Republic,182,2026-08-07T20:57:20+00:00,2026-08-07T20:57:20+00:00
1870,Mari El Republic,182,2026-08-07T20:57:20+00:00,2026-08-07T20:57:20+00:00
1871,Perm Krai,182,2026-08-07T20:57:20+00:00,2026-08-07T20:57:20+00:00
1872,Tomsk Oblast,182,2026-08-07T20:57:20+00:00,2026-08-07T20:57:20+00:00
1873,Khabarovsk Krai,182,2026-08-07T20:57:20+00:00,2026-08-07T20:57:20+00:00
1874,Vologda Oblast,182,2026-08-07T20:57:20+00:00,2026-08-07T20:57:20+00:00
1875,Sakhalin,182,2026-08-07T20:57:20+00:00,2026-08-07T20:57:20+00:00
1876,Altai Republic,182,2026-08-07T20:57:20+00:00,2026-08-07T20:57:20+00:00
1877,Republic of Khakassia,182,2026-08-07T20:57:20+00:00,2026-08-07T20:57:20+00:00
1878,Tambov Oblast,182,2026-08-07T20:57:20+00:00,2026-08-07T20:57:20+00:00
1879,Saint Petersburg,182,2026-08-07T20:57:20+00:00,2026-08-07T20:57:20+00:00
1880,Irkutsk,182,2026-08-07T20:57:20+00:00,2026-08-07T20:57:20+00:00
1881,Vladimir Oblast,182,2026-08-07T20:57:20+00:00,2026-08-07T20:57:20+00:00
1882,Moscow Oblast,182,2026-08-07T20:57:20+00:00,2026-08-07T20:57:20+00:00
1883,Republic of Kalmykia,182,2026-08-07T20:57:20+00:00,2026-08-07T20:57:20+00:00
1884,Republic of Ingushetia,182,2026-08-07T20:57:20+00:00,2026-08-07T20:57:20+00:00
1885,Smolensk Oblast,182,2026-08-07T20:57:20+00:00,2026-08-07T20:57:20+00:00
1886,Orenburg Oblast,182,2026-08-07T20:57:20+00:00,2026-08-07T20:57:20+00:00
1887,Saratov Oblast,182,2026-08-07T20:57:20+00:00,2026-08-07T20:57:20+00:00
1888,Novosibirsk,182,2026-08-07T20:57:20+00:00,2026-08-07T20:57:20+00:00
1889,Lipetsk Oblast,182,2026-08-07T20:57:20+00:00,2026-08-07T20:57:20+00:00
1890,Kirov Oblast,182,2026-08-07T20:57:20+00:00,2026-08-07T20:57:20+00:00
1891,Krasnodar Krai,182,2026-08-07T20:57:20+00:00,2026-08-07T20:57:20+00:00
1892,Kabardino-Balkar Republic,182,2026-08-07T20:57:20+00:00,2026-08-07T20:57:20+00:00
1893,Chechen Republic,182,2026-08-07T20:57:20+00:00,2026-08-07T20:57:20+00:00
1894,Sverdlovsk,182,2026-08-07T20:57:20+00:00,2026-08-07T20:57:20+00:00
1895,Tula Oblast,182,2026-08-07T20:57:20+00:00,2026-08-07T20:57:20+00:00
1896,Leningrad Oblast,182,2026-08-07T20:57:20+00:00,2026-08-07T20:57:20+00:00
1897,Kemerovo Oblast,182,2026-08-07T20:57:20+00:00,2026-08-07T20:57:20+00:00
1898,Republic of Mordovia,182,2026-08-07T20:57:20+00:00,2026-08-07T20:57:20+00:00
1899,Komi Republic,182,2026-08-07T20:57:20+00:00,2026-08-07T20:57:20+00:00
1900,Tuva Republic,182,2026-08-07T20:57:20+00:00,2026-08-07T20:57:20+00:00
1901,Moscow,182,2026-08-07T20:57:20+00:00,2026-08-07T20:57:20+00:00
1902,Kaliningrad,182,2026-08-07T20:57:20+00:00,2026-08-07T20:57:20+00:00
1903,Belgorod Oblast,182,2026-08-07T20:57:20+00:00,2026-08-07T20:57:20+00:00
1904,Zabaykalsky Krai,182,2026-08-07T20:57:20+00:00,2026-08-07T20:57:20+00:00
1905,Ryazan Oblast,182,2026-08-07T20:57:20+00:00,2026-08-07T20:57:20+00:00
1906,Voronezh Oblast,182,2026-08-07T20:57:20+00:00,2026-08-07T20:57:20+00:00
1907,Tyumen Oblast,182,2026-08-07T20:57:20+00:00,2026-08-07T20:57:20+00:00
1908,Oryol Oblast,182,2026-08-07T20:57:20+00:00,2026-08-07T20:57:20+00:00
1909,Penza Oblast,182,2026-08-07T20:57:20+00:00,2026-08-07T20:57:20+00:00
1910,Kostroma Oblast,182,2026-08-07T20:57:20+00:00,2026-08-07T20:57:20+00:00
1911,Altai Krai,182,2026-08-07T20:57:20+00:00,2026-08-07T20:57:20+00:00
1912,Sevastopol,182,2026-08-07T20:57:20+00:00,2026-08-07T20:57:20+00:00
1913,Udmurt Republic,182,2026-08-07T20:57:20+00:00,2026-08-07T20:57:20+00:00
1914,Chuvash Republic,182,2026-08-07T20:57:20+00:00,2026-08-07T20:57:20+00:00
1915,Kurgan Oblast,182,2026-08-07T20:57:20+00:00,2026-08-07T20:57:20+00:00
1916,Lomaiviti,73,2026-08-07T20:57:20+00:00,2026-08-07T20:57:20+00:00
1917,Ba,73,2026-08-07T20:57:20+00:00,2026-08-07T20:57:20+00:00
1918,Tailevu,73,2026-08-07T20:57:20+00:00,2026-08-07T20:57:20+00:00
1919,Nadroga-Navosa,73,2026-08-07T20:57:20+00:00,2026-08-07T20:57:20+00:00
1920,Rewa,73,2026-08-07T20:57:20+00:00,2026-08-07T20:57:20+00:00
1921,Northern Division,73,2026-08-07T20:57:20+00:00,2026-08-07T20:57:20+00:00
1922,Macuata,73,2026-08-07T20:57:20+00:00,2026-08-07T20:57:20+00:00
1923,Western Division,73,2026-08-07T20:57:20+00:00,2026-08-07T20:57:20+00:00
1924,Cakaudrove,73,2026-08-07T20:57:20+00:00,2026-08-07T20:57:20+00:00
1925,Serua,73,2026-08-07T20:57:20+00:00,2026-08-07T20:57:20+00:00
1926,Ra,73,2026-08-07T20:57:20+00:00,2026-08-07T20:57:20+00:00
1927,Naitasiri,73,2026-08-07T20:57:20+00:00,2026-08-07T20:57:20+00:00
1928,Namosi,73,2026-08-07T20:57:20+00:00,2026-08-07T20:57:20+00:00
1929,Central Division,73,2026-08-07T20:57:20+00:00,2026-08-07T20:57:20+00:00
1930,Bua,73,2026-08-07T20:57:20+00:00,2026-08-07T20:57:20+00:00
1931,Rotuma,73,2026-08-07T20:57:20+00:00,2026-08-07T20:57:20+00:00
1932,Eastern Division,73,2026-08-07T20:57:20+00:00,2026-08-07T20:57:20+00:00
1933,Lau,73,2026-08-07T20:57:20+00:00,2026-08-07T20:57:20+00:00
1934,Kadavu,73,2026-08-07T20:57:20+00:00,2026-08-07T20:57:20+00:00
1935,Labuan,132,2026-08-07T20:57:20+00:00,2026-08-07T20:57:20+00:00
1936,Sabah,132,2026-08-07T20:57:20+00:00,2026-08-07T20:57:20+00:00
1937,Sarawak,132,2026-08-07T20:57:20+00:00,2026-08-07T20:57:20+00:00
1938,Perlis,132,2026-08-07T20:57:20+00:00,2026-08-07T20:57:20+00:00
1939,Penang,132,2026-08-07T20:57:20+00:00,2026-08-07T20:57:20+00:00
1940,Pahang,132,2026-08-07T20:57:20+00:00,2026-08-07T20:57:20+00:00
1941,Melaka,132,2026-08-07T20:57:20+00:00,2026-08-07T20:57:20+00:00
1942,Terengganu,132,2026-08-07T20:57:20+00:00,2026-08-07T20:57:20+00:00
1943,Perak,132,2026-08-07T20:57:20+00:00,2026-08-07T20:57:20+00:00
1944,Selangor,132,2026-08-07T20:57:20+00:00,2026-08-07T20:57:20+00:00
1945,Putrajaya,132,2026-08-07T20:57:20+00:00,2026-08-07T20:57:20+00:00
1946,Kelantan,132,2026-08-07T20:57:20+00:00,2026-08-07T20:57:20+00:00
1947,Kedah,132,2026-08-07T20:57:20+00:00,2026-08-07T20:57:20+00:00
1948,Negeri Sembilan,132,2026-08-07T20:57:20+00:00,2026-08-07T20:57:20+00:00
1949,Kuala Lumpur,132,2026-08-07T20:57:20+00:00,2026-08-07T20:57:20+00:00
1950,Johor,132,2026-08-07T20:57:20+00:00,2026-08-07T20:57:20+00:00
1951,Mashonaland East Province,247,2026-08-07T20:57:20+00:00,2026-08-07T20:57:20+00:00
1952,Matabeleland South Province,247,2026-08-07T20:57:20+00:00,2026-08-07T20:57:20+00:00
1953,Mashonaland West Province,247,2026-08-07T20:57:20+00:00,2026-08-07T20:57:20+00:00
1954,Matabeleland North Province,247,2026-08-07T20:57:20+00:00,2026-08-07T20:57:20+00:00
1955,Mashonaland Central Province,247,2026-08-07T20:57:20+00:00,2026-08-07T20:57:20+00:00
1956,Bulawayo Province,247,2026-08-07T20:57:20+00:00,2026-08-07T20:57:20+00:00
1957,Midlands Province,247,2026-08-07T20:57:20+00:00,2026-08-07T20:57:20+00:00
1958,Harare Province,247,2026-08-07T20:57:20+00:00,2026-08-07T20:57:20+00:00
1959,Manicaland,247,2026-08-07T20:57:20+00:00,2026-08-07T20:57:20+00:00
1960,Masvingo Province,247,2026-08-07T20:57:20+00:00,2026-08-07T20:57:20+00:00
1961,Bulgan Province,146,2026-08-07T20:57:20+00:00,2026-08-07T20:57:20+00:00
1962,Darkhan-Uul Province,146,2026-08-07T20:57:20+00:00,2026-08-07T20:57:20+00:00
1963,Dornod Province,146,2026-08-07T20:57:20+00:00,2026-08-07T20:57:20+00:00
1964,Khovd Province,146,2026-08-07T20:57:20+00:00,2026-08-07T20:57:20+00:00
1965,Övörkhangai Province,146,2026-08-07T20:57:20+00:00,2026-08-07T20:57:20+00:00
1966,Orkhon Province,146,2026-08-07T20:57:20+00:00,2026-08-07T20:57:20+00:00
1967,Ömnögovi Province,146,2026-08-07T20:57:20+00:00,2026-08-07T20:57:20+00:00
1968,Töv Province,146,2026-08-07T20:57:20+00:00,2026-08-07T20:57:20+00:00
1969,Bayan-Ölgii Province,146,2026-08-07T20:57:20+00:00,2026-08-07T20:57:20+00:00
1970,Dundgovi Province,146,2026-08-07T20:57:20+00:00,2026-08-07T20:57:20+00:00
1971,Uvs Province,146,2026-08-07T20:57:20+00:00,2026-08-07T20:57:20+00:00
1972,Govi-Altai Province,146,2026-08-07T20:57:20+00:00,2026-08-07T20:57:20+00:00
1973,Arkhangai Province,146,2026-08-07T20:57:20+00:00,2026-08-07T20:57:20+00:00
1974,Khentii Province,146,2026-08-07T20:57:20+00:00,2026-08-07T20:57:20+00:00
1975,Khövsgöl Province,146,2026-08-07T20:57:20+00:00,2026-08-07T20:57:20+00:00
1976,Bayankhongor Province,146,2026-08-07T20:57:20+00:00,2026-08-07T20:57:20+00:00
1977,Sükhbaatar Province,146,2026-08-07T20:57:20+00:00,2026-08-07T20:57:20+00:00
1978,Govisümber Province,146,2026-08-07T20:57:20+00:00,2026-08-07T20:57:20+00:00
1979,Zavkhan Province,146,2026-08-07T20:57:20+00:00,2026-08-07T20:57:20+00:00
1980,Selenge Province,146,2026-08-07T20:57:20+00:00,2026-08-07T20:57:20+00:00
1981,Dornogovi Province,146,2026-08-07T20:57:20+00:00,2026-08-07T20:57:20+00:00
1982,Northern Province,246,2026-08-07T20:57:20+00:00,2026-08-07T20:57:20+00:00
1983,Western Province,246,2026-08-07T20:57:20+00:00,2026-08-07T20:57:20+00:00
1984,Copperbelt Province,246,2026-08-07T20:57:20+00:00,2026-08-07T20:57:20+00:00
1985,Northwestern Province,246,2026-08-07T20:57:20+00:00,2026-08-07T20:57:20+00:00
1986,Central Province,246,2026-08-07T20:57:20+00:00,2026-08-07T20:57:20+00:00
1987,Luapula Province,246,2026-08-07T20:57:20+00:00,2026-08-07T20:57:20+00:00
1988,Lusaka Province,246,2026-08-07T20:57:20+00:00,2026-08-07T20:57:20+00:00
1989,Muchinga Province,246,2026-08-07T20:57:20+00:00,2026-08-07T20:57:20+00:00
1990,Southern Province,246,2026-08-07T20:57:20+00:00,2026-08-07T20:57:20+00:00
1991,Eastern Province,246,2026-08-07T20:57:20+00:00,2026-08-07T20:57:20+00:00
1992,Capital Governorate,18,2026-08-07T20:57:20+00:00,2026-08-07T20:57:20+00:00
1993,Southern Governorate,18,2026-08-07T20:57:20+00:00,2026-08-07T20:57:20+00:00
1994,Northern Governorate,18,2026-08-07T20:57:20+00:00,2026-08-07T20:57:20+00:00
1995,Muharraq Governorate,18,2026-08-07T20:57:20+00:00,2026-08-07T20:57:20+00:00
1996,Central Governorate,18,2026-08-07T20:57:20+00:00,2026-08-07T20:57:20+00:00
1997,Rio de Janeiro,31,2026-08-07T20:57:20+00:00,2026-08-07T20:57:20+00:00
1998,Minas Gerais,31,2026-08-07T20:57:20+00:00,2026-08-07T20:57:20+00:00
1999,Amapá,31,2026-08-07T20:57:20+00:00,2026-08-07T20:57:20+00:00
2000,Goiás,31,2026-08-07T20:57:20+00:00,2026-08-07T20:57:20+00:00
2001,Rio Grande do Sul,31,2026-08-07T20:57:20+00:00,2026-08-07T20:57:20+00:00
2002,Bahia,31,2026-08-07T20:57:20+00:00,2026-08-07T20:57:20+00:00
2003,Sergipe,31,2026-08-07T20:57:20+00:00,2026-08-07T20:57:20+00:00
2004,Amazonas,31,2026-08-07T20:57:20+00:00,2026-08-07T20:57:20+00:00
2005,Paraíba,31,2026-08-07T20:57:20+00:00,2026-08-07T20:57:20+00:00
2006,Pernambuco,31,2026-08-07T20:57:20+00:00,2026-08-07T20:57:20+00:00
2007,Alagoas,31,2026-08-07T20:57:20+00:00,2026-08-07T20:57:20+00:00
2008,Piauí,31,2026-08-07T20:57:20+00:00,2026-08-07T20:57:20+00:00
2009,Pará,31,2026-08-07T20:57:20+00:00,2026-08-07T20:57:20+00:00
2010,Mato Grosso do Sul,31,2026-08-07T20:57:20+00:00,2026-08-07T20:57:20+00:00
2011,Mato Grosso,31,2026-08-07T20:57:20+00:00,2026-08-07T20:57:20+00:00
2012,Acre,31,2026-08-07T20:57:20+00:00,2026-08-07T20:57:20+00:00
2013,Rondônia,31,2026-08-07T20:57:20+00:00,2026-08-07T20:57:20+00:00
2014,Santa Catarina,31,2026-08-07T20:57:20+00:00,2026-08-07T20:57:20+00:00
2015,Maranhão,31,2026-08-07T20:57:20+00:00,2026-08-07T20:57:20+00:00
2016,Ceará,31,2026-08-07T20:57:20+00:00,2026-08-07T20:57:20+00:00
2017,Federal District,31,2026-08-07T20:57:20+00:00,2026-08-07T20:57:20+00:00
2018,Espírito Santo,31,2026-08-07T20:57:20+00:00,2026-08-07T20:57:20+00:00
2019,Rio Grande do Norte,31,2026-08-07T20:57:20+00:00,2026-08-07T20:57:20+00:00
2020,Tocantins,31,2026-08-07T20:57:20+00:00,2026-08-07T20:57:20+00:00
2021,São Paulo,31,2026-08-07T20:57:20+00:00,2026-08-07T20:57:20+00:00
2022,Paraná,31,2026-08-07T20:57:20+00:00,2026-08-07T20:57:20+00:00
2023,Aragatsotn Region,12,2026-08-07T20:57:20+00:00,2026-08-07T20:57:20+00:00
2024,Ararat Province,12,2026-08-07T20:57:20+00:00,2026-08-07T20:57:20+00:00
2025,Vayots Dzor Region,12,2026-08-07T20:57:20+00:00,2026-08-07T20:57:20+00:00
2026,Armavir Region,12,2026-08-07T20:57:20+00:00,2026-08-07T20:57:20+00:00
2027,Syunik Province,12,2026-08-07T20:57:20+00:00,2026-08-07T20:57:20+00:00
2028,Gegharkunik Province,12,2026-08-07T20:57:20+00:00,2026-08-07T20:57:20+00:00
2029,Lori Region,12,2026-08-07T20:57:20+00:00,2026-08-07T20:57:20+00:00
2030,Yerevan,12,2026-08-07T20:57:20+00:00,2026-08-07T20:57:20+00:00
2031,Shirak Region,12,2026-08-07T20:57:20+00:00,2026-08-07T20:57:20+00:00
2032,Tavush Region,12,2026-08-07T20:57:20+00:00,2026-08-07T20:57:20+00:00
2033,Kotayk Region,12,2026-08-07T20:57:20+00:00,2026-08-07T20:57:20+00:00
2034,Cojedes,239,2026-08-07T20:57:20+00:00,2026-08-07T20:57:20+00:00
2035,Falcón,239,2026-08-07T20:57:20+00:00,2026-08-07T20:57:20+00:00
2036,Portuguesa,239,2026-08-07T20:57:20+00:00,2026-08-07T20:57:20+00:00
2037,Miranda,239,2026-08-07T20:57:20+00:00,2026-08-07T20:57:20+00:00
2038,Lara,239,2026-08-07T20:57:20+00:00,2026-08-07T20:57:20+00:00
2039,Bolívar,239,2026-08-07T20:57:20+00:00,2026-08-07T20:57:20+00:00
2040,Carabobo,239,2026-08-07T20:57:20+00:00,2026-08-07T20:57:20+00:00
2041,Yaracuy,239,2026-08-07T20:57:20+00:00,2026-08-07T20:57:20+00:00
2042,Zulia,239,2026-08-07T20:57:20+00:00,2026-08-07T20:57:20+00:00
2043,Trujillo,239,2026-08-07T20:57:20+00:00,2026-08-07T20:57:20+00:00
2044,Amazonas,239,2026-08-07T20:57:20+00:00,2026-08-07T20:57:20+00:00
2045,Guárico,239,2026-08-07T20:57:20+00:00,2026-08-07T20:57:20+00:00
2046,Federal Dependencies of Venezuela,239,2026-08-07T20:57:20+00:00,2026-08-07T20:57:20+00:00
2047,Aragua,239,2026-08-07T20:57:20+00:00,2026-08-07T20:57:20+00:00
2048,Táchira,239,2026-08-07T20:57:20+00:00,2026-08-07T20:57:20+00:00
2049,Barinas,239,2026-08-07T20:57:20+00:00,2026-08-07T20:57:20+00:00
2050,Anzoátegui,239,2026-08-07T20:57:20+00:00,2026-08-07T20:57:20+00:00
2051,Delta Amacuro,239,2026-08-07T20:57:20+00:00,2026-08-07T20:57:20+00:00
2052,Nueva Esparta,239,2026-08-07T20:57:20+00:00,2026-08-07T20:57:20+00:00
2053,Mérida,239,2026-08-07T20:57:20+00:00,2026-08-07T20:57:20+00:00
2054,Monagas,239,2026-08-07T20:57:20+00:00,2026-08-07T20:57:20+00:00
2055,Vargas,239,2026-08-07T20:57:20+00:00,2026-08-07T20:57:20+00:00
2056,Sucre,239,2026-08-07T20:57:20+00:00,2026-08-07T20:57:20+00:00
2057,Carinthia,15,2026-08-07T20:57:20+00:00,2026-08-07T20:57:20+00:00
2058,Upper Austria,15,2026-08-07T20:57:20+00:00,2026-08-07T20:57:20+00:00
2059,Styria,15,2026-08-07T20:57:20+00:00,2026-08-07T20:57:20+00:00
2060,Vienna,15,2026-08-07T20:57:20+00:00,2026-08-07T20:57:20+00:00
2061,Salzburg,15,2026-08-07T20:57:20+00:00,2026-08-07T20:57:20+00:00
2062,Burgenland,15,2026-08-07T20:57:20+00:00,2026-08-07T20:57:20+00:00
2063,Vorarlberg,15,2026-08-07T20:57:20+00:00,2026-08-07T20:57:20+00:00
2064,Tyrol,15,2026-08-07T20:57:20+00:00,2026-08-07T20:57:20+00:00
2065,Lower Austria,15,2026-08-07T20:57:20+00:00,2026-08-07T20:57:20+00:00
2066,Mid-Western Region,154,2026-08-07T20:57:20+00:00,2026-08-07T20:57:20+00:00
2067,Western Region,154,2026-08-07T20:57:20+00:00,2026-08-07T20:57:20+00:00
2068,Far-Western Development Region,154,2026-08-07T20:57:20+00:00,2026-08-07T20:57:20+00:00
2069,Eastern Development Region,154,2026-08-07T20:57:20+00:00,2026-08-07T20:57:20+00:00
2070,Mechi Zone,154,2026-08-07T20:57:20+00:00,2026-08-07T20:57:20+00:00
2071,Bheri Zone,154,2026-08-07T20:57:20+00:00,2026-08-07T20:57:20+00:00
2072,Kosi Zone,154,2026-08-07T20:57:20+00:00,2026-08-07T20:57:20+00:00
2073,Central Region,154,2026-08-07T20:57:20+00:00,2026-08-07T20:57:20+00:00
2074,Lumbini Zone,154,2026-08-07T20:57:20+00:00,2026-08-07T20:57:20+00:00
2075,Narayani Zone,154,2026-08-07T20:57:20+00:00,2026-08-07T20:57:20+00:00
2076,Janakpur Zone,154,2026-08-07T20:57:20+00:00,2026-08-07T20:57:20+00:00
2077,Rapti Zone,154,2026-08-07T20:57:20+00:00,2026-08-07T20:57:20+00:00
2078,Seti Zone,154,2026-08-07T20:57:20+00:00,2026-08-07T20:57:20+00:00
2079,Karnali Zone,154,2026-08-07T20:57:20+00:00,2026-08-07T20:57:20+00:00
2080,Dhaulagiri Zone,154,2026-08-07T20:57:20+00:00,2026-08-07T20:57:20+00:00
2081,Gandaki Zone,154,2026-08-07T20:57:20+00:00,2026-08-07T20:57:20+00:00
2082,Bagmati Zone,154,2026-08-07T20:57:20+00:00,2026-08-07T20:57:20+00:00
2083,Mahakali Zone,154,2026-08-07T20:57:20+00:00,2026-08-07T20:57:20+00:00
2084,Sagarmatha Zone,154,2026-08-07T20:57:20+00:00,2026-08-07T20:57:20+00:00
2085,Unity,206,2026-08-07T20:57:20+00:00,2026-08-07T20:57:20+00:00
2086,Upper Nile,206,2026-08-07T20:57:20+00:00,2026-08-07T20:57:20+00:00
2087,Warrap,206,2026-08-07T20:57:20+00:00,2026-08-07T20:57:20+00:00
2088,Northern Bahr el Ghazal,206,2026-08-07T20:57:20+00:00,2026-08-07T20:57:20+00:00
2089,Western Equatoria,206,2026-08-07T20:57:20+00:00,2026-08-07T20:57:20+00:00
2090,Lakes,206,2026-08-07T20:57:20+00:00,2026-08-07T20:57:20+00:00
2091,Western Bahr el Ghazal,206,2026-08-07T20:57:20+00:00,2026-08-07T20:57:20+00:00
2092,Central Equatoria,206,2026-08-07T20:57:20+00:00,2026-08-07T20:57:20+00:00
2093,Eastern Equatoria,206,2026-08-07T20:57:20+00:00,2026-08-07T20:57:20+00:00
2094,Jonglei State,206,2026-08-07T20:57:20+00:00,2026-08-07T20:57:20+00:00
2095,Karditsa Regional Unit,85,2026-08-07T20:57:20+00:00,2026-08-07T20:57:20+00:00
2096,West Greece Region,85,2026-08-07T20:57:20+00:00,2026-08-07T20:57:20+00:00
2097,Thessaloniki Regional Unit,85,2026-08-07T20:57:20+00:00,2026-08-07T20:57:20+00:00
2098,Arcadia Prefecture,85,2026-08-07T20:57:20+00:00,2026-08-07T20:57:20+00:00
2099,Imathia Regional Unit,85,2026-08-07T20:57:20+00:00,2026-08-07T20:57:20+00:00
2100,Kastoria Regional Unit,85,2026-08-07T20:57:20+00:00,2026-08-07T20:57:20+00:00
2101,Euboea,85,2026-08-07T20:57:20+00:00,2026-08-07T20:57:20+00:00
2102,Grevena Prefecture,85,2026-08-07T20:57:20+00:00,2026-08-07T20:57:20+00:00
2103,Preveza Prefecture,85,2026-08-07T20:57:20+00:00,2026-08-07T20:57:20+00:00
2104,Lefkada Regional Unit,85,2026-08-07T20:57:20+00:00,2026-08-07T20:57:20+00:00
2105,Argolis Regional Unit,85,2026-08-07T20:57:20+00:00,2026-08-07T20:57:20+00:00
2106,Laconia,85,2026-08-07T20:57:20+00:00,2026-08-07T20:57:20+00:00
2107,Pella Regional Unit,85,2026-08-07T20:57:20+00:00,2026-08-07T20:57:20+00:00
2108,West Macedonia Region,85,2026-08-07T20:57:20+00:00,2026-08-07T20:57:20+00:00
2109,Crete Region,85,2026-08-07T20:57:20+00:00,2026-08-07T20:57:20+00:00
2110,Epirus Region,85,2026-08-07T20:57:20+00:00,2026-08-07T20:57:20+00:00
2111,Kilkis Regional Unit,85,2026-08-07T20:57:20+00:00,2026-08-07T20:57:20+00:00
2112,Kozani Prefecture,85,2026-08-07T20:57:20+00:00,2026-08-07T20:57:20+00:00
2113,Ioannina Regional Unit,85,2026-08-07T20:57:20+00:00,2026-08-07T20:57:20+00:00
2114,Phthiotis Prefecture,85,2026-08-07T20:57:20+00:00,2026-08-07T20:57:20+00:00
2115,Chania Regional Unit,85,2026-08-07T20:57:20+00:00,2026-08-07T20:57:20+00:00
2116,Achaea Regional Unit,85,2026-08-07T20:57:20+00:00,2026-08-07T20:57:20+00:00
2117,East Macedonia and Thrace,85,2026-08-07T20:57:20+00:00,2026-08-07T20:57:20+00:00
2118,South Aegean,85,2026-08-07T20:57:20+00:00,2026-08-07T20:57:20+00:00
2119,Peloponnese Region,85,2026-08-07T20:57:20+00:00,2026-08-07T20:57:20+00:00
2120,East Attica Regional Unit,85,2026-08-07T20:57:20+00:00,2026-08-07T20:57:20+00:00
2121,Serres Prefecture,85,2026-08-07T20:57:20+00:00,2026-08-07T20:57:20+00:00
2122,Attica Region,85,2026-08-07T20:57:20+00:00,2026-08-07T20:57:20+00:00
2123,Aetolia-Acarnania Regional Unit,85,2026-08-07T20:57:20+00:00,2026-08-07T20:57:20+00:00
2124,Corfu Prefecture,85,2026-08-07T20:57:20+00:00,2026-08-07T20:57:20+00:00
2125,Central Macedonia,85,2026-08-07T20:57:20+00:00,2026-08-07T20:57:20+00:00
2126,Boeotia Regional Unit,85,2026-08-07T20:57:20+00:00,2026-08-07T20:57:20+00:00
2127,Kefalonia Prefecture,85,2026-08-07T20:57:20+00:00,2026-08-07T20:57:20+00:00
2128,Central Greece Region,85,2026-08-07T20:57:20+00:00,2026-08-07T20:57:20+00:00
2129,Corinthia Regional Unit,85,2026-08-07T20:57:20+00:00,2026-08-07T20:57:20+00:00
2130,Drama Regional Unit,85,2026-08-07T20:57:20+00:00,2026-08-07T20:57:20+00:00
2131,Ionian Islands Region,85,2026-08-07T20:57:20+00:00,2026-08-07T20:57:20+00:00
2132,Larissa Prefecture,85,2026-08-07T20:57:20+00:00,2026-08-07T20:57:20+00:00
2133,Kayin State,151,2026-08-07T20:57:20+00:00,2026-08-07T20:57:20+00:00
2134,Mandalay Region,151,2026-08-07T20:57:20+00:00,2026-08-07T20:57:20+00:00
2135,Yangon Region,151,2026-08-07T20:57:20+00:00,2026-08-07T20:57:20+00:00
2136,Magway Region,151,2026-08-07T20:57:20+00:00,2026-08-07T20:57:20+00:00
2137,Chin State,151,2026-08-07T20:57:20+00:00,2026-08-07T20:57:20+00:00
2138,Rakhine State,151,2026-08-07T20:57:20+00:00,2026-08-07T20:57:20+00:00
2139,Shan State,151,2026-08-07T20:57:20+00:00,2026-08-07T20:57:20+00:00
2140,Tanintharyi Region,151,2026-08-07T20:57:20+00:00,2026-08-07T20:57:20+00:00
2141,Bago,151,2026-08-07T20:57:20+00:00,2026-08-07T20:57:20+00:00
2142,Ayeyarwady Region,151,2026-08-07T20:57:20+00:00,2026-08-07T20:57:20+00:00
2143,Kachin State,151,2026-08-07T20:57:20+00:00,2026-08-07T20:57:20+00:00
2144,Kayah State,151,2026-08-07T20:57:20+00:00,2026-08-07T20:57:20+00:00
2145,Sagaing Region,151,2026-08-07T20:57:20+00:00,2026-08-07T20:57:20+00:00
2146,Naypyidaw Union Territory,151,2026-08-07T20:57:20+00:00,2026-08-07T20:57:20+00:00
2147,Mon State,151,2026-08-07T20:57:20+00:00,2026-08-07T20:57:20+00:00
2148,Bartın Province,225,2026-08-07T20:57:20+00:00,2026-08-07T20:57:20+00:00
2149,Kütahya Province,225,2026-08-07T20:57:20+00:00,2026-08-07T20:57:20+00:00
2150,Sakarya Province,225,2026-08-07T20:57:20+00:00,2026-08-07T20:57:20+00:00
2151,Edirne Province,225,2026-08-07T20:57:20+00:00,2026-08-07T20:57:20+00:00
2152,Van Province,225,2026-08-07T20:57:20+00:00,2026-08-07T20:57:20+00:00
2153,Bingöl Province,225,2026-08-07T20:57:20+00:00,2026-08-07T20:57:20+00:00
2154,Kilis Province,225,2026-08-07T20:57:20+00:00,2026-08-07T20:57:20+00:00
2155,Adıyaman Province,225,2026-08-07T20:57:20+00:00,2026-08-07T20:57:20+00:00
2156,Mersin Province,225,2026-08-07T20:57:20+00:00,2026-08-07T20:57:20+00:00
2157,Denizli Province,225,2026-08-07T20:57:20+00:00,2026-08-07T20:57:20+00:00
2158,Malatya Province,225,2026-08-07T20:57:20+00:00,2026-08-07T20:57:20+00:00
2159,Elazığ Province,225,2026-08-07T20:57:20+00:00,2026-08-07T20:57:20+00:00
2160,Erzincan Province,225,2026-08-07T20:57:20+00:00,2026-08-07T20:57:20+00:00
2161,Amasya Province,225,2026-08-07T20:57:20+00:00,2026-08-07T20:57:20+00:00
2162,Muş Province,225,2026-08-07T20:57:20+00:00,2026-08-07T20:57:20+00:00
2163,Bursa Province,225,2026-08-07T20:57:20+00:00,2026-08-07T20:57:20+00:00
2164,Eskişehir Province,225,2026-08-07T20:57:20+00:00,2026-08-07T20:57:20+00:00
2165,Erzurum Province,225,2026-08-07T20:57:20+00:00,2026-08-07T20:57:20+00:00
2166,Iğdır Province,225,2026-08-07T20:57:20+00:00,2026-08-07T20:57:20+00:00
2167,Tekirdağ Province,225,2026-08-07T20:57:20+00:00,2026-08-07T20:57:20+00:00
2168,Çankırı Province,225,2026-08-07T20:57:20+00:00,2026-08-07T20:57:20+00:00
2169,Antalya Province,225,2026-08-07T20:57:20+00:00,2026-08-07T20:57:20+00:00
2170,Istanbul Province,225,2026-08-07T20:57:20+00:00,2026-08-07T20:57:20+00:00
2171,Konya Province,225,2026-08-07T20:57:20+00:00,2026-08-07T20:57:20+00:00
2172,Bolu Province,225,2026-08-07T20:57:20+00:00,2026-08-07T20:57:20+00:00
2173,Çorum Province,225,2026-08-07T20:57:20+00:00,2026-08-07T20:57:20+00:00
2174,Ordu Province,225,2026-08-07T20:57:20+00:00,2026-08-07T20:57:20+00:00
2175,Balıkesir Province,225,2026-08-07T20:57:20+00:00,2026-08-07T20:57:20+00:00
2176,Kırklareli Province,225,2026-08-07T20:57:20+00:00,2026-08-07T20:57:20+00:00
2177,Bayburt Province,225,2026-08-07T20:57:20+00:00,2026-08-07T20:57:20+00:00
2178,Kırıkkale Province,225,2026-08-07T20:57:20+00:00,2026-08-07T20:57:20+00:00
2179,Afyonkarahisar Province,225,2026-08-07T20:57:20+00:00,2026-08-07T20:57:20+00:00
2180,Kırşehir Province,225,2026-08-07T20:57:20+00:00,2026-08-07T20:57:20+00:00
2181,Sivas Province,225,2026-08-07T20:57:20+00:00,2026-08-07T20:57:20+00:00
2182,Muğla Province,225,2026-08-07T20:57:20+00:00,2026-08-07T20:57:20+00:00
2183,Şanlıurfa Province,225,2026-08-07T20:57:20+00:00,2026-08-07T20:57:20+00:00
2184,Karaman Province,225,2026-08-07T20:57:20+00:00,2026-08-07T20:57:20+00:00
2185,Ardahan Province,225,2026-08-07T20:57:20+00:00,2026-08-07T20:57:20+00:00
2186,Giresun Province,225,2026-08-07T20:57:20+00:00,2026-08-07T20:57:20+00:00
2187,Aydın Province,225,2026-08-07T20:57:20+00:00,2026-08-07T20:57:20+00:00
2188,Yozgat Province,225,2026-08-07T20:57:20+00:00,2026-08-07T20:57:20+00:00
2189,Niğde Province,225,2026-08-07T20:57:20+00:00,2026-08-07T20:57:20+00:00
2190,Hakkâri Province,225,2026-08-07T20:57:20+00:00,2026-08-07T20:57:20+00:00
2191,Artvin Province,225,2026-08-07T20:57:20+00:00,2026-08-07T20:57:20+00:00
2192,Tunceli Province,225,2026-08-07T20:57:20+00:00,2026-08-07T20:57:20+00:00
2193,Ağrı Province,225,2026-08-07T20:57:20+00:00,2026-08-07T20:57:20+00:00
2194,Batman Province,225,2026-08-07T20:57:20+00:00,2026-08-07T20:57:20+00:00
2195,Kocaeli Province,225,2026-08-07T20:57:20+00:00,2026-08-07T20:57:20+00:00
2196,Nevşehir Province,225,2026-08-07T20:57:20+00:00,2026-08-07T20:57:20+00:00
2197,Kastamonu Province,225,2026-08-07T20:57:20+00:00,2026-08-07T20:57:20+00:00
2198,Manisa Province,225,2026-08-07T20:57:20+00:00,2026-08-07T20:57:20+00:00
2199,Tokat Province,225,2026-08-07T20:57:20+00:00,2026-08-07T20:57:20+00:00
2200,Kayseri Province,225,2026-08-07T20:57:20+00:00,2026-08-07T20:57:20+00:00
2201,Uşak Province,225,2026-08-07T20:57:20+00:00,2026-08-07T20:57:20+00:00
2202,Düzce Province,225,2026-08-07T20:57:20+00:00,2026-08-07T20:57:20+00:00
2203,Gaziantep Province,225,2026-08-07T20:57:20+00:00,2026-08-07T20:57:20+00:00
2204,Gümüşhane Province,225,2026-08-07T20:57:20+00:00,2026-08-07T20:57:20+00:00
2205,İzmir Province,225,2026-08-07T20:57:20+00:00,2026-08-07T20:57:20+00:00
2206,Trabzon Province,225,2026-08-07T20:57:20+00:00,2026-08-07T20:57:20+00:00
2207,Siirt Province,225,2026-08-07T20:57:20+00:00,2026-08-07T20:57:20+00:00
2208,Kars Province,225,2026-08-07T20:57:20+00:00,2026-08-07T20:57:20+00:00
2209,Burdur Province,225,2026-08-07T20:57:20+00:00,2026-08-07T20:57:20+00:00
2210,Aksaray Province,225,2026-08-07T20:57:20+00:00,2026-08-07T20:57:20+00:00
2211,Hatay Province,225,2026-08-07T20:57:20+00:00,2026-08-07T20:57:20+00:00
2212,Adana Province,225,2026-08-07T20:57:20+00:00,2026-08-07T20:57:20+00:00
2213,Zonguldak Province,225,2026-08-07T20:57:20+00:00,2026-08-07T20:57:20+00:00
2214,Osmaniye Province,225,2026-08-07T20:57:20+00:00,2026-08-07T20:57:20+00:00
2215,Bitlis Province,225,2026-08-07T20:57:20+00:00,2026-08-07T20:57:20+00:00
2216,Çanakkale Province,225,2026-08-07T20:57:20+00:00,2026-08-07T20:57:20+00:00
2217,Ankara Province,225,2026-08-07T20:57:20+00:00,2026-08-07T20:57:20+00:00
2218,Yalova Province,225,2026-08-07T20:57:20+00:00,2026-08-07T20:57:20+00:00
2219,Rize Province,225,2026-08-07T20:57:20+00:00,2026-08-07T20:57:20+00:00
2220,Samsun Province,225,2026-08-07T20:57:20+00:00,2026-08-07T20:57:20+00:00
2221,Bilecik Province,225,2026-08-07T20:57:20+00:00,2026-08-07T20:57:20+00:00
2222,Isparta Province,225,2026-08-07T20:57:20+00:00,2026-08-07T20:57:20+00:00
2223,Karabük Province,225,2026-08-07T20:57:20+00:00,2026-08-07T20:57:20+00:00
2224,Mardin Province,225,2026-08-07T20:57:20+00:00,2026-08-07T20:57:20+00:00
2225,Şırnak Province,225,2026-08-07T20:57:20+00:00,2026-08-07T20:57:20+00:00
2226,Diyarbakır Province,225,2026-08-07T20:57:20+00:00,2026-08-07T20:57:20+00:00
2227,Kahramanmaraş Province,225,2026-08-07T20:57:20+00:00,2026-08-07T20:57:20+00:00
2228,Lisbon District,177,2026-08-07T20:57:20+00:00,2026-08-07T20:57:20+00:00
2229,Bragança District,177,2026-08-07T20:57:20+00:00,2026-08-07T20:57:20+00:00
2230,Beja District,177,2026-08-07T20:57:20+00:00,2026-08-07T20:57:20+00:00
2231,Madeira,177,2026-08-07T20:57:20+00:00,2026-08-07T20:57:20+00:00
2232,Portalegre District,177,2026-08-07T20:57:20+00:00,2026-08-07T20:57:20+00:00
2233,Azores,177,2026-08-07T20:57:20+00:00,2026-08-07T20:57:20+00:00
2234,Vila Real District,177,2026-08-07T20:57:20+00:00,2026-08-07T20:57:20+00:00
2235,Aveiro District,177,2026-08-07T20:57:20+00:00,2026-08-07T20:57:20+00:00
2236,Évora District,177,2026-08-07T20:57:20+00:00,2026-08-07T20:57:20+00:00
2237,Viseu District,177,2026-08-07T20:57:20+00:00,2026-08-07T20:57:20+00:00
2238,Santarém District,177,2026-08-07T20:57:20+00:00,2026-08-07T20:57:20+00:00
2239,Faro District,177,2026-08-07T20:57:20+00:00,2026-08-07T20:57:20+00:00
2240,Leiria District,177,2026-08-07T20:57:20+00:00,2026-08-07T20:57:20+00:00
2241,Castelo Branco District,177,2026-08-07T20:57:20+00:00,2026-08-07T20:57:20+00:00
2242,Setúbal District,177,2026-08-07T20:57:20+00:00,2026-08-07T20:57:20+00:00
2243,Porto District,177,2026-08-07T20:57:20+00:00,2026-08-07T20:57:20+00:00
2244,Braga District,177,2026-08-07T20:57:20+00:00,2026-08-07T20:57:20+00:00
2245,Viana do Castelo District,177,2026-08-07T20:57:20+00:00,2026-08-07T20:57:20+00:00
2246,Coimbra District,177,2026-08-07T20:57:20+00:00,2026-08-07T20:57:20+00:00
2247,Zhejiang,45,2026-08-07T20:57:20+00:00,2026-08-07T20:57:20+00:00
2248,Fujian,45,2026-08-07T20:57:20+00:00,2026-08-07T20:57:20+00:00
2249,Shanghai,45,2026-08-07T20:57:20+00:00,2026-08-07T20:57:20+00:00
2250,Jiangsu,45,2026-08-07T20:57:20+00:00,2026-08-07T20:57:20+00:00
2251,Anhui,45,2026-08-07T20:57:20+00:00,2026-08-07T20:57:20+00:00
2252,Shandong,45,2026-08-07T20:57:20+00:00,2026-08-07T20:57:20+00:00
2253,Jilin,45,2026-08-07T20:57:20+00:00,2026-08-07T20:57:20+00:00
2254,Shanxi,45,2026-08-07T20:57:20+00:00,2026-08-07T20:57:20+00:00
2255,"Taiwan Province, People's Republic of China",45,2026-08-07T20:57:20+00:00,2026-08-07T20:57:20+00:00
2256,Jiangxi,45,2026-08-07T20:57:20+00:00,2026-08-07T20:57:20+00:00
2257,Beijing,45,2026-08-07T20:57:20+00:00,2026-08-07T20:57:20+00:00
2258,Hunan,45,2026-08-07T20:57:20+00:00,2026-08-07T20:57:20+00:00
2259,Henan,45,2026-08-07T20:57:20+00:00,2026-08-07T20:57:20+00:00
2260,Yunnan,45,2026-08-07T20:57:20+00:00,2026-08-07T20:57:20+00:00
2261,Guizhou,45,2026-08-07T20:57:20+00:00,2026-08-07T20:57:20+00:00
2262,Ningxia Hui Autonomous Region,45,2026-08-07T20:57:20+00:00,2026-08-07T20:57:20+00:00
2263,Xinjiang,45,2026-08-07T20:57:20+00:00,2026-08-07T20:57:20+00:00
2264,Tibet Autonomous Region,45,2026-08-07T20:57:20+00:00,2026-08-07T20:57:20+00:00
2265,Heilongjiang,45,2026-08-07T20:57:20+00:00,2026-08-07T20:57:20+00:00
2266,Macau,45,2026-08-07T20:57:20+00:00,2026-08-07T20:57:20+00:00
2267,Hong Kong,45,2026-08-07T20:57:20+00:00,2026-08-07T20:57:20+00:00
2268,Liaoning,45,2026-08-07T20:57:20+00:00,2026-08-07T20:57:20+00:00
2269,Inner Mongolia,45,2026-08-07T20:57:20+00:00,2026-08-07T20:57:20+00:00
2270,Qinghai,45,2026-08-07T20:57:20+00:00,2026-08-07T20:57:20+00:00
2271,Chongqing,45,2026-08-07T20:57:20+00:00,2026-08-07T20:57:20+00:00
2272,Shaanxi,45,2026-08-07T20:57:20+00:00,2026-08-07T20:57:20+00:00
2273,Hainan,45,2026-08-07T20:57:20+00:00,2026-08-07T20:57:20+00:00
2274,Hubei,45,2026-08-07T20:57:20+00:00,2026-08-07T20:57:20+00:00
2275,Gansu,45,2026-08-07T20:57:20+00:00,2026-08-07T20:57:20+00:00
2276,Keelung,45,2026-08-07T20:57:20+00:00,2026-08-07T20:57:20+00:00
2277,Sichuan,45,2026-08-07T20:57:20+00:00,2026-08-07T20:57:20+00:00
2278,Guangxi Zhuang Autonomous Region,45,2026-08-07T20:57:20+00:00,2026-08-07T20:57:20+00:00
2279,Guangdong,45,2026-08-07T20:57:20+00:00,2026-08-07T20:57:20+00:00
2280,Hebei,45,2026-08-07T20:57:20+00:00,2026-08-07T20:57:20+00:00
2281,South Governorate,121,2026-08-07T20:57:20+00:00,2026-08-07T20:57:20+00:00
2282,Mount Lebanon Governorate,121,2026-08-07T20:57:20+00:00,2026-08-07T20:57:20+00:00
2283,Baalbek-Hermel Governorate,121,2026-08-07T20:57:20+00:00,2026-08-07T20:57:20+00:00
2284,North Governorate,121,2026-08-07T20:57:20+00:00,2026-08-07T20:57:20+00:00
2285,Akkar Governorate,121,2026-08-07T20:57:20+00:00,2026-08-07T20:57:20+00:00
2286,Beirut Governorate,121,2026-08-07T20:57:20+00:00,2026-08-07T20:57:20+00:00
2287,Beqaa Governorate,121,2026-08-07T20:57:20+00:00,2026-08-07T20:57:20+00:00
2288,Nabatieh Governorate,121,2026-08-07T20:57:20+00:00,2026-08-07T20:57:20+00:00
2289,Isle of Wight,232,2026-08-07T20:57:20+00:00,2026-08-07T20:57:20+00:00
2290,St Helens,232,2026-08-07T20:57:20+00:00,2026-08-07T20:57:20+00:00
2291,London Borough of Brent,232,2026-08-07T20:57:20+00:00,2026-08-07T20:57:20+00:00
2292,Walsall,232,2026-08-07T20:57:20+00:00,2026-08-07T20:57:20+00:00
2293,Trafford,232,2026-08-07T20:57:20+00:00,2026-08-07T20:57:20+00:00
2294,City of Southampton,232,2026-08-07T20:57:20+00:00,2026-08-07T20:57:20+00:00
2295,Sheffield,232,2026-08-07T20:57:20+00:00,2026-08-07T20:57:20+00:00
2296,West Sussex,232,2026-08-07T20:57:20+00:00,2026-08-07T20:57:20+00:00
2297,City of Peterborough,232,2026-08-07T20:57:20+00:00,2026-08-07T20:57:20+00:00
2298,Caerphilly County Borough,232,2026-08-07T20:57:20+00:00,2026-08-07T20:57:20+00:00
2299,Vale of Glamorgan,232,2026-08-07T20:57:20+00:00,2026-08-07T20:57:20+00:00
2300,Shetland Islands,232,2026-08-07T20:57:20+00:00,2026-08-07T20:57:20+00:00
2301,Rhondda Cynon Taf,232,2026-08-07T20:57:20+00:00,2026-08-07T20:57:20+00:00
2302,Poole,232,2026-08-07T20:57:20+00:00,2026-08-07T20:57:20+00:00
2303,Central Bedfordshire,232,2026-08-07T20:57:20+00:00,2026-08-07T20:57:20+00:00
2304,Down District Council,232,2026-08-07T20:57:20+00:00,2026-08-07T20:57:20+00:00
2305,City of Portsmouth,232,2026-08-07T20:57:20+00:00,2026-08-07T20:57:20+00:00
2306,London Borough of Haringey,232,2026-08-07T20:57:20+00:00,2026-08-07T20:57:20+00:00
2307,London Borough of Bexley,232,2026-08-07T20:57:20+00:00,2026-08-07T20:57:20+00:00
2308,Rotherham,232,2026-08-07T20:57:20+00:00,2026-08-07T20:57:20+00:00
2309,Hartlepool,232,2026-08-07T20:57:20+00:00,2026-08-07T20:57:20+00:00
2310,Telford and Wrekin,232,2026-08-07T20:57:20+00:00,2026-08-07T20:57:20+00:00
2311,Belfast district,232,2026-08-07T20:57:20+00:00,2026-08-07T20:57:20+00:00
2312,Cornwall,232,2026-08-07T20:57:20+00:00,2026-08-07T20:57:20+00:00
2313,London Borough of Sutton,232,2026-08-07T20:57:20+00:00,2026-08-07T20:57:20+00:00
2314,Omagh District Council,232,2026-08-07T20:57:20+00:00,2026-08-07T20:57:20+00:00
2315,Banbridge,232,2026-08-07T20:57:20+00:00,2026-08-07T20:57:20+00:00
2316,Causeway Coast and Glens,232,2026-08-07T20:57:20+00:00,2026-08-07T20:57:20+00:00
2317,Newtownabbey Borough Council,232,2026-08-07T20:57:20+00:00,2026-08-07T20:57:20+00:00
2318,City of Leicester,232,2026-08-07T20:57:20+00:00,2026-08-07T20:57:20+00:00
2319,London Borough of Islington,232,2026-08-07T20:57:20+00:00,2026-08-07T20:57:20+00:00
2320,Metropolitan Borough of Wigan,232,2026-08-07T20:57:20+00:00,2026-08-07T20:57:20+00:00
2321,Oxfordshire,232,2026-08-07T20:57:20+00:00,2026-08-07T20:57:20+00:00
2322,Magherafelt District Council,232,2026-08-07T20:57:20+00:00,2026-08-07T20:57:20+00:00
2323,Southend-on-Sea,232,2026-08-07T20:57:20+00:00,2026-08-07T20:57:20+00:00
2324,"Armagh, Banbridge and Craigavon",232,2026-08-07T20:57:20+00:00,2026-08-07T20:57:20+00:00
2325,Perth and Kinross,232,2026-08-07T20:57:20+00:00,2026-08-07T20:57:20+00:00
2326,London Borough of Waltham Forest,232,2026-08-07T20:57:20+00:00,2026-08-07T20:57:20+00:00
2327,Rochdale,232,2026-08-07T20:57:20+00:00,2026-08-07T20:57:20+00:00
2328,Merthyr Tydfil County Borough,232,2026-08-07T20:57:20+00:00,2026-08-07T20:57:20+00:00
2329,Blackburn with Darwen,232,2026-08-07T20:57:20+00:00,2026-08-07T20:57:20+00:00
2330,Knowsley,232,2026-08-07T20:57:20+00:00,2026-08-07T20:57:20+00:00
2331,Armagh City and District Council,232,2026-08-07T20:57:20+00:00,2026-08-07T20:57:20+00:00
2332,Middlesbrough,232,2026-08-07T20:57:20+00:00,2026-08-07T20:57:20+00:00
2333,East Renfrewshire,232,2026-08-07T20:57:20+00:00,2026-08-07T20:57:20+00:00
2334,Cumbria,232,2026-08-07T20:57:20+00:00,2026-08-07T20:57:20+00:00
2335,Scotland,232,2026-08-07T20:57:20+00:00,2026-08-07T20:57:20+00:00
2336,England,232,2026-08-07T20:57:20+00:00,2026-08-07T20:57:20+00:00
2337,Northern Ireland,232,2026-08-07T20:57:20+00:00,2026-08-07T20:57:20+00:00
2338,Wales,232,2026-08-07T20:57:20+00:00,2026-08-07T20:57:20+00:00
2339,Bath and North East Somerset,232,2026-08-07T20:57:20+00:00,2026-08-07T20:57:20+00:00
2340,Liverpool,232,2026-08-07T20:57:20+00:00,2026-08-07T20:57:20+00:00
2341,Sandwell,232,2026-08-07T20:57:20+00:00,2026-08-07T20:57:20+00:00
2342,Bournemouth,232,2026-08-07T20:57:20+00:00,2026-08-07T20:57:20+00:00
2343,Isles of Scilly,232,2026-08-07T20:57:20+00:00,2026-08-07T20:57:20+00:00
2344,Falkirk,232,2026-08-07T20:57:20+00:00,2026-08-07T20:57:20+00:00
2345,Dorset,232,2026-08-07T20:57:20+00:00,2026-08-07T20:57:20+00:00
2346,Scottish Borders,232,2026-08-07T20:57:20+00:00,2026-08-07T20:57:20+00:00
2347,London Borough of Havering,232,2026-08-07T20:57:20+00:00,2026-08-07T20:57:20+00:00
2348,Moyle District Council,232,2026-08-07T20:57:20+00:00,2026-08-07T20:57:20+00:00
2349,London Borough of Camden,232,2026-08-07T20:57:20+00:00,2026-08-07T20:57:20+00:00
2350,Newry and Mourne District Council,232,2026-08-07T20:57:20+00:00,2026-08-07T20:57:20+00:00
2351,Neath Port Talbot County Borough,232,2026-08-07T20:57:20+00:00,2026-08-07T20:57:20+00:00
2352,Conwy County Borough,232,2026-08-07T20:57:20+00:00,2026-08-07T20:57:20+00:00
2353,Outer Hebrides,232,2026-08-07T20:57:20+00:00,2026-08-07T20:57:20+00:00
2354,West Lothian,232,2026-08-07T20:57:20+00:00,2026-08-07T20:57:20+00:00
2355,Lincolnshire,232,2026-08-07T20:57:20+00:00,2026-08-07T20:57:20+00:00
2356,London Borough of Barking and Dagenham,232,2026-08-07T20:57:20+00:00,2026-08-07T20:57:20+00:00
2357,City of Westminster,232,2026-08-07T20:57:20+00:00,2026-08-07T20:57:20+00:00
2358,London Borough of Lewisham,232,2026-08-07T20:57:20+00:00,2026-08-07T20:57:20+00:00
2359,City of Nottingham,232,2026-08-07T20:57:20+00:00,2026-08-07T20:57:20+00:00
2360,Moray,232,2026-08-07T20:57:20+00:00,2026-08-07T20:57:20+00:00
2361,Ballymoney,232,2026-08-07T20:57:20+00:00,2026-08-07T20:57:20+00:00
2362,South Lanarkshire,232,2026-08-07T20:57:20+00:00,2026-08-07T20:57:20+00:00
2363,Ballymena Borough,232,2026-08-07T20:57:20+00:00,2026-08-07T20:57:20+00:00
2364,Doncaster,232,2026-08-07T20:57:20+00:00,2026-08-07T20:57:20+00:00
2365,Northumberland,232,2026-08-07T20:57:20+00:00,2026-08-07T20:57:20+00:00
2366,Fermanagh and Omagh,232,2026-08-07T20:57:20+00:00,2026-08-07T20:57:20+00:00
2367,Tameside,232,2026-08-07T20:57:20+00:00,2026-08-07T20:57:20+00:00
2368,Royal Borough of Kensington and Chelsea,232,2026-08-07T20:57:20+00:00,2026-08-07T20:57:20+00:00
2369,Hertfordshire,232,2026-08-07T20:57:20+00:00,2026-08-07T20:57:20+00:00
2370,East Riding of Yorkshire,232,2026-08-07T20:57:20+00:00,2026-08-07T20:57:20+00:00
2371,Kirklees,232,2026-08-07T20:57:20+00:00,2026-08-07T20:57:20+00:00
2372,City of Sunderland,232,2026-08-07T20:57:20+00:00,2026-08-07T20:57:20+00:00
2373,Gloucestershire,232,2026-08-07T20:57:20+00:00,2026-08-07T20:57:20+00:00
2374,East Ayrshire,232,2026-08-07T20:57:20+00:00,2026-08-07T20:57:20+00:00
2375,United Kingdom,232,2026-08-07T20:57:20+00:00,2026-08-07T20:57:20+00:00
2376,London Borough of Hillingdon,232,2026-08-07T20:57:20+00:00,2026-08-07T20:57:20+00:00
2377,South Ayrshire,232,2026-08-07T20:57:20+00:00,2026-08-07T20:57:20+00:00
2378,Ascension Island,232,2026-08-07T20:57:20+00:00,2026-08-07T20:57:20+00:00
2379,Gwynedd,232,2026-08-07T20:57:20+00:00,2026-08-07T20:57:20+00:00
2380,London Borough of Hounslow,232,2026-08-07T20:57:20+00:00,2026-08-07T20:57:20+00:00
2381,Medway,232,2026-08-07T20:57:20+00:00,2026-08-07T20:57:20+00:00
2382,Limavady Borough Council,232,2026-08-07T20:57:20+00:00,2026-08-07T20:57:20+00:00
2383,Highland,232,2026-08-07T20:57:20+00:00,2026-08-07T20:57:20+00:00
2384,North East Lincolnshire,232,2026-08-07T20:57:20+00:00,2026-08-07T20:57:20+00:00
2385,London Borough of Harrow,232,2026-08-07T20:57:20+00:00,2026-08-07T20:57:20+00:00
2386,Somerset,232,2026-08-07T20:57:20+00:00,2026-08-07T20:57:20+00:00
2387,Angus,232,2026-08-07T20:57:20+00:00,2026-08-07T20:57:20+00:00
2388,Inverclyde,232,2026-08-07T20:57:20+00:00,2026-08-07T20:57:20+00:00
2389,Darlington,232,2026-08-07T20:57:20+00:00,2026-08-07T20:57:20+00:00
2390,London Borough of Tower Hamlets,232,2026-08-07T20:57:20+00:00,2026-08-07T20:57:20+00:00
2391,Wiltshire,232,2026-08-07T20:57:20+00:00,2026-08-07T20:57:20+00:00
2392,Argyll and Bute,232,2026-08-07T20:57:20+00:00,2026-08-07T20:57:20+00:00
2393,Strabane District Council,232,2026-08-07T20:57:20+00:00,2026-08-07T20:57:20+00:00
2394,Stockport,232,2026-08-07T20:57:20+00:00,2026-08-07T20:57:20+00:00
2395,Brighton and Hove,232,2026-08-07T20:57:20+00:00,2026-08-07T20:57:20+00:00
2396,London Borough of Lambeth,232,2026-08-07T20:57:20+00:00,2026-08-07T20:57:20+00:00
2397,London Borough of Redbridge,232,2026-08-07T20:57:20+00:00,2026-08-07T20:57:20+00:00
2398,Manchester,232,2026-08-07T20:57:20+00:00,2026-08-07T20:57:20+00:00
2399,Mid Ulster,232,2026-08-07T20:57:20+00:00,2026-08-07T20:57:20+00:00
2400,South Gloucestershire,232,2026-08-07T20:57:20+00:00,2026-08-07T20:57:20+00:00
2401,Aberdeenshire,232,2026-08-07T20:57:20+00:00,2026-08-07T20:57:20+00:00
2402,Monmouthshire,232,2026-08-07T20:57:20+00:00,2026-08-07T20:57:20+00:00
2403,Derbyshire,232,2026-08-07T20:57:20+00:00,2026-08-07T20:57:20+00:00
2404,Glasgow,232,2026-08-07T20:57:20+00:00,2026-08-07T20:57:20+00:00
2405,Buckinghamshire,232,2026-08-07T20:57:20+00:00,2026-08-07T20:57:20+00:00
2406,County Durham,232,2026-08-07T20:57:20+00:00,2026-08-07T20:57:20+00:00
2407,Shropshire,232,2026-08-07T20:57:20+00:00,2026-08-07T20:57:20+00:00
2408,Wirral,232,2026-08-07T20:57:20+00:00,2026-08-07T20:57:20+00:00
2409,South Tyneside,232,2026-08-07T20:57:20+00:00,2026-08-07T20:57:20+00:00
2410,Essex,232,2026-08-07T20:57:20+00:00,2026-08-07T20:57:20+00:00
2411,London Borough of Hackney,232,2026-08-07T20:57:20+00:00,2026-08-07T20:57:20+00:00
2412,Antrim and Newtownabbey,232,2026-08-07T20:57:20+00:00,2026-08-07T20:57:20+00:00
2413,City of Bristol,232,2026-08-07T20:57:20+00:00,2026-08-07T20:57:20+00:00
2414,East Sussex,232,2026-08-07T20:57:20+00:00,2026-08-07T20:57:20+00:00
2415,Dumfries and Galloway,232,2026-08-07T20:57:20+00:00,2026-08-07T20:57:20+00:00
2416,Milton Keynes,232,2026-08-07T20:57:20+00:00,2026-08-07T20:57:20+00:00
2417,Derry City Council,232,2026-08-07T20:57:20+00:00,2026-08-07T20:57:20+00:00
2418,London Borough of Newham,232,2026-08-07T20:57:20+00:00,2026-08-07T20:57:20+00:00
2419,Wokingham,232,2026-08-07T20:57:20+00:00,2026-08-07T20:57:20+00:00
2420,Warrington,232,2026-08-07T20:57:20+00:00,2026-08-07T20:57:20+00:00
2421,Stockton-on-Tees,232,2026-08-07T20:57:20+00:00,2026-08-07T20:57:20+00:00
2422,Swindon,232,2026-08-07T20:57:20+00:00,2026-08-07T20:57:20+00:00
2423,Cambridgeshire,232,2026-08-07T20:57:20+00:00,2026-08-07T20:57:20+00:00
2424,City of London,232,2026-08-07T20:57:20+00:00,2026-08-07T20:57:20+00:00
2425,Birmingham,232,2026-08-07T20:57:20+00:00,2026-08-07T20:57:20+00:00
2426,City of York,232,2026-08-07T20:57:20+00:00,2026-08-07T20:57:20+00:00
2427,Slough,232,2026-08-07T20:57:20+00:00,2026-08-07T20:57:20+00:00
2428,Edinburgh,232,2026-08-07T20:57:20+00:00,2026-08-07T20:57:20+00:00
2429,Mid and East Antrim,232,2026-08-07T20:57:20+00:00,2026-08-07T20:57:20+00:00
2430,North Somerset,232,2026-08-07T20:57:20+00:00,2026-08-07T20:57:20+00:00
2431,Gateshead,232,2026-08-07T20:57:20+00:00,2026-08-07T20:57:20+00:00
2432,London Borough of Southwark,232,2026-08-07T20:57:20+00:00,2026-08-07T20:57:20+00:00
2433,City and County of Swansea,232,2026-08-07T20:57:20+00:00,2026-08-07T20:57:20+00:00
2434,London Borough of Wandsworth,232,2026-08-07T20:57:20+00:00,2026-08-07T20:57:20+00:00
2435,Hampshire,232,2026-08-07T20:57:20+00:00,2026-08-07T20:57:20+00:00
2436,Wrexham County Borough,232,2026-08-07T20:57:20+00:00,2026-08-07T20:57:20+00:00
2437,Flintshire,232,2026-08-07T20:57:20+00:00,2026-08-07T20:57:20+00:00
2438,Coventry,232,2026-08-07T20:57:20+00:00,2026-08-07T20:57:20+00:00
2439,Carrickfergus Borough Council,232,2026-08-07T20:57:20+00:00,2026-08-07T20:57:20+00:00
2440,West Dunbartonshire,232,2026-08-07T20:57:20+00:00,2026-08-07T20:57:20+00:00
2441,Powys,232,2026-08-07T20:57:20+00:00,2026-08-07T20:57:20+00:00
2442,Cheshire West and Chester,232,2026-08-07T20:57:20+00:00,2026-08-07T20:57:20+00:00
2443,Renfrewshire,232,2026-08-07T20:57:20+00:00,2026-08-07T20:57:20+00:00
2444,Cheshire East,232,2026-08-07T20:57:20+00:00,2026-08-07T20:57:20+00:00
2445,Cookstown District Council,232,2026-08-07T20:57:20+00:00,2026-08-07T20:57:20+00:00
2446,Derry City and Strabane,232,2026-08-07T20:57:20+00:00,2026-08-07T20:57:20+00:00
2447,Staffordshire,232,2026-08-07T20:57:20+00:00,2026-08-07T20:57:20+00:00
2448,London Borough of Hammersmith and Fulham,232,2026-08-07T20:57:20+00:00,2026-08-07T20:57:20+00:00
2449,Craigavon Borough Council,232,2026-08-07T20:57:20+00:00,2026-08-07T20:57:20+00:00
2450,Clackmannanshire,232,2026-08-07T20:57:20+00:00,2026-08-07T20:57:20+00:00
2451,Blackpool,232,2026-08-07T20:57:20+00:00,2026-08-07T20:57:20+00:00
2452,Bridgend County Borough,232,2026-08-07T20:57:20+00:00,2026-08-07T20:57:20+00:00
2453,North Lincolnshire,232,2026-08-07T20:57:20+00:00,2026-08-07T20:57:20+00:00
2454,East Dunbartonshire,232,2026-08-07T20:57:20+00:00,2026-08-07T20:57:20+00:00
2455,Reading,232,2026-08-07T20:57:20+00:00,2026-08-07T20:57:20+00:00
2456,Nottinghamshire,232,2026-08-07T20:57:20+00:00,2026-08-07T20:57:20+00:00
2457,Dudley,232,2026-08-07T20:57:20+00:00,2026-08-07T20:57:20+00:00
2458,Newcastle upon Tyne,232,2026-08-07T20:57:20+00:00,2026-08-07T20:57:20+00:00
2459,Bury,232,2026-08-07T20:57:20+00:00,2026-08-07T20:57:20+00:00
2460,Lisburn and Castlereagh,232,2026-08-07T20:57:20+00:00,2026-08-07T20:57:20+00:00
2461,Coleraine Borough Council,232,2026-08-07T20:57:20+00:00,2026-08-07T20:57:20+00:00
2462,East Lothian,232,2026-08-07T20:57:20+00:00,2026-08-07T20:57:20+00:00
2463,Aberdeen,232,2026-08-07T20:57:20+00:00,2026-08-07T20:57:20+00:00
2464,Kent,232,2026-08-07T20:57:20+00:00,2026-08-07T20:57:20+00:00
2465,Wakefield,232,2026-08-07T20:57:20+00:00,2026-08-07T20:57:20+00:00
2466,Halton,232,2026-08-07T20:57:20+00:00,2026-08-07T20:57:20+00:00
2467,Suffolk,232,2026-08-07T20:57:20+00:00,2026-08-07T20:57:20+00:00
2468,Thurrock,232,2026-08-07T20:57:20+00:00,2026-08-07T20:57:20+00:00
2469,Solihull,232,2026-08-07T20:57:20+00:00,2026-08-07T20:57:20+00:00
2470,Bracknell Forest,232,2026-08-07T20:57:20+00:00,2026-08-07T20:57:20+00:00
2471,West Berkshire,232,2026-08-07T20:57:20+00:00,2026-08-07T20:57:20+00:00
2472,Rutland,232,2026-08-07T20:57:20+00:00,2026-08-07T20:57:20+00:00
2473,Norfolk,232,2026-08-07T20:57:20+00:00,2026-08-07T20:57:20+00:00
2474,Orkney Islands,232,2026-08-07T20:57:20+00:00,2026-08-07T20:57:20+00:00
2475,City of Kingston upon Hull,232,2026-08-07T20:57:20+00:00,2026-08-07T20:57:20+00:00
2476,London Borough of Enfield,232,2026-08-07T20:57:20+00:00,2026-08-07T20:57:20+00:00
2477,Oldham,232,2026-08-07T20:57:20+00:00,2026-08-07T20:57:20+00:00
2478,Torbay,232,2026-08-07T20:57:20+00:00,2026-08-07T20:57:20+00:00
2479,Fife,232,2026-08-07T20:57:20+00:00,2026-08-07T20:57:20+00:00
2480,Northamptonshire,232,2026-08-07T20:57:20+00:00,2026-08-07T20:57:20+00:00
2481,Royal Borough of Kingston upon Thames,232,2026-08-07T20:57:20+00:00,2026-08-07T20:57:20+00:00
2482,Windsor and Maidenhead,232,2026-08-07T20:57:20+00:00,2026-08-07T20:57:20+00:00
2483,London Borough of Merton,232,2026-08-07T20:57:20+00:00,2026-08-07T20:57:20+00:00
2484,Carmarthenshire,232,2026-08-07T20:57:20+00:00,2026-08-07T20:57:20+00:00
2485,City of Derby,232,2026-08-07T20:57:20+00:00,2026-08-07T20:57:20+00:00
2486,Pembrokeshire,232,2026-08-07T20:57:20+00:00,2026-08-07T20:57:20+00:00
2487,North Lanarkshire,232,2026-08-07T20:57:20+00:00,2026-08-07T20:57:20+00:00
2488,Stirling,232,2026-08-07T20:57:20+00:00,2026-08-07T20:57:20+00:00
2489,City of Wolverhampton,232,2026-08-07T20:57:20+00:00,2026-08-07T20:57:20+00:00
2490,London Borough of Bromley,232,2026-08-07T20:57:20+00:00,2026-08-07T20:57:20+00:00
2491,Devon,232,2026-08-07T20:57:20+00:00,2026-08-07T20:57:20+00:00
2492,Royal Borough of Greenwich,232,2026-08-07T20:57:20+00:00,2026-08-07T20:57:20+00:00
2493,Salford,232,2026-08-07T20:57:20+00:00,2026-08-07T20:57:20+00:00
2494,Lisburn City Council,232,2026-08-07T20:57:20+00:00,2026-08-07T20:57:20+00:00
2495,Lancashire,232,2026-08-07T20:57:20+00:00,2026-08-07T20:57:20+00:00
2496,Torfaen,232,2026-08-07T20:57:20+00:00,2026-08-07T20:57:20+00:00
2497,Denbighshire,232,2026-08-07T20:57:20+00:00,2026-08-07T20:57:20+00:00
2498,Ards,232,2026-08-07T20:57:20+00:00,2026-08-07T20:57:20+00:00
2499,Barnsley,232,2026-08-07T20:57:20+00:00,2026-08-07T20:57:20+00:00
2500,Herefordshire,232,2026-08-07T20:57:20+00:00,2026-08-07T20:57:20+00:00
2501,London Borough of Richmond upon Thames,232,2026-08-07T20:57:20+00:00,2026-08-07T20:57:20+00:00
2502,Saint Helena,232,2026-08-07T20:57:20+00:00,2026-08-07T20:57:20+00:00
2503,Leeds,232,2026-08-07T20:57:20+00:00,2026-08-07T20:57:20+00:00
2504,Bolton,232,2026-08-07T20:57:20+00:00,2026-08-07T20:57:20+00:00
2505,Warwickshire,232,2026-08-07T20:57:20+00:00,2026-08-07T20:57:20+00:00
2506,City of Stoke-on-Trent,232,2026-08-07T20:57:20+00:00,2026-08-07T20:57:20+00:00
2507,Bedford,232,2026-08-07T20:57:20+00:00,2026-08-07T20:57:20+00:00
2508,Dungannon and South Tyrone Borough Council,232,2026-08-07T20:57:20+00:00,2026-08-07T20:57:20+00:00
2509,Ceredigion,232,2026-08-07T20:57:20+00:00,2026-08-07T20:57:20+00:00
2510,Worcestershire,232,2026-08-07T20:57:20+00:00,2026-08-07T20:57:20+00:00
2511,Dundee,232,2026-08-07T20:57:20+00:00,2026-08-07T20:57:20+00:00
2512,London Borough of Croydon,232,2026-08-07T20:57:20+00:00,2026-08-07T20:57:20+00:00
2513,North Down Borough Council,232,2026-08-07T20:57:20+00:00,2026-08-07T20:57:20+00:00
2514,City of Plymouth,232,2026-08-07T20:57:20+00:00,2026-08-07T20:57:20+00:00
2515,Larne Borough Council,232,2026-08-07T20:57:20+00:00,2026-08-07T20:57:20+00:00
2516,Leicestershire,232,2026-08-07T20:57:20+00:00,2026-08-07T20:57:20+00:00
2517,Calderdale,232,2026-08-07T20:57:20+00:00,2026-08-07T20:57:20+00:00
2518,Sefton,232,2026-08-07T20:57:20+00:00,2026-08-07T20:57:20+00:00
2519,Midlothian,232,2026-08-07T20:57:20+00:00,2026-08-07T20:57:20+00:00
2520,London Borough of Barnet,232,2026-08-07T20:57:20+00:00,2026-08-07T20:57:20+00:00
2521,North Tyneside,232,2026-08-07T20:57:20+00:00,2026-08-07T20:57:20+00:00
2522,North Yorkshire,232,2026-08-07T20:57:20+00:00,2026-08-07T20:57:20+00:00
2523,Ards and North Down,232,2026-08-07T20:57:20+00:00,2026-08-07T20:57:20+00:00
2524,Newport,232,2026-08-07T20:57:20+00:00,2026-08-07T20:57:20+00:00
2525,Castlereagh,232,2026-08-07T20:57:20+00:00,2026-08-07T20:57:20+00:00
2526,Surrey,232,2026-08-07T20:57:20+00:00,2026-08-07T20:57:20+00:00
2527,Redcar and Cleveland,232,2026-08-07T20:57:20+00:00,2026-08-07T20:57:20+00:00
2528,City and County of Cardiff,232,2026-08-07T20:57:20+00:00,2026-08-07T20:57:20+00:00
2529,Bradford,232,2026-08-07T20:57:20+00:00,2026-08-07T20:57:20+00:00
2530,Blaenau Gwent County Borough,232,2026-08-07T20:57:20+00:00,2026-08-07T20:57:20+00:00
2531,Fermanagh District Council,232,2026-08-07T20:57:20+00:00,2026-08-07T20:57:20+00:00
2532,London Borough of Ealing,232,2026-08-07T20:57:20+00:00,2026-08-07T20:57:20+00:00
2533,Antrim,232,2026-08-07T20:57:20+00:00,2026-08-07T20:57:20+00:00
2534,"Newry, Mourne and Down",232,2026-08-07T20:57:20+00:00,2026-08-07T20:57:20+00:00
2535,North Ayrshire,232,2026-08-07T20:57:20+00:00,2026-08-07T20:57:20+00:00
2536,Tashkent,236,2026-08-07T20:57:20+00:00,2026-08-07T20:57:20+00:00
2537,Namangan Region,236,2026-08-07T20:57:20+00:00,2026-08-07T20:57:20+00:00
2538,Fergana Region,236,2026-08-07T20:57:20+00:00,2026-08-07T20:57:20+00:00
2539,Xorazm Region,236,2026-08-07T20:57:20+00:00,2026-08-07T20:57:20+00:00
2540,Andijan Region,236,2026-08-07T20:57:20+00:00,2026-08-07T20:57:20+00:00
2541,Bukhara Region,236,2026-08-07T20:57:20+00:00,2026-08-07T20:57:20+00:00
2542,Navoiy Region,236,2026-08-07T20:57:20+00:00,2026-08-07T20:57:20+00:00
2543,Qashqadaryo Region,236,2026-08-07T20:57:20+00:00,2026-08-07T20:57:20+00:00
2544,Samarqand Region,236,2026-08-07T20:57:20+00:00,2026-08-07T20:57:20+00:00
2545,Jizzakh Region,236,2026-08-07T20:57:20+00:00,2026-08-07T20:57:20+00:00
2546,Surxondaryo Region,236,2026-08-07T20:57:20+00:00,2026-08-07T20:57:20+00:00
2547,Sirdaryo Region,236,2026-08-07T20:57:20+00:00,2026-08-07T20:57:20+00:00
2548,Karakalpakstan,236,2026-08-07T20:57:20+00:00,2026-08-07T20:57:20+00:00
2549,Tashkent Region,236,2026-08-07T20:57:20+00:00,2026-08-07T20:57:20+00:00
2550,Ariana Governorate,224,2026-08-07T20:57:20+00:00,2026-08-07T20:57:20+00:00
2551,Bizerte Governorate,224,2026-08-07T20:57:20+00:00,2026-08-07T20:57:20+00:00
2552,Jendouba Governorate,224,2026-08-07T20:57:20+00:00,2026-08-07T20:57:20+00:00
2553,Monastir Governorate,224,2026-08-07T20:57:20+00:00,2026-08-07T20:57:20+00:00
2554,Tunis Governorate,224,2026-08-07T20:57:20+00:00,2026-08-07T20:57:20+00:00
2555,Manouba Governorate,224,2026-08-07T20:57:20+00:00,2026-08-07T20:57:20+00:00
2556,Gafsa Governorate,224,2026-08-07T20:57:20+00:00,2026-08-07T20:57:20+00:00
2557,Sfax Governorate,224,2026-08-07T20:57:20+00:00,2026-08-07T20:57:20+00:00
2558,Gabès Governorate,224,2026-08-07T20:57:20+00:00,2026-08-07T20:57:20+00:00
2559,Tataouine Governorate,224,2026-08-07T20:57:20+00:00,2026-08-07T20:57:20+00:00
2560,Medenine Governorate,224,2026-08-07T20:57:20+00:00,2026-08-07T20:57:20+00:00
2561,Kef Governorate,224,2026-08-07T20:57:20+00:00,2026-08-07T20:57:20+00:00
2562,Kebili Governorate,224,2026-08-07T20:57:20+00:00,2026-08-07T20:57:20+00:00
2563,Siliana Governorate,224,2026-08-07T20:57:20+00:00,2026-08-07T20:57:20+00:00
2564,Kairouan Governorate,224,2026-08-07T20:57:20+00:00,2026-08-07T20:57:20+00:00
2565,Zaghouan Governorate,224,2026-08-07T20:57:20+00:00,2026-08-07T20:57:20+00:00
2566,Ben Arous Governorate,224,2026-08-07T20:57:20+00:00,2026-08-07T20:57:20+00:00
2567,Sidi Bouzid Governorate,224,2026-08-07T20:57:20+00:00,2026-08-07T20:57:20+00:00
2568,Mahdia Governorate,224,2026-08-07T20:57:20+00:00,2026-08-07T20:57:20+00:00
2569,Tozeur Governorate,224,2026-08-07T20:57:20+00:00,2026-08-07T20:57:20+00:00
2570,Kasserine Governorate,224,2026-08-07T20:57:20+00:00,2026-08-07T20:57:20+00:00
2571,Sousse Governorate,224,2026-08-07T20:57:20+00:00,2026-08-07T20:57:20+00:00
2572,Kassrine,224,2026-08-07T20:57:20+00:00,2026-08-07T20:57:20+00:00
2573,Ratak Chain,137,2026-08-07T20:57:20+00:00,2026-08-07T20:57:20+00:00
2574,Ralik Chain,137,2026-08-07T20:57:20+00:00,2026-08-07T20:57:20+00:00
2575,Centrale Region,220,2026-08-07T20:57:20+00:00,2026-08-07T20:57:20+00:00
2576,Maritime,220,2026-08-07T20:57:20+00:00,2026-08-07T20:57:20+00:00
2577,Plateaux Region,220,2026-08-07T20:57:20+00:00,2026-08-07T20:57:20+00:00
2578,Savanes Region,220,2026-08-07T20:57:20+00:00,2026-08-07T20:57:20+00:00
2579,Kara Region,220,2026-08-07T20:57:20+00:00,2026-08-07T20:57:20+00:00
2580,Chuuk State,143,2026-08-07T20:57:20+00:00,2026-08-07T20:57:20+00:00
2581,Pohnpei State,143,2026-08-07T20:57:20+00:00,2026-08-07T20:57:20+00:00
2582,Yap State,143,2026-08-07T20:57:20+00:00,2026-08-07T20:57:20+00:00
2583,Kosrae State,143,2026-08-07T20:57:20+00:00,2026-08-07T20:57:20+00:00
2584,Vaavu Atoll,133,2026-08-07T20:57:20+00:00,2026-08-07T20:57:20+00:00
2585,Shaviyani Atoll,133,2026-08-07T20:57:20+00:00,2026-08-07T20:57:20+00:00
2586,Haa Alif Atoll,133,2026-08-07T20:57:20+00:00,2026-08-07T20:57:20+00:00
2587,Alif Alif Atoll,133,2026-08-07T20:57:20+00:00,2026-08-07T20:57:20+00:00
2588,North Province,133,2026-08-07T20:57:20+00:00,2026-08-07T20:57:20+00:00
2589,North Central Province,133,2026-08-07T20:57:20+00:00,2026-08-07T20:57:20+00:00
2590,Dhaalu Atoll,133,2026-08-07T20:57:20+00:00,2026-08-07T20:57:20+00:00
2591,Thaa Atoll,133,2026-08-07T20:57:20+00:00,2026-08-07T20:57:20+00:00
2592,Noonu Atoll,133,2026-08-07T20:57:20+00:00,2026-08-07T20:57:20+00:00
2593,Upper South Province,133,2026-08-07T20:57:20+00:00,2026-08-07T20:57:20+00:00
2594,Addu Atoll,133,2026-08-07T20:57:20+00:00,2026-08-07T20:57:20+00:00
2595,Gnaviyani Atoll,133,2026-08-07T20:57:20+00:00,2026-08-07T20:57:20+00:00
2596,Kaafu Atoll,133,2026-08-07T20:57:20+00:00,2026-08-07T20:57:20+00:00
2597,Haa Dhaalu Atoll,133,2026-08-07T20:57:20+00:00,2026-08-07T20:57:20+00:00
2598,Gaafu Alif Atoll,133,2026-08-07T20:57:20+00:00,2026-08-07T20:57:20+00:00
2599,Faafu Atoll,133,2026-08-07T20:57:20+00:00,2026-08-07T20:57:20+00:00
2600,Alif Dhaal Atoll,133,2026-08-07T20:57:20+00:00,2026-08-07T20:57:20+00:00
2601,Laamu Atoll,133,2026-08-07T20:57:20+00:00,2026-08-07T20:57:20+00:00
2602,Raa Atoll,133,2026-08-07T20:57:20+00:00,2026-08-07T20:57:20+00:00
2603,Gaafu Dhaalu Atoll,133,2026-08-07T20:57:20+00:00,2026-08-07T20:57:20+00:00
2604,Central Province,133,2026-08-07T20:57:20+00:00,2026-08-07T20:57:20+00:00
2605,South Province,133,2026-08-07T20:57:20+00:00,2026-08-07T20:57:20+00:00
2606,South Central Province,133,2026-08-07T20:57:20+00:00,2026-08-07T20:57:20+00:00
2607,Lhaviyani Atoll,133,2026-08-07T20:57:20+00:00,2026-08-07T20:57:20+00:00
2608,Meemu Atoll,133,2026-08-07T20:57:20+00:00,2026-08-07T20:57:20+00:00
2609,Malé,133,2026-08-07T20:57:20+00:00,2026-08-07T20:57:20+00:00
2610,Utrecht,156,2026-08-07T20:57:20+00:00,2026-08-07T20:57:20+00:00
2611,Gelderland,156,2026-08-07T20:57:20+00:00,2026-08-07T20:57:20+00:00
2612,North Holland,156,2026-08-07T20:57:20+00:00,2026-08-07T20:57:20+00:00
2613,Drenthe,156,2026-08-07T20:57:20+00:00,2026-08-07T20:57:20+00:00
2614,South Holland,156,2026-08-07T20:57:20+00:00,2026-08-07T20:57:20+00:00
2615,Limburg,156,2026-08-07T20:57:20+00:00,2026-08-07T20:57:20+00:00
2616,Sint Eustatius,156,2026-08-07T20:57:20+00:00,2026-08-07T20:57:20+00:00
2617,Groningen,156,2026-08-07T20:57:20+00:00,2026-08-07T20:57:20+00:00
2618,Overijssel,156,2026-08-07T20:57:20+00:00,2026-08-07T20:57:20+00:00
2619,Flevoland,156,2026-08-07T20:57:20+00:00,2026-08-07T20:57:20+00:00
2620,Zeeland,156,2026-08-07T20:57:20+00:00,2026-08-07T20:57:20+00:00
2621,Saba,156,2026-08-07T20:57:20+00:00,2026-08-07T20:57:20+00:00
2622,Friesland,156,2026-08-07T20:57:20+00:00,2026-08-07T20:57:20+00:00
2623,North Brabant,156,2026-08-07T20:57:20+00:00,2026-08-07T20:57:20+00:00
2624,Bonaire,156,2026-08-07T20:57:20+00:00,2026-08-07T20:57:20+00:00
2625,Savanes Region,54,2026-08-07T20:57:20+00:00,2026-08-07T20:57:20+00:00
2626,Agnéby,54,2026-08-07T20:57:20+00:00,2026-08-07T20:57:20+00:00
2627,Lagunes District,54,2026-08-07T20:57:20+00:00,2026-08-07T20:57:20+00:00
2628,Sud-Bandama,54,2026-08-07T20:57:20+00:00,2026-08-07T20:57:20+00:00
2629,Montagnes District,54,2026-08-07T20:57:20+00:00,2026-08-07T20:57:20+00:00
2630,Moyen-Comoé,54,2026-08-07T20:57:20+00:00,2026-08-07T20:57:20+00:00
2631,Marahoué Region,54,2026-08-07T20:57:20+00:00,2026-08-07T20:57:20+00:00
2632,Lacs District,54,2026-08-07T20:57:20+00:00,2026-08-07T20:57:20+00:00
2633,Fromager,54,2026-08-07T20:57:20+00:00,2026-08-07T20:57:20+00:00
2634,Abidjan,54,2026-08-07T20:57:20+00:00,2026-08-07T20:57:20+00:00
2635,Bas-Sassandra Region,54,2026-08-07T20:57:20+00:00,2026-08-07T20:57:20+00:00
2636,Bafing Region,54,2026-08-07T20:57:20+00:00,2026-08-07T20:57:20+00:00
2637,Vallée du Bandama District,54,2026-08-07T20:57:20+00:00,2026-08-07T20:57:20+00:00
2638,Haut-Sassandra,54,2026-08-07T20:57:20+00:00,2026-08-07T20:57:20+00:00
2639,Lagunes region,54,2026-08-07T20:57:20+00:00,2026-08-07T20:57:20+00:00
2640,Lacs Region,54,2026-08-07T20:57:20+00:00,2026-08-07T20:57:20+00:00
2641,Zanzan Region,54,2026-08-07T20:57:20+00:00,2026-08-07T20:57:20+00:00
2642,Denguélé Region,54,2026-08-07T20:57:20+00:00,2026-08-07T20:57:20+00:00
2643,Bas-Sassandra District,54,2026-08-07T20:57:20+00:00,2026-08-07T20:57:20+00:00
2644,Denguélé District,54,2026-08-07T20:57:20+00:00,2026-08-07T20:57:20+00:00
2645,Dix-Huit Montagnes,54,2026-08-07T20:57:20+00:00,2026-08-07T20:57:20+00:00
2646,Moyen-Cavally,54,2026-08-07T20:57:20+00:00,2026-08-07T20:57:20+00:00
2647,Vallée du Bandama Region,54,2026-08-07T20:57:20+00:00,2026-08-07T20:57:20+00:00
2648,Sassandra-Marahoué District,54,2026-08-07T20:57:20+00:00,2026-08-07T20:57:20+00:00
2649,Worodougou,54,2026-08-07T20:57:20+00:00,2026-08-07T20:57:20+00:00
2650,Woroba District,54,2026-08-07T20:57:20+00:00,2026-08-07T20:57:20+00:00
2651,Gôh-Djiboua District,54,2026-08-07T20:57:20+00:00,2026-08-07T20:57:20+00:00
2652,Sud-Comoé,54,2026-08-07T20:57:20+00:00,2026-08-07T20:57:20+00:00
2653,Yamoussoukro,54,2026-08-07T20:57:20+00:00,2026-08-07T20:57:20+00:00
2654,Comoé District,54,2026-08-07T20:57:20+00:00,2026-08-07T20:57:20+00:00
2655,N'zi-Comoé,54,2026-08-07T20:57:20+00:00,2026-08-07T20:57:20+00:00
2656,Far North,38,2026-08-07T20:57:20+00:00,2026-08-07T20:57:20+00:00
2657,Northwest,38,2026-08-07T20:57:20+00:00,2026-08-07T20:57:20+00:00
2658,Southwest,38,2026-08-07T20:57:20+00:00,2026-08-07T20:57:20+00:00
2659,South,38,2026-08-07T20:57:20+00:00,2026-08-07T20:57:20+00:00
2660,Centre,38,2026-08-07T20:57:20+00:00,2026-08-07T20:57:20+00:00
2661,East,38,2026-08-07T20:57:20+00:00,2026-08-07T20:57:20+00:00
2662,Littoral,38,2026-08-07T20:57:20+00:00,2026-08-07T20:57:20+00:00
2663,Adamawa,38,2026-08-07T20:57:20+00:00,2026-08-07T20:57:20+00:00
2664,West,38,2026-08-07T20:57:20+00:00,2026-08-07T20:57:20+00:00
2665,North,38,2026-08-07T20:57:20+00:00,2026-08-07T20:57:20+00:00
2666,Banjul,80,2026-08-07T20:57:20+00:00,2026-08-07T20:57:20+00:00
2667,West Coast Division,80,2026-08-07T20:57:20+00:00,2026-08-07T20:57:20+00:00
2668,Upper River Division,80,2026-08-07T20:57:20+00:00,2026-08-07T20:57:20+00:00
2669,Central River Division,80,2026-08-07T20:57:20+00:00,2026-08-07T20:57:20+00:00
2670,Lower River Division,80,2026-08-07T20:57:20+00:00,2026-08-07T20:57:20+00:00
2671,North Bank Division,80,2026-08-07T20:57:20+00:00,2026-08-07T20:57:20+00:00
2672,Beyla Prefecture,92,2026-08-07T20:57:20+00:00,2026-08-07T20:57:20+00:00
2673,Mandiana Prefecture,92,2026-08-07T20:57:20+00:00,2026-08-07T20:57:20+00:00
2674,Yomou Prefecture,92,2026-08-07T20:57:20+00:00,2026-08-07T20:57:20+00:00
2675,Fria Prefecture,92,2026-08-07T20:57:20+00:00,2026-08-07T20:57:20+00:00
2676,Boké Region,92,2026-08-07T20:57:20+00:00,2026-08-07T20:57:20+00:00
2677,Labé Region,92,2026-08-07T20:57:20+00:00,2026-08-07T20:57:20+00:00
2678,Nzérékoré Prefecture,92,2026-08-07T20:57:20+00:00,2026-08-07T20:57:20+00:00
2679,Dabola Prefecture,92,2026-08-07T20:57:20+00:00,2026-08-07T20:57:20+00:00
2680,Labé Prefecture,92,2026-08-07T20:57:20+00:00,2026-08-07T20:57:20+00:00
2681,Dubréka Prefecture,92,2026-08-07T20:57:20+00:00,2026-08-07T20:57:20+00:00
2682,Faranah Prefecture,92,2026-08-07T20:57:20+00:00,2026-08-07T20:57:20+00:00
2683,Forécariah Prefecture,92,2026-08-07T20:57:20+00:00,2026-08-07T20:57:20+00:00
2684,Nzérékoré Region,92,2026-08-07T20:57:20+00:00,2026-08-07T20:57:20+00:00
2685,Gaoual Prefecture,92,2026-08-07T20:57:20+00:00,2026-08-07T20:57:20+00:00
2686,Conakry,92,2026-08-07T20:57:20+00:00,2026-08-07T20:57:20+00:00
2687,Télimélé Prefecture,92,2026-08-07T20:57:20+00:00,2026-08-07T20:57:20+00:00
2688,Dinguiraye Prefecture,92,2026-08-07T20:57:20+00:00,2026-08-07T20:57:20+00:00
2689,Mamou Prefecture,92,2026-08-07T20:57:20+00:00,2026-08-07T20:57:20+00:00
2690,Lélouma Prefecture,92,2026-08-07T20:57:20+00:00,2026-08-07T20:57:20+00:00
2691,Kissidougou Prefecture,92,2026-08-07T20:57:20+00:00,2026-08-07T20:57:20+00:00
2692,Koubia Prefecture,92,2026-08-07T20:57:20+00:00,2026-08-07T20:57:20+00:00
2693,Kindia Prefecture,92,2026-08-07T20:57:20+00:00,2026-08-07T20:57:20+00:00
2694,Pita Prefecture,92,2026-08-07T20:57:20+00:00,2026-08-07T20:57:20+00:00
2695,Kouroussa Prefecture,92,2026-08-07T20:57:20+00:00,2026-08-07T20:57:20+00:00
2696,Tougué Prefecture,92,2026-08-07T20:57:20+00:00,2026-08-07T20:57:20+00:00
2697,Kankan Region,92,2026-08-07T20:57:20+00:00,2026-08-07T20:57:20+00:00
2698,Mamou Region,92,2026-08-07T20:57:20+00:00,2026-08-07T20:57:20+00:00
2699,Boffa Prefecture,92,2026-08-07T20:57:20+00:00,2026-08-07T20:57:20+00:00
2700,Mali Prefecture,92,2026-08-07T20:57:20+00:00,2026-08-07T20:57:20+00:00
2701,Kindia Region,92,2026-08-07T20:57:20+00:00,2026-08-07T20:57:20+00:00
2702,Macenta Prefecture,92,2026-08-07T20:57:20+00:00,2026-08-07T20:57:20+00:00
2703,Koundara Prefecture,92,2026-08-07T20:57:20+00:00,2026-08-07T20:57:20+00:00
2704,Kankan Prefecture,92,2026-08-07T20:57:20+00:00,2026-08-07T20:57:20+00:00
2705,Coyah Prefecture,92,2026-08-07T20:57:20+00:00,2026-08-07T20:57:20+00:00
2706,Dalaba Prefecture,92,2026-08-07T20:57:20+00:00,2026-08-07T20:57:20+00:00
2707,Siguiri Prefecture,92,2026-08-07T20:57:20+00:00,2026-08-07T20:57:20+00:00
2708,Lola Prefecture,92,2026-08-07T20:57:20+00:00,2026-08-07T20:57:20+00:00
2709,Boké Prefecture,92,2026-08-07T20:57:20+00:00,2026-08-07T20:57:20+00:00
2710,Kérouané Prefecture,92,2026-08-07T20:57:20+00:00,2026-08-07T20:57:20+00:00
2711,Guéckédou Prefecture,92,2026-08-07T20:57:20+00:00,2026-08-07T20:57:20+00:00
2712,Tombali Region,93,2026-08-07T20:57:20+00:00,2026-08-07T20:57:20+00:00
2713,Cacheu Region,93,2026-08-07T20:57:20+00:00,2026-08-07T20:57:20+00:00
2714,Biombo Region,93,2026-08-07T20:57:20+00:00,2026-08-07T20:57:20+00:00
2715,Quinara Region,93,2026-08-07T20:57:20+00:00,2026-08-07T20:57:20+00:00
2716,Sul Province,93,2026-08-07T20:57:20+00:00,2026-08-07T20:57:20+00:00
2717,Norte Province,93,2026-08-07T20:57:20+00:00,2026-08-07T20:57:20+00:00
2718,Oio Region,93,2026-08-07T20:57:20+00:00,2026-08-07T20:57:20+00:00
2719,Gabú Region,93,2026-08-07T20:57:20+00:00,2026-08-07T20:57:20+00:00
2720,Bafatá,93,2026-08-07T20:57:20+00:00,2026-08-07T20:57:20+00:00
2721,Leste Province,93,2026-08-07T20:57:20+00:00,2026-08-07T20:57:20+00:00
2722,Bolama Region,93,2026-08-07T20:57:20+00:00,2026-08-07T20:57:20+00:00
2723,Woleu-Ntem Province,79,2026-08-07T20:57:20+00:00,2026-08-07T20:57:20+00:00
2724,Ogooué-Ivindo Province,79,2026-08-07T20:57:20+00:00,2026-08-07T20:57:20+00:00
2725,Nyanga Province,79,2026-08-07T20:57:20+00:00,2026-08-07T20:57:20+00:00
2726,Haut-Ogooué Province,79,2026-08-07T20:57:20+00:00,2026-08-07T20:57:20+00:00
2727,Estuaire Province,79,2026-08-07T20:57:20+00:00,2026-08-07T20:57:20+00:00
2728,Ogooué-Maritime Province,79,2026-08-07T20:57:20+00:00,2026-08-07T20:57:20+00:00
2729,Ogooué-Lolo Province,79,2026-08-07T20:57:20+00:00,2026-08-07T20:57:20+00:00
2730,Moyen-Ogooué Province,79,2026-08-07T20:57:20+00:00,2026-08-07T20:57:20+00:00
2731,Ngounié Province,79,2026-08-07T20:57:20+00:00,2026-08-07T20:57:20+00:00
2732,Tshuapa District,51,2026-08-07T20:57:20+00:00,2026-08-07T20:57:20+00:00
2733,Tanganyika Province,51,2026-08-07T20:57:20+00:00,2026-08-07T20:57:20+00:00
2734,Haut-Uele,51,2026-08-07T20:57:20+00:00,2026-08-07T20:57:20+00:00
2735,Kasaï-Oriental,51,2026-08-07T20:57:20+00:00,2026-08-07T20:57:20+00:00
2736,Orientale Province,51,2026-08-07T20:57:20+00:00,2026-08-07T20:57:20+00:00
2737,Kasaï-Occidental,51,2026-08-07T20:57:20+00:00,2026-08-07T20:57:20+00:00
2738,South Kivu,51,2026-08-07T20:57:20+00:00,2026-08-07T20:57:20+00:00
2739,Nord-Ubangi District,51,2026-08-07T20:57:20+00:00,2026-08-07T20:57:20+00:00
2740,Kwango District,51,2026-08-07T20:57:20+00:00,2026-08-07T20:57:20+00:00
2741,Kinshasa,51,2026-08-07T20:57:20+00:00,2026-08-07T20:57:20+00:00
2742,Katanga Province,51,2026-08-07T20:57:20+00:00,2026-08-07T20:57:20+00:00
2743,Sankuru District,51,2026-08-07T20:57:20+00:00,2026-08-07T20:57:20+00:00
2744,Équateur,51,2026-08-07T20:57:20+00:00,2026-08-07T20:57:20+00:00
2745,Maniema,51,2026-08-07T20:57:20+00:00,2026-08-07T20:57:20+00:00
2746,Bas-Congo province,51,2026-08-07T20:57:20+00:00,2026-08-07T20:57:20+00:00
2747,Lomami Province,51,2026-08-07T20:57:20+00:00,2026-08-07T20:57:20+00:00
2748,Sud-Ubangi,51,2026-08-07T20:57:20+00:00,2026-08-07T20:57:20+00:00
2749,North Kivu,51,2026-08-07T20:57:20+00:00,2026-08-07T20:57:20+00:00
2750,Haut-Katanga Province,51,2026-08-07T20:57:20+00:00,2026-08-07T20:57:20+00:00
2751,Ituri Interim Administration,51,2026-08-07T20:57:20+00:00,2026-08-07T20:57:20+00:00
2752,Mongala District,51,2026-08-07T20:57:20+00:00,2026-08-07T20:57:20+00:00
2753,Bas-Uele,51,2026-08-07T20:57:20+00:00,2026-08-07T20:57:20+00:00
2754,Bandundu Province,51,2026-08-07T20:57:20+00:00,2026-08-07T20:57:20+00:00
2755,Mai-Ndombe Province,51,2026-08-07T20:57:20+00:00,2026-08-07T20:57:20+00:00
2756,Tshopo District,51,2026-08-07T20:57:20+00:00,2026-08-07T20:57:20+00:00
2757,Kasaï District,51,2026-08-07T20:57:20+00:00,2026-08-07T20:57:20+00:00
2758,Haut-Lomami District,51,2026-08-07T20:57:20+00:00,2026-08-07T20:57:20+00:00
2759,Kwilu District,51,2026-08-07T20:57:20+00:00,2026-08-07T20:57:20+00:00
2760,Cuyuni-Mazaruni,94,2026-08-07T20:57:20+00:00,2026-08-07T20:57:20+00:00
2761,Potaro-Siparuni,94,2026-08-07T20:57:20+00:00,2026-08-07T20:57:20+00:00
2762,Mahaica-Berbice,94,2026-08-07T20:57:20+00:00,2026-08-07T20:57:20+00:00
2763,Upper Demerara-Berbice,94,2026-08-07T20:57:20+00:00,2026-08-07T20:57:20+00:00
2764,Barima-Waini,94,2026-08-07T20:57:20+00:00,2026-08-07T20:57:20+00:00
2765,Pomeroon-Supenaam,94,2026-08-07T20:57:20+00:00,2026-08-07T20:57:20+00:00
2766,East Berbice-Corentyne,94,2026-08-07T20:57:20+00:00,2026-08-07T20:57:20+00:00
2767,Demerara-Mahaica,94,2026-08-07T20:57:20+00:00,2026-08-07T20:57:20+00:00
2768,Essequibo Islands-West Demerara,94,2026-08-07T20:57:20+00:00,2026-08-07T20:57:20+00:00
2769,Upper Takutu-Upper Essequibo,94,2026-08-07T20:57:20+00:00,2026-08-07T20:57:20+00:00
2770,Presidente Hayes Department,172,2026-08-07T20:57:20+00:00,2026-08-07T20:57:20+00:00
2771,Canindeyú,172,2026-08-07T20:57:20+00:00,2026-08-07T20:57:20+00:00
2772,Guairá Department,172,2026-08-07T20:57:20+00:00,2026-08-07T20:57:20+00:00
2773,Caaguazú,172,2026-08-07T20:57:20+00:00,2026-08-07T20:57:20+00:00
2774,Paraguarí Department,172,2026-08-07T20:57:20+00:00,2026-08-07T20:57:20+00:00
2775,Caazapá,172,2026-08-07T20:57:20+00:00,2026-08-07T20:57:20+00:00
2776,San Pedro Department,172,2026-08-07T20:57:20+00:00,2026-08-07T20:57:20+00:00
2777,Central Department,172,2026-08-07T20:57:20+00:00,2026-08-07T20:57:20+00:00
2778,Itapúa,172,2026-08-07T20:57:20+00:00,2026-08-07T20:57:20+00:00
2779,Concepción Department,172,2026-08-07T20:57:20+00:00,2026-08-07T20:57:20+00:00
2780,Boquerón Department,172,2026-08-07T20:57:20+00:00,2026-08-07T20:57:20+00:00
2781,Ñeembucú Department,172,2026-08-07T20:57:20+00:00,2026-08-07T20:57:20+00:00
2782,Amambay Department,172,2026-08-07T20:57:20+00:00,2026-08-07T20:57:20+00:00
2783,Cordillera Department,172,2026-08-07T20:57:20+00:00,2026-08-07T20:57:20+00:00
2784,Alto Paraná Department,172,2026-08-07T20:57:20+00:00,2026-08-07T20:57:20+00:00
2785,Alto Paraguay Department,172,2026-08-07T20:57:20+00:00,2026-08-07T20:57:20+00:00
2786,Misiones Department,172,2026-08-07T20:57:20+00:00,2026-08-07T20:57:20+00:00
2787,Jaffna District,208,2026-08-07T20:57:20+00:00,2026-08-07T20:57:20+00:00
2788,Kandy District,208,2026-08-07T20:57:20+00:00,2026-08-07T20:57:20+00:00
2789,Kalutara District,208,2026-08-07T20:57:20+00:00,2026-08-07T20:57:20+00:00
2790,Badulla District,208,2026-08-07T20:57:20+00:00,2026-08-07T20:57:20+00:00
2791,Hambantota District,208,2026-08-07T20:57:20+00:00,2026-08-07T20:57:20+00:00
2792,Galle District,208,2026-08-07T20:57:20+00:00,2026-08-07T20:57:20+00:00
2793,Kilinochchi District,208,2026-08-07T20:57:20+00:00,2026-08-07T20:57:20+00:00
2794,Nuwara Eliya District,208,2026-08-07T20:57:20+00:00,2026-08-07T20:57:20+00:00
2795,Trincomalee District,208,2026-08-07T20:57:20+00:00,2026-08-07T20:57:20+00:00
2796,Puttalam District,208,2026-08-07T20:57:20+00:00,2026-08-07T20:57:20+00:00
2797,Kegalle District,208,2026-08-07T20:57:20+00:00,2026-08-07T20:57:20+00:00
2798,Central Province,208,2026-08-07T20:57:20+00:00,2026-08-07T20:57:20+00:00
2799,Ampara District,208,2026-08-07T20:57:20+00:00,2026-08-07T20:57:20+00:00
2800,North Central Province,208,2026-08-07T20:57:20+00:00,2026-08-07T20:57:20+00:00
2801,Southern Province,208,2026-08-07T20:57:20+00:00,2026-08-07T20:57:20+00:00
2802,Western Province,208,2026-08-07T20:57:20+00:00,2026-08-07T20:57:20+00:00
2803,Sabaragamuwa Province,208,2026-08-07T20:57:20+00:00,2026-08-07T20:57:20+00:00
2804,Gampaha District,208,2026-08-07T20:57:20+00:00,2026-08-07T20:57:20+00:00
2805,Mannar District,208,2026-08-07T20:57:20+00:00,2026-08-07T20:57:20+00:00
2806,Matara District,208,2026-08-07T20:57:20+00:00,2026-08-07T20:57:20+00:00
2807,Ratnapura district,208,2026-08-07T20:57:20+00:00,2026-08-07T20:57:20+00:00
2808,Eastern Province,208,2026-08-07T20:57:20+00:00,2026-08-07T20:57:20+00:00
2809,Vavuniya District,208,2026-08-07T20:57:20+00:00,2026-08-07T20:57:20+00:00
2810,Matale District,208,2026-08-07T20:57:20+00:00,2026-08-07T20:57:20+00:00
2811,Uva Province,208,2026-08-07T20:57:20+00:00,2026-08-07T20:57:20+00:00
2812,Polonnaruwa District,208,2026-08-07T20:57:20+00:00,2026-08-07T20:57:20+00:00
2813,Northern Province,208,2026-08-07T20:57:20+00:00,2026-08-07T20:57:20+00:00
2814,Mullaitivu District,208,2026-08-07T20:57:20+00:00,2026-08-07T20:57:20+00:00
2815,Colombo District,208,2026-08-07T20:57:20+00:00,2026-08-07T20:57:20+00:00
2816,Anuradhapura District,208,2026-08-07T20:57:20+00:00,2026-08-07T20:57:20+00:00
2817,North Western Province,208,2026-08-07T20:57:20+00:00,2026-08-07T20:57:20+00:00
2818,Batticaloa District,208,2026-08-07T20:57:20+00:00,2026-08-07T20:57:20+00:00
2819,Monaragala District,208,2026-08-07T20:57:20+00:00,2026-08-07T20:57:20+00:00
2820,Mohéli,49,2026-08-07T20:57:20+00:00,2026-08-07T20:57:20+00:00
2821,Anjouan,49,2026-08-07T20:57:20+00:00,2026-08-07T20:57:20+00:00
2822,Grande Comore,49,2026-08-07T20:57:20+00:00,2026-08-07T20:57:20+00:00
2823,Atacama Region,44,2026-08-07T20:57:20+00:00,2026-08-07T20:57:20+00:00
2824,Santiago Metropolitan Region,44,2026-08-07T20:57:20+00:00,2026-08-07T20:57:20+00:00
2825,Coquimbo Region,44,2026-08-07T20:57:20+00:00,2026-08-07T20:57:20+00:00
2826,Araucanía Region,44,2026-08-07T20:57:20+00:00,2026-08-07T20:57:20+00:00
2827,Bío Bío Region,44,2026-08-07T20:57:20+00:00,2026-08-07T20:57:20+00:00
2828,Aysén Region,44,2026-08-07T20:57:20+00:00,2026-08-07T20:57:20+00:00
2829,Arica y Parinacota Region,44,2026-08-07T20:57:20+00:00,2026-08-07T20:57:20+00:00
2830,Valparaíso,44,2026-08-07T20:57:20+00:00,2026-08-07T20:57:20+00:00
2831,Ñuble Region,44,2026-08-07T20:57:20+00:00,2026-08-07T20:57:20+00:00
2832,Antofagasta Region,44,2026-08-07T20:57:20+00:00,2026-08-07T20:57:20+00:00
2833,Maule Region,44,2026-08-07T20:57:20+00:00,2026-08-07T20:57:20+00:00
2834,Los Ríos Region,44,2026-08-07T20:57:20+00:00,2026-08-07T20:57:20+00:00
2835,Los Lagos Region,44,2026-08-07T20:57:20+00:00,2026-08-07T20:57:20+00:00
2836,Magellan and the Chilean Antarctic Region,44,2026-08-07T20:57:20+00:00,2026-08-07T20:57:20+00:00
2837,Tarapacá Region,44,2026-08-07T20:57:20+00:00,2026-08-07T20:57:20+00:00
2838,O'Higgins,44,2026-08-07T20:57:20+00:00,2026-08-07T20:57:20+00:00
2839,Commewijne District,210,2026-08-07T20:57:20+00:00,2026-08-07T20:57:20+00:00
2840,Nickerie District,210,2026-08-07T20:57:20+00:00,2026-08-07T20:57:20+00:00
2841,Para District,210,2026-08-07T20:57:20+00:00,2026-08-07T20:57:20+00:00
2842,Coronie District,210,2026-08-07T20:57:20+00:00,2026-08-07T20:57:20+00:00
2843,Paramaribo District,210,2026-08-07T20:57:20+00:00,2026-08-07T20:57:20+00:00
2844,Wanica District,210,2026-08-07T20:57:20+00:00,2026-08-07T20:57:20+00:00
2845,Marowijne District,210,2026-08-07T20:57:20+00:00,2026-08-07T20:57:20+00:00
2846,Brokopondo District,210,2026-08-07T20:57:20+00:00,2026-08-07T20:57:20+00:00
2847,Sipaliwini District,210,2026-08-07T20:57:20+00:00,2026-08-07T20:57:20+00:00
2848,Saramacca District,210,2026-08-07T20:57:20+00:00,2026-08-07T20:57:20+00:00
2849,Riyadh Region,194,2026-08-07T20:57:20+00:00,2026-08-07T20:57:20+00:00
2850,Makkah Region,194,2026-08-07T20:57:20+00:00,2026-08-07T20:57:20+00:00
2851,Al Madinah Region,194,2026-08-07T20:57:20+00:00,2026-08-07T20:57:20+00:00
2852,Tabuk Region,194,2026-08-07T20:57:20+00:00,2026-08-07T20:57:20+00:00
2853,'Asir Region,194,2026-08-07T20:57:20+00:00,2026-08-07T20:57:20+00:00
2854,Northern Borders Region,194,2026-08-07T20:57:20+00:00,2026-08-07T20:57:20+00:00
2855,Ha'il Region,194,2026-08-07T20:57:20+00:00,2026-08-07T20:57:20+00:00
2856,Eastern Province,194,2026-08-07T20:57:20+00:00,2026-08-07T20:57:20+00:00
2857,Al Jawf Region,194,2026-08-07T20:57:20+00:00,2026-08-07T20:57:20+00:00
2858,Jizan Region,194,2026-08-07T20:57:20+00:00,2026-08-07T20:57:20+00:00
2859,Al Bahah Region,194,2026-08-07T20:57:20+00:00,2026-08-07T20:57:20+00:00
2860,Najran Region,194,2026-08-07T20:57:20+00:00,2026-08-07T20:57:20+00:00
2861,Al-Qassim Region,194,2026-08-07T20:57:20+00:00,2026-08-07T20:57:20+00:00
2862,Plateaux Department,50,2026-08-07T20:57:20+00:00,2026-08-07T20:57:20+00:00
2863,Pointe-Noire,50,2026-08-07T20:57:20+00:00,2026-08-07T20:57:20+00:00
2864,Cuvette Department,50,2026-08-07T20:57:20+00:00,2026-08-07T20:57:20+00:00
2865,Likouala Department,50,2026-08-07T20:57:20+00:00,2026-08-07T20:57:20+00:00
2866,Bouenza Department,50,2026-08-07T20:57:20+00:00,2026-08-07T20:57:20+00:00
2867,Kouilou Department,50,2026-08-07T20:57:20+00:00,2026-08-07T20:57:20+00:00
2868,Lékoumou Department,50,2026-08-07T20:57:20+00:00,2026-08-07T20:57:20+00:00
2869,Cuvette-Ouest Department,50,2026-08-07T20:57:20+00:00,2026-08-07T20:57:20+00:00
2870,Brazzaville,50,2026-08-07T20:57:20+00:00,2026-08-07T20:57:20+00:00
2871,Sangha Department,50,2026-08-07T20:57:20+00:00,2026-08-07T20:57:20+00:00
2872,Niari Department,50,2026-08-07T20:57:20+00:00,2026-08-07T20:57:20+00:00
2873,Pool Department,50,2026-08-07T20:57:20+00:00,2026-08-07T20:57:20+00:00
2874,Quindío Department,48,2026-08-07T20:57:20+00:00,2026-08-07T20:57:20+00:00
2875,Cundinamarca Department,48,2026-08-07T20:57:20+00:00,2026-08-07T20:57:20+00:00
2876,Chocó Department,48,2026-08-07T20:57:20+00:00,2026-08-07T20:57:20+00:00
2877,Norte de Santander Department,48,2026-08-07T20:57:20+00:00,2026-08-07T20:57:20+00:00
2878,Meta,48,2026-08-07T20:57:20+00:00,2026-08-07T20:57:20+00:00
2879,Risaralda Department,48,2026-08-07T20:57:20+00:00,2026-08-07T20:57:20+00:00
2880,Atlántico Department,48,2026-08-07T20:57:20+00:00,2026-08-07T20:57:20+00:00
2881,Arauca Department,48,2026-08-07T20:57:20+00:00,2026-08-07T20:57:20+00:00
2882,Guainía Department,48,2026-08-07T20:57:20+00:00,2026-08-07T20:57:20+00:00
2883,Tolima Department,48,2026-08-07T20:57:20+00:00,2026-08-07T20:57:20+00:00
2884,Cauca Department,48,2026-08-07T20:57:20+00:00,2026-08-07T20:57:20+00:00
2885,Vaupés Department,48,2026-08-07T20:57:20+00:00,2026-08-07T20:57:20+00:00
2886,Magdalena Department,48,2026-08-07T20:57:20+00:00,2026-08-07T20:57:20+00:00
2887,Caldas Department,48,2026-08-07T20:57:20+00:00,2026-08-07T20:57:20+00:00
2888,Guaviare Department,48,2026-08-07T20:57:20+00:00,2026-08-07T20:57:20+00:00
2889,La Guajira Department,48,2026-08-07T20:57:20+00:00,2026-08-07T20:57:20+00:00
2890,Antioquia Department,48,2026-08-07T20:57:20+00:00,2026-08-07T20:57:20+00:00
2891,Caquetá Department,48,2026-08-07T20:57:20+00:00,2026-08-07T20:57:20+00:00
2892,Casanare Department,48,2026-08-07T20:57:20+00:00,2026-08-07T20:57:20+00:00
2893,Bolívar Department,48,2026-08-07T20:57:20+00:00,2026-08-07T20:57:20+00:00
2894,Vichada Department,48,2026-08-07T20:57:20+00:00,2026-08-07T20:57:20+00:00
2895,Amazonas Department,48,2026-08-07T20:57:20+00:00,2026-08-07T20:57:20+00:00
2896,Putumayo Department,48,2026-08-07T20:57:20+00:00,2026-08-07T20:57:20+00:00
2897,Nariño Department,48,2026-08-07T20:57:20+00:00,2026-08-07T20:57:20+00:00
2898,Córdoba Department,48,2026-08-07T20:57:20+00:00,2026-08-07T20:57:20+00:00
2899,Cesar Department,48,2026-08-07T20:57:20+00:00,2026-08-07T20:57:20+00:00
2900,"Archipelago of Saint Andréws, Providence and Saint Catalina",48,2026-08-07T20:57:20+00:00,2026-08-07T20:57:20+00:00
2901,Santander Department,48,2026-08-07T20:57:20+00:00,2026-08-07T20:57:20+00:00
2902,Sucre Department,48,2026-08-07T20:57:20+00:00,2026-08-07T20:57:20+00:00
2903,Boyacá Department,48,2026-08-07T20:57:20+00:00,2026-08-07T20:57:20+00:00
2904,Valle del Cauca Department,48,2026-08-07T20:57:20+00:00,2026-08-07T20:57:20+00:00
2905,Galápagos Province,64,2026-08-07T20:57:20+00:00,2026-08-07T20:57:20+00:00
2906,Sucumbíos Province,64,2026-08-07T20:57:20+00:00,2026-08-07T20:57:20+00:00
2907,Pastaza Province,64,2026-08-07T20:57:20+00:00,2026-08-07T20:57:20+00:00
2908,Tungurahua Province,64,2026-08-07T20:57:20+00:00,2026-08-07T20:57:20+00:00
2909,Zamora-Chinchipe Province,64,2026-08-07T20:57:20+00:00,2026-08-07T20:57:20+00:00
2910,Los Ríos Province,64,2026-08-07T20:57:20+00:00,2026-08-07T20:57:20+00:00
2911,Imbabura Province,64,2026-08-07T20:57:20+00:00,2026-08-07T20:57:20+00:00
2912,Santa Elena Province,64,2026-08-07T20:57:20+00:00,2026-08-07T20:57:20+00:00
2913,Manabí Province,64,2026-08-07T20:57:20+00:00,2026-08-07T20:57:20+00:00
2914,Guayas Province,64,2026-08-07T20:57:20+00:00,2026-08-07T20:57:20+00:00
2915,Carchi Province,64,2026-08-07T20:57:20+00:00,2026-08-07T20:57:20+00:00
2916,Napo Province,64,2026-08-07T20:57:20+00:00,2026-08-07T20:57:20+00:00
2917,Cañar Province,64,2026-08-07T20:57:20+00:00,2026-08-07T20:57:20+00:00
2918,Morona-Santiago Province,64,2026-08-07T20:57:20+00:00,2026-08-07T20:57:20+00:00
2919,Santo Domingo de los Tsáchilas Province,64,2026-08-07T20:57:20+00:00,2026-08-07T20:57:20+00:00
2920,Bolívar Province,64,2026-08-07T20:57:20+00:00,2026-08-07T20:57:20+00:00
2921,Cotopaxi Province,64,2026-08-07T20:57:20+00:00,2026-08-07T20:57:20+00:00
2922,Esmeraldas,64,2026-08-07T20:57:20+00:00,2026-08-07T20:57:20+00:00
2923,Azuay Province,64,2026-08-07T20:57:20+00:00,2026-08-07T20:57:20+00:00
2924,El Oro Province,64,2026-08-07T20:57:20+00:00,2026-08-07T20:57:20+00:00
2925,Chimborazo Province,64,2026-08-07T20:57:20+00:00,2026-08-07T20:57:20+00:00
2926,Orellana Province,64,2026-08-07T20:57:20+00:00,2026-08-07T20:57:20+00:00
2927,Pichincha Province,64,2026-08-07T20:57:20+00:00,2026-08-07T20:57:20+00:00
2928,Obock Region,60,2026-08-07T20:57:20+00:00,2026-08-07T20:57:20+00:00
2929,Djibouti,60,2026-08-07T20:57:20+00:00,2026-08-07T20:57:20+00:00
2930,Dikhil Region,60,2026-08-07T20:57:20+00:00,2026-08-07T20:57:20+00:00
2931,Tadjourah Region,60,2026-08-07T20:57:20+00:00,2026-08-07T20:57:20+00:00
2932,Arta Region,60,2026-08-07T20:57:20+00:00,2026-08-07T20:57:20+00:00
2933,Ali Sabieh Region,60,2026-08-07T20:57:20+00:00,2026-08-07T20:57:20+00:00
2934,Hama Governorate,215,2026-08-07T20:57:20+00:00,2026-08-07T20:57:20+00:00
2935,Rif Dimashq Governorate,215,2026-08-07T20:57:20+00:00,2026-08-07T20:57:20+00:00
2936,As-Suwayda Governorate,215,2026-08-07T20:57:20+00:00,2026-08-07T20:57:20+00:00
2937,Deir ez-Zor Governorate,215,2026-08-07T20:57:20+00:00,2026-08-07T20:57:20+00:00
2938,Latakia Governorate,215,2026-08-07T20:57:20+00:00,2026-08-07T20:57:20+00:00
2939,Damascus Governorate,215,2026-08-07T20:57:20+00:00,2026-08-07T20:57:20+00:00
2940,Idlib Governorate,215,2026-08-07T20:57:20+00:00,2026-08-07T20:57:20+00:00
2941,Al-Hasakah Governorate,215,2026-08-07T20:57:20+00:00,2026-08-07T20:57:20+00:00
2942,Homs Governorate,215,2026-08-07T20:57:20+00:00,2026-08-07T20:57:20+00:00
2943,Quneitra Governorate,215,2026-08-07T20:57:20+00:00,2026-08-07T20:57:20+00:00
2944,Al-Raqqah Governorate,215,2026-08-07T20:57:20+00:00,2026-08-07T20:57:20+00:00
2945,Daraa Governorate,215,2026-08-07T20:57:20+00:00,2026-08-07T20:57:20+00:00
2946,Aleppo Governorate,215,2026-08-07T20:57:20+00:00,2026-08-07T20:57:20+00:00
2947,Tartus Governorate,215,2026-08-07T20:57:20+00:00,2026-08-07T20:57:20+00:00
2948,Fianarantsoa Province,130,2026-08-07T20:57:20+00:00,2026-08-07T20:57:20+00:00
2949,Toliara Province,130,2026-08-07T20:57:20+00:00,2026-08-07T20:57:20+00:00
2950,Antsiranana Province,130,2026-08-07T20:57:20+00:00,2026-08-07T20:57:20+00:00
2951,Antananarivo Province,130,2026-08-07T20:57:20+00:00,2026-08-07T20:57:20+00:00
2952,Toamasina Province,130,2026-08-07T20:57:20+00:00,2026-08-07T20:57:20+00:00
2953,Mahajanga Province,130,2026-08-07T20:57:20+00:00,2026-08-07T20:57:20+00:00
2954,Mogilev Region,21,2026-08-07T20:57:20+00:00,2026-08-07T20:57:20+00:00
2955,Gomel Region,21,2026-08-07T20:57:20+00:00,2026-08-07T20:57:20+00:00
2956,Grodno Region,21,2026-08-07T20:57:20+00:00,2026-08-07T20:57:20+00:00
2957,Minsk Region,21,2026-08-07T20:57:20+00:00,2026-08-07T20:57:20+00:00
2958,Minsk,21,2026-08-07T20:57:20+00:00,2026-08-07T20:57:20+00:00
2959,Brest Region,21,2026-08-07T20:57:20+00:00,2026-08-07T20:57:20+00:00
2960,Vitebsk Region,21,2026-08-07T20:57:20+00:00,2026-08-07T20:57:20+00:00
2961,Murqub,124,2026-08-07T20:57:20+00:00,2026-08-07T20:57:20+00:00
2962,Nuqat al Khams,124,2026-08-07T20:57:20+00:00,2026-08-07T20:57:20+00:00
2963,Zawiya District,124,2026-08-07T20:57:20+00:00,2026-08-07T20:57:20+00:00
2964,Al Wahat District,124,2026-08-07T20:57:20+00:00,2026-08-07T20:57:20+00:00
2965,Sabha District,124,2026-08-07T20:57:20+00:00,2026-08-07T20:57:20+00:00
2966,Derna District,124,2026-08-07T20:57:20+00:00,2026-08-07T20:57:20+00:00
2967,Murzuq District,124,2026-08-07T20:57:20+00:00,2026-08-07T20:57:20+00:00
2968,Marj District,124,2026-08-07T20:57:20+00:00,2026-08-07T20:57:20+00:00
2969,Ghat District,124,2026-08-07T20:57:20+00:00,2026-08-07T20:57:20+00:00
2970,Jufra,124,2026-08-07T20:57:20+00:00,2026-08-07T20:57:20+00:00
2971,Tripoli District,124,2026-08-07T20:57:20+00:00,2026-08-07T20:57:20+00:00
2972,Kufra District,124,2026-08-07T20:57:20+00:00,2026-08-07T20:57:20+00:00
2973,Wadi al Hayaa District,124,2026-08-07T20:57:20+00:00,2026-08-07T20:57:20+00:00
2974,Jabal al Gharbi District,124,2026-08-07T20:57:20+00:00,2026-08-07T20:57:20+00:00
2975,Wadi al Shatii District,124,2026-08-07T20:57:20+00:00,2026-08-07T20:57:20+00:00
2976,Nalut District,124,2026-08-07T20:57:20+00:00,2026-08-07T20:57:20+00:00
2977,Sirte District,124,2026-08-07T20:57:20+00:00,2026-08-07T20:57:20+00:00
2978,Misrata District,124,2026-08-07T20:57:20+00:00,2026-08-07T20:57:20+00:00
2979,Jafara,124,2026-08-07T20:57:20+00:00,2026-08-07T20:57:20+00:00
2980,Jabal al Akhdar,124,2026-08-07T20:57:20+00:00,2026-08-07T20:57:20+00:00
2981,Benghazi,124,2026-08-07T20:57:20+00:00,2026-08-07T20:57:20+00:00
2982,Ribeira Brava Municipality,40,2026-08-07T20:57:20+00:00,2026-08-07T20:57:20+00:00
2983,Tarrafal,40,2026-08-07T20:57:20+00:00,2026-08-07T20:57:20+00:00
2984,Ribeira Grande de Santiago,40,2026-08-07T20:57:20+00:00,2026-08-07T20:57:20+00:00
2985,Santa Catarina,40,2026-08-07T20:57:20+00:00,2026-08-07T20:57:20+00:00
2986,São Domingos,40,2026-08-07T20:57:20+00:00,2026-08-07T20:57:20+00:00
2987,Mosteiros,40,2026-08-07T20:57:20+00:00,2026-08-07T20:57:20+00:00
2988,Praia,40,2026-08-07T20:57:20+00:00,2026-08-07T20:57:20+00:00
2989,Porto Novo,40,2026-08-07T20:57:20+00:00,2026-08-07T20:57:20+00:00
2990,São Miguel,40,2026-08-07T20:57:20+00:00,2026-08-07T20:57:20+00:00
2991,Maio Municipality,40,2026-08-07T20:57:20+00:00,2026-08-07T20:57:20+00:00
2992,Sotavento Islands,40,2026-08-07T20:57:20+00:00,2026-08-07T20:57:20+00:00
2993,São Lourenço dos Órgãos,40,2026-08-07T20:57:20+00:00,2026-08-07T20:57:20+00:00
2994,Barlavento Islands,40,2026-08-07T20:57:20+00:00,2026-08-07T20:57:20+00:00
2995,Santa Catarina do Fogo,40,2026-08-07T20:57:20+00:00,2026-08-07T20:57:20+00:00
2996,Brava,40,2026-08-07T20:57:20+00:00,2026-08-07T20:57:20+00:00
2997,Paul,40,2026-08-07T20:57:20+00:00,2026-08-07T20:57:20+00:00
2998,Sal,40,2026-08-07T20:57:20+00:00,2026-08-07T20:57:20+00:00
2999,Boa Vista,40,2026-08-07T20:57:20+00:00,2026-08-07T20:57:20+00:00
3000,São Filipe,40,2026-08-07T20:57:20+00:00,2026-08-07T20:57:20+00:00
3001,São Vicente,40,2026-08-07T20:57:20+00:00,2026-08-07T20:57:20+00:00
3002,Ribeira Grande,40,2026-08-07T20:57:20+00:00,2026-08-07T20:57:20+00:00
3003,Tarrafal de São Nicolau,40,2026-08-07T20:57:20+00:00,2026-08-07T20:57:20+00:00
3004,Santa Cruz,40,2026-08-07T20:57:20+00:00,2026-08-07T20:57:20+00:00
3005,Schleswig-Holstein,82,2026-08-07T20:57:20+00:00,2026-08-07T20:57:20+00:00
3006,Baden-Württemberg,82,2026-08-07T20:57:20+00:00,2026-08-07T20:57:20+00:00
3007,Mecklenburg-Vorpommern,82,2026-08-07T20:57:20+00:00,2026-08-07T20:57:20+00:00
3008,Lower Saxony,82,2026-08-07T20:57:20+00:00,2026-08-07T20:57:20+00:00
3009,Bavaria,82,2026-08-07T20:57:20+00:00,2026-08-07T20:57:20+00:00
3010,Berlin,82,2026-08-07T20:57:20+00:00,2026-08-07T20:57:20+00:00
3011,Saxony-Anhalt,82,2026-08-07T20:57:20+00:00,2026-08-07T20:57:20+00:00
3013,Brandenburg,82,2026-08-07T20:57:20+00:00,2026-08-07T20:57:20+00:00
3014,Bremen,82,2026-08-07T20:57:20+00:00,2026-08-07T20:57:20+00:00
3015,Thuringia,82,2026-08-07T20:57:20+00:00,2026-08-07T20:57:20+00:00
3016,Hamburg,82,2026-08-07T20:57:20+00:00,2026-08-07T20:57:20+00:00
3017,North Rhine-Westphalia,82,2026-08-07T20:57:20+00:00,2026-08-07T20:57:20+00:00
3018,Hesse,82,2026-08-07T20:57:20+00:00,2026-08-07T20:57:20+00:00
3019,Rhineland-Palatinate,82,2026-08-07T20:57:20+00:00,2026-08-07T20:57:20+00:00
3020,Saarland,82,2026-08-07T20:57:20+00:00,2026-08-07T20:57:20+00:00
3021,Saxony,82,2026-08-07T20:57:20+00:00,2026-08-07T20:57:20+00:00
3022,Mafeteng District,122,2026-08-07T20:57:20+00:00,2026-08-07T20:57:20+00:00
3023,Mohale's Hoek District,122,2026-08-07T20:57:20+00:00,2026-08-07T20:57:20+00:00
3024,Mokhotlong District,122,2026-08-07T20:57:20+00:00,2026-08-07T20:57:20+00:00
3025,Qacha's Nek District,122,2026-08-07T20:57:20+00:00,2026-08-07T20:57:20+00:00
3026,Leribe District,122,2026-08-07T20:57:20+00:00,2026-08-07T20:57:20+00:00
3027,Quthing District,122,2026-08-07T20:57:20+00:00,2026-08-07T20:57:20+00:00
3028,Maseru District,122,2026-08-07T20:57:20+00:00,2026-08-07T20:57:20+00:00
3029,Butha-Buthe District,122,2026-08-07T20:57:20+00:00,2026-08-07T20:57:20+00:00
3030,Berea District,122,2026-08-07T20:57:20+00:00,2026-08-07T20:57:20+00:00
3031,Thaba-Tseka District,122,2026-08-07T20:57:20+00:00,2026-08-07T20:57:20+00:00
3032,Montserrado County,123,2026-08-07T20:57:20+00:00,2026-08-07T20:57:20+00:00
3033,River Cess County,123,2026-08-07T20:57:20+00:00,2026-08-07T20:57:20+00:00
3034,Bong County,123,2026-08-07T20:57:20+00:00,2026-08-07T20:57:20+00:00
3035,Sinoe County,123,2026-08-07T20:57:20+00:00,2026-08-07T20:57:20+00:00
3036,Grand Cape Mount County,123,2026-08-07T20:57:20+00:00,2026-08-07T20:57:20+00:00
3037,Lofa County,123,2026-08-07T20:57:20+00:00,2026-08-07T20:57:20+00:00
3038,River Gee County,123,2026-08-07T20:57:20+00:00,2026-08-07T20:57:20+00:00
3039,Grand Gedeh County,123,2026-08-07T20:57:20+00:00,2026-08-07T20:57:20+00:00
3040,Grand Bassa County,123,2026-08-07T20:57:20+00:00,2026-08-07T20:57:20+00:00
3041,Bomi County,123,2026-08-07T20:57:20+00:00,2026-08-07T20:57:20+00:00
3042,Maryland County,123,2026-08-07T20:57:20+00:00,2026-08-07T20:57:20+00:00
3043,Margibi County,123,2026-08-07T20:57:20+00:00,2026-08-07T20:57:20+00:00
3044,Gbarpolu County,123,2026-08-07T20:57:20+00:00,2026-08-07T20:57:20+00:00
3045,Grand Kru County,123,2026-08-07T20:57:20+00:00,2026-08-07T20:57:20+00:00
3046,Nimba,123,2026-08-07T20:57:20+00:00,2026-08-07T20:57:20+00:00
3047,Ad Dhahirah Governorate,166,2026-08-07T20:57:20+00:00,2026-08-07T20:57:20+00:00
3048,Al Batinah North Governorate,166,2026-08-07T20:57:20+00:00,2026-08-07T20:57:20+00:00
3049,Al Batinah South Governorate,166,2026-08-07T20:57:20+00:00,2026-08-07T20:57:20+00:00
3050,Al Batinah Region,166,2026-08-07T20:57:20+00:00,2026-08-07T20:57:20+00:00
3051,Ash Sharqiyah Region,166,2026-08-07T20:57:20+00:00,2026-08-07T20:57:20+00:00
3052,Musandam Governorate,166,2026-08-07T20:57:20+00:00,2026-08-07T20:57:20+00:00
3053,Ash Sharqiyah North Governorate,166,2026-08-07T20:57:20+00:00,2026-08-07T20:57:20+00:00
3054,Ash Sharqiyah South Governorate,166,2026-08-07T20:57:20+00:00,2026-08-07T20:57:20+00:00
3055,Muscat Governorate,166,2026-08-07T20:57:20+00:00,2026-08-07T20:57:20+00:00
3056,Al Wusta Governorate,166,2026-08-07T20:57:20+00:00,2026-08-07T20:57:20+00:00
3057,Dhofar Governorate,166,2026-08-07T20:57:20+00:00,2026-08-07T20:57:20+00:00
3058,Ad Dakhiliyah Governorate,166,2026-08-07T20:57:20+00:00,2026-08-07T20:57:20+00:00
3059,Al Buraimi Governorate,166,2026-08-07T20:57:20+00:00,2026-08-07T20:57:20+00:00
3060,Ngamiland,29,2026-08-07T20:57:20+00:00,2026-08-07T20:57:20+00:00
3061,Ghanzi District,29,2026-08-07T20:57:20+00:00,2026-08-07T20:57:20+00:00
3062,Kgatleng District,29,2026-08-07T20:57:20+00:00,2026-08-07T20:57:20+00:00
3063,Southern District,29,2026-08-07T20:57:20+00:00,2026-08-07T20:57:20+00:00
3064,South-East District,29,2026-08-07T20:57:20+00:00,2026-08-07T20:57:20+00:00
3065,North-West District,29,2026-08-07T20:57:20+00:00,2026-08-07T20:57:20+00:00
3066,Kgalagadi District,29,2026-08-07T20:57:20+00:00,2026-08-07T20:57:20+00:00
3067,Central District,29,2026-08-07T20:57:20+00:00,2026-08-07T20:57:20+00:00
3068,North-East District,29,2026-08-07T20:57:20+00:00,2026-08-07T20:57:20+00:00
3069,Kweneng District,29,2026-08-07T20:57:20+00:00,2026-08-07T20:57:20+00:00
3070,Collines Department,24,2026-08-07T20:57:20+00:00,2026-08-07T20:57:20+00:00
3071,Kouffo Department,24,2026-08-07T20:57:20+00:00,2026-08-07T20:57:20+00:00
3072,Donga Department,24,2026-08-07T20:57:20+00:00,2026-08-07T20:57:20+00:00
3073,Zou Department,24,2026-08-07T20:57:20+00:00,2026-08-07T20:57:20+00:00
3074,Plateau Department,24,2026-08-07T20:57:20+00:00,2026-08-07T20:57:20+00:00
3075,Mono Department,24,2026-08-07T20:57:20+00:00,2026-08-07T20:57:20+00:00
3076,Atakora Department,24,2026-08-07T20:57:20+00:00,2026-08-07T20:57:20+00:00
3077,Alibori Department,24,2026-08-07T20:57:20+00:00,2026-08-07T20:57:20+00:00
3078,Borgou Department,24,2026-08-07T20:57:20+00:00,2026-08-07T20:57:20+00:00
3079,Atlantique Department,24,2026-08-07T20:57:20+00:00,2026-08-07T20:57:20+00:00
3080,Ouémé Department,24,2026-08-07T20:57:20+00:00,2026-08-07T20:57:20+00:00
3081,Littoral Department,24,2026-08-07T20:57:20+00:00,2026-08-07T20:57:20+00:00
3082,Machinga District,131,2026-08-07T20:57:20+00:00,2026-08-07T20:57:20+00:00
3083,Zomba District,131,2026-08-07T20:57:20+00:00,2026-08-07T20:57:20+00:00
3084,Mwanza District,131,2026-08-07T20:57:20+00:00,2026-08-07T20:57:20+00:00
3085,Nsanje District,131,2026-08-07T20:57:20+00:00,2026-08-07T20:57:20+00:00
3086,Salima District,131,2026-08-07T20:57:20+00:00,2026-08-07T20:57:20+00:00
3087,Chitipa district,131,2026-08-07T20:57:20+00:00,2026-08-07T20:57:20+00:00
3088,Ntcheu District,131,2026-08-07T20:57:20+00:00,2026-08-07T20:57:20+00:00
3089,Rumphi District,131,2026-08-07T20:57:20+00:00,2026-08-07T20:57:20+00:00
3090,Dowa District,131,2026-08-07T20:57:20+00:00,2026-08-07T20:57:20+00:00
3091,Karonga District,131,2026-08-07T20:57:20+00:00,2026-08-07T20:57:20+00:00
3092,Central Region,131,2026-08-07T20:57:20+00:00,2026-08-07T20:57:20+00:00
3093,Likoma District,131,2026-08-07T20:57:20+00:00,2026-08-07T20:57:20+00:00
3094,Kasungu District,131,2026-08-07T20:57:20+00:00,2026-08-07T20:57:20+00:00
3095,Nkhata Bay District,131,2026-08-07T20:57:20+00:00,2026-08-07T20:57:20+00:00
3096,Balaka District,131,2026-08-07T20:57:20+00:00,2026-08-07T20:57:20+00:00
3097,Dedza District,131,2026-08-07T20:57:20+00:00,2026-08-07T20:57:20+00:00
3098,Thyolo District,131,2026-08-07T20:57:20+00:00,2026-08-07T20:57:20+00:00
3099,Mchinji District,131,2026-08-07T20:57:20+00:00,2026-08-07T20:57:20+00:00
3100,Nkhotakota District,131,2026-08-07T20:57:20+00:00,2026-08-07T20:57:20+00:00
3101,Lilongwe District,131,2026-08-07T20:57:20+00:00,2026-08-07T20:57:20+00:00
3102,Blantyre District,131,2026-08-07T20:57:20+00:00,2026-08-07T20:57:20+00:00
3103,Mulanje District,131,2026-08-07T20:57:20+00:00,2026-08-07T20:57:20+00:00
3104,Mzimba District,131,2026-08-07T20:57:20+00:00,2026-08-07T20:57:20+00:00
3105,Northern Region,131,2026-08-07T20:57:20+00:00,2026-08-07T20:57:20+00:00
3106,Southern Region,131,2026-08-07T20:57:20+00:00,2026-08-07T20:57:20+00:00
3107,Chikwawa District,131,2026-08-07T20:57:20+00:00,2026-08-07T20:57:20+00:00
3108,Phalombe District,131,2026-08-07T20:57:20+00:00,2026-08-07T20:57:20+00:00
3109,Chiradzulu District,131,2026-08-07T20:57:20+00:00,2026-08-07T20:57:20+00:00
3110,Mangochi District,131,2026-08-07T20:57:20+00:00,2026-08-07T20:57:20+00:00
3111,Ntchisi District,131,2026-08-07T20:57:20+00:00,2026-08-07T20:57:20+00:00
3112,Kénédougou Province,35,2026-08-07T20:57:20+00:00,2026-08-07T20:57:20+00:00
3113,Namentenga Province,35,2026-08-07T20:57:20+00:00,2026-08-07T20:57:20+00:00
3114,Sahel Region,35,2026-08-07T20:57:20+00:00,2026-08-07T20:57:20+00:00
3115,Centre-Ouest Region,35,2026-08-07T20:57:20+00:00,2026-08-07T20:57:20+00:00
3116,Nahouri Province,35,2026-08-07T20:57:20+00:00,2026-08-07T20:57:20+00:00
3117,Passoré Province,35,2026-08-07T20:57:20+00:00,2026-08-07T20:57:20+00:00
3118,Zoundwéogo Province,35,2026-08-07T20:57:20+00:00,2026-08-07T20:57:20+00:00
3119,Sissili Province,35,2026-08-07T20:57:20+00:00,2026-08-07T20:57:20+00:00
3120,Banwa Province,35,2026-08-07T20:57:20+00:00,2026-08-07T20:57:20+00:00
3121,Bougouriba Province,35,2026-08-07T20:57:20+00:00,2026-08-07T20:57:20+00:00
3122,Gnagna Province,35,2026-08-07T20:57:20+00:00,2026-08-07T20:57:20+00:00
3123,Mouhoun,35,2026-08-07T20:57:20+00:00,2026-08-07T20:57:20+00:00
3124,Yagha Province,35,2026-08-07T20:57:20+00:00,2026-08-07T20:57:20+00:00
3125,Plateau-Central Region,35,2026-08-07T20:57:20+00:00,2026-08-07T20:57:20+00:00
3126,Sanmatenga Province,35,2026-08-07T20:57:20+00:00,2026-08-07T20:57:20+00:00
3127,Centre-Nord Region,35,2026-08-07T20:57:20+00:00,2026-08-07T20:57:20+00:00
3128,Tapoa Province,35,2026-08-07T20:57:20+00:00,2026-08-07T20:57:20+00:00
3129,Houet Province,35,2026-08-07T20:57:20+00:00,2026-08-07T20:57:20+00:00
3130,Zondoma Province,35,2026-08-07T20:57:20+00:00,2026-08-07T20:57:20+00:00
3131,Boulgou,35,2026-08-07T20:57:20+00:00,2026-08-07T20:57:20+00:00
3132,Komondjari Province,35,2026-08-07T20:57:20+00:00,2026-08-07T20:57:20+00:00
3133,Koulpélogo Province,35,2026-08-07T20:57:20+00:00,2026-08-07T20:57:20+00:00
3134,Tuy Province,35,2026-08-07T20:57:20+00:00,2026-08-07T20:57:20+00:00
3135,Ioba Province,35,2026-08-07T20:57:20+00:00,2026-08-07T20:57:20+00:00
3136,Centre,35,2026-08-07T20:57:20+00:00,2026-08-07T20:57:20+00:00
3137,Sourou Province,35,2026-08-07T20:57:20+00:00,2026-08-07T20:57:20+00:00
3138,Boucle du Mouhoun Region,35,2026-08-07T20:57:20+00:00,2026-08-07T20:57:20+00:00
3139,Séno Province,35,2026-08-07T20:57:20+00:00,2026-08-07T20:57:20+00:00
3140,Sud-Ouest Region,35,2026-08-07T20:57:20+00:00,2026-08-07T20:57:20+00:00
3141,Oubritenga Province,35,2026-08-07T20:57:20+00:00,2026-08-07T20:57:20+00:00
3142,Nayala Province,35,2026-08-07T20:57:20+00:00,2026-08-07T20:57:20+00:00
3143,Gourma Province,35,2026-08-07T20:57:20+00:00,2026-08-07T20:57:20+00:00
3144,Oudalan Province,35,2026-08-07T20:57:20+00:00,2026-08-07T20:57:20+00:00
3145,Ziro Province,35,2026-08-07T20:57:20+00:00,2026-08-07T20:57:20+00:00
3146,Kossi Province,35,2026-08-07T20:57:20+00:00,2026-08-07T20:57:20+00:00
3147,Kourwéogo Province,35,2026-08-07T20:57:20+00:00,2026-08-07T20:57:20+00:00
3148,Ganzourgou Province,35,2026-08-07T20:57:20+00:00,2026-08-07T20:57:20+00:00
3149,Centre-Sud Region,35,2026-08-07T20:57:20+00:00,2026-08-07T20:57:20+00:00
3150,Yatenga Province,35,2026-08-07T20:57:20+00:00,2026-08-07T20:57:20+00:00
3151,Loroum Province,35,2026-08-07T20:57:20+00:00,2026-08-07T20:57:20+00:00
3152,Bazèga Province,35,2026-08-07T20:57:20+00:00,2026-08-07T20:57:20+00:00
3153,Cascades Region,35,2026-08-07T20:57:20+00:00,2026-08-07T20:57:20+00:00
3154,Sanguié Province,35,2026-08-07T20:57:20+00:00,2026-08-07T20:57:20+00:00
3155,Bam Province,35,2026-08-07T20:57:20+00:00,2026-08-07T20:57:20+00:00
3156,Noumbiel Province,35,2026-08-07T20:57:20+00:00,2026-08-07T20:57:20+00:00
3157,Kompienga Province,35,2026-08-07T20:57:20+00:00,2026-08-07T20:57:20+00:00
3158,Est Region,35,2026-08-07T20:57:20+00:00,2026-08-07T20:57:20+00:00
3159,Léraba Province,35,2026-08-07T20:57:20+00:00,2026-08-07T20:57:20+00:00
3160,Balé Province,35,2026-08-07T20:57:20+00:00,2026-08-07T20:57:20+00:00
3161,Kouritenga Province,35,2026-08-07T20:57:20+00:00,2026-08-07T20:57:20+00:00
3162,Centre-Est Region,35,2026-08-07T20:57:20+00:00,2026-08-07T20:57:20+00:00
3163,Poni Province,35,2026-08-07T20:57:20+00:00,2026-08-07T20:57:20+00:00
3164,"Nord Region, Burkina Faso",35,2026-08-07T20:57:20+00:00,2026-08-07T20:57:20+00:00
3165,Hauts-Bassins Region,35,2026-08-07T20:57:20+00:00,2026-08-07T20:57:20+00:00
3166,Soum Province,35,2026-08-07T20:57:20+00:00,2026-08-07T20:57:20+00:00
3167,Comoé Province,35,2026-08-07T20:57:20+00:00,2026-08-07T20:57:20+00:00
3168,Kadiogo Province,35,2026-08-07T20:57:20+00:00,2026-08-07T20:57:20+00:00
3169,Islamabad Capital Territory,167,2026-08-07T20:57:20+00:00,2026-08-07T20:57:20+00:00
3170,Gilgit-Baltistan,167,2026-08-07T20:57:20+00:00,2026-08-07T20:57:20+00:00
3171,Khyber Pakhtunkhwa,167,2026-08-07T20:57:20+00:00,2026-08-07T20:57:20+00:00
3172,Azad Kashmir,167,2026-08-07T20:57:20+00:00,2026-08-07T20:57:20+00:00
3173,Federally Administered Tribal Areas,167,2026-08-07T20:57:20+00:00,2026-08-07T20:57:20+00:00
3174,Balochistan,167,2026-08-07T20:57:20+00:00,2026-08-07T20:57:20+00:00
3175,Sindh,167,2026-08-07T20:57:20+00:00,2026-08-07T20:57:20+00:00
3176,Punjab,167,2026-08-07T20:57:20+00:00,2026-08-07T20:57:20+00:00
3177,Al Rayyan Municipality,179,2026-08-07T20:57:20+00:00,2026-08-07T20:57:20+00:00
3178,Al-Shahaniya,179,2026-08-07T20:57:20+00:00,2026-08-07T20:57:20+00:00
3179,Al Wakrah,179,2026-08-07T20:57:20+00:00,2026-08-07T20:57:20+00:00
3180,Madinat ash Shamal,179,2026-08-07T20:57:20+00:00,2026-08-07T20:57:20+00:00
3181,Doha,179,2026-08-07T20:57:20+00:00,2026-08-07T20:57:20+00:00
3182,Al Daayen,179,2026-08-07T20:57:20+00:00,2026-08-07T20:57:20+00:00
3183,Al Khor,179,2026-08-07T20:57:20+00:00,2026-08-07T20:57:20+00:00
3184,Umm Salal Municipality,179,2026-08-07T20:57:20+00:00,2026-08-07T20:57:20+00:00
3185,Rumonge Province,36,2026-08-07T20:57:20+00:00,2026-08-07T20:57:20+00:00
3186,Muyinga Province,36,2026-08-07T20:57:20+00:00,2026-08-07T20:57:20+00:00
3187,Mwaro Province,36,2026-08-07T20:57:20+00:00,2026-08-07T20:57:20+00:00
3188,Makamba Province,36,2026-08-07T20:57:20+00:00,2026-08-07T20:57:20+00:00
3189,Rutana Province,36,2026-08-07T20:57:20+00:00,2026-08-07T20:57:20+00:00
3190,Cibitoke Province,36,2026-08-07T20:57:20+00:00,2026-08-07T20:57:20+00:00
3191,Ruyigi Province,36,2026-08-07T20:57:20+00:00,2026-08-07T20:57:20+00:00
3192,Kayanza Province,36,2026-08-07T20:57:20+00:00,2026-08-07T20:57:20+00:00
3193,Muramvya Province,36,2026-08-07T20:57:20+00:00,2026-08-07T20:57:20+00:00
3194,Karuzi Province,36,2026-08-07T20:57:20+00:00,2026-08-07T20:57:20+00:00
3195,Kirundo Province,36,2026-08-07T20:57:20+00:00,2026-08-07T20:57:20+00:00
3196,Bubanza Province,36,2026-08-07T20:57:20+00:00,2026-08-07T20:57:20+00:00
3197,Gitega Province,36,2026-08-07T20:57:20+00:00,2026-08-07T20:57:20+00:00
3198,Bujumbura Mairie Province,36,2026-08-07T20:57:20+00:00,2026-08-07T20:57:20+00:00
3199,Ngozi Province,36,2026-08-07T20:57:20+00:00,2026-08-07T20:57:20+00:00
3200,Bujumbura Rural Province,36,2026-08-07T20:57:20+00:00,2026-08-07T20:57:20+00:00
3201,Cankuzo Province,36,2026-08-07T20:57:20+00:00,2026-08-07T20:57:20+00:00
3202,Bururi Province,36,2026-08-07T20:57:20+00:00,2026-08-07T20:57:20+00:00
3203,Flores Department,235,2026-08-07T20:57:20+00:00,2026-08-07T20:57:20+00:00
3204,San José Department,235,2026-08-07T20:57:20+00:00,2026-08-07T20:57:20+00:00
3205,Artigas Department,235,2026-08-07T20:57:20+00:00,2026-08-07T20:57:20+00:00
3206,Maldonado Department,235,2026-08-07T20:57:20+00:00,2026-08-07T20:57:20+00:00
3207,Rivera Department,235,2026-08-07T20:57:20+00:00,2026-08-07T20:57:20+00:00
3208,Colonia Department,235,2026-08-07T20:57:20+00:00,2026-08-07T20:57:20+00:00
3209,Durazno Department,235,2026-08-07T20:57:20+00:00,2026-08-07T20:57:20+00:00
3210,Río Negro Department,235,2026-08-07T20:57:20+00:00,2026-08-07T20:57:20+00:00
3211,Cerro Largo Department,235,2026-08-07T20:57:20+00:00,2026-08-07T20:57:20+00:00
3212,Paysandú Department,235,2026-08-07T20:57:20+00:00,2026-08-07T20:57:20+00:00
3213,Canelones Department,235,2026-08-07T20:57:20+00:00,2026-08-07T20:57:20+00:00
3214,Treinta y Tres Department,235,2026-08-07T20:57:20+00:00,2026-08-07T20:57:20+00:00
3215,Lavalleja Department,235,2026-08-07T20:57:20+00:00,2026-08-07T20:57:20+00:00
3216,Rocha Department,235,2026-08-07T20:57:20+00:00,2026-08-07T20:57:20+00:00
3217,Florida Department,235,2026-08-07T20:57:20+00:00,2026-08-07T20:57:20+00:00
3218,Montevideo Department,235,2026-08-07T20:57:20+00:00,2026-08-07T20:57:20+00:00
3219,Soriano Department,235,2026-08-07T20:57:20+00:00,2026-08-07T20:57:20+00:00
3220,Salto Department,235,2026-08-07T20:57:20+00:00,2026-08-07T20:57:20+00:00
3221,Tacuarembó Department,235,2026-08-07T20:57:20+00:00,2026-08-07T20:57:20+00:00
3222,Kafr el-Sheikh Governorate,65,2026-08-07T20:57:20+00:00,2026-08-07T20:57:20+00:00
3223,Cairo Governorate,65,2026-08-07T20:57:20+00:00,2026-08-07T20:57:20+00:00
3224,Damietta Governorate,65,2026-08-07T20:57:20+00:00,2026-08-07T20:57:20+00:00
3225,Aswan Governorate,65,2026-08-07T20:57:20+00:00,2026-08-07T20:57:20+00:00
3226,Sohag Governorate,65,2026-08-07T20:57:20+00:00,2026-08-07T20:57:20+00:00
3227,North Sinai Governorate,65,2026-08-07T20:57:20+00:00,2026-08-07T20:57:20+00:00
3228,Monufia Governorate,65,2026-08-07T20:57:20+00:00,2026-08-07T20:57:20+00:00
3229,Port Said Governorate,65,2026-08-07T20:57:20+00:00,2026-08-07T20:57:20+00:00
3230,Beni Suef Governorate,65,2026-08-07T20:57:20+00:00,2026-08-07T20:57:20+00:00
3231,Matrouh Governorate,65,2026-08-07T20:57:20+00:00,2026-08-07T20:57:20+00:00
3232,Qalyubia Governorate,65,2026-08-07T20:57:20+00:00,2026-08-07T20:57:20+00:00
3233,Suez Governorate,65,2026-08-07T20:57:20+00:00,2026-08-07T20:57:20+00:00
3234,Gharbia Governorate,65,2026-08-07T20:57:20+00:00,2026-08-07T20:57:20+00:00
3235,Alexandria Governorate,65,2026-08-07T20:57:20+00:00,2026-08-07T20:57:20+00:00
3236,Asyut Governorate,65,2026-08-07T20:57:20+00:00,2026-08-07T20:57:20+00:00
3237,South Sinai Governorate,65,2026-08-07T20:57:20+00:00,2026-08-07T20:57:20+00:00
3238,Faiyum Governorate,65,2026-08-07T20:57:20+00:00,2026-08-07T20:57:20+00:00
3239,Giza Governorate,65,2026-08-07T20:57:20+00:00,2026-08-07T20:57:20+00:00
3240,Red Sea Governorate,65,2026-08-07T20:57:20+00:00,2026-08-07T20:57:20+00:00
3241,Beheira Governorate,65,2026-08-07T20:57:20+00:00,2026-08-07T20:57:20+00:00
3242,Luxor Governorate,65,2026-08-07T20:57:20+00:00,2026-08-07T20:57:20+00:00
3243,Minya Governorate,65,2026-08-07T20:57:20+00:00,2026-08-07T20:57:20+00:00
3244,Ismailia Governorate,65,2026-08-07T20:57:20+00:00,2026-08-07T20:57:20+00:00
3245,Dakahlia Governorate,65,2026-08-07T20:57:20+00:00,2026-08-07T20:57:20+00:00
3246,New Valley Governorate,65,2026-08-07T20:57:20+00:00,2026-08-07T20:57:20+00:00
3247,Qena Governorate,65,2026-08-07T20:57:20+00:00,2026-08-07T20:57:20+00:00
3248,Agaléga,140,2026-08-07T20:57:20+00:00,2026-08-07T20:57:20+00:00
3249,Rodrigues,140,2026-08-07T20:57:20+00:00,2026-08-07T20:57:20+00:00
3250,Pamplemousses District,140,2026-08-07T20:57:20+00:00,2026-08-07T20:57:20+00:00
3251,Cargados Carajos,140,2026-08-07T20:57:20+00:00,2026-08-07T20:57:20+00:00
3252,Vacoas-Phoenix,140,2026-08-07T20:57:20+00:00,2026-08-07T20:57:20+00:00
3253,Moka District,140,2026-08-07T20:57:20+00:00,2026-08-07T20:57:20+00:00
3254,Flacq District,140,2026-08-07T20:57:20+00:00,2026-08-07T20:57:20+00:00
3255,Curepipe,140,2026-08-07T20:57:20+00:00,2026-08-07T20:57:20+00:00
3256,Port Louis,140,2026-08-07T20:57:20+00:00,2026-08-07T20:57:20+00:00
3257,Savanne District,140,2026-08-07T20:57:20+00:00,2026-08-07T20:57:20+00:00
3258,Quatre Bornes,140,2026-08-07T20:57:20+00:00,2026-08-07T20:57:20+00:00
3259,Rivière Noire District,140,2026-08-07T20:57:20+00:00,2026-08-07T20:57:20+00:00
3260,Port Louis District,140,2026-08-07T20:57:20+00:00,2026-08-07T20:57:20+00:00
3261,Rivière du Rempart District,140,2026-08-07T20:57:20+00:00,2026-08-07T20:57:20+00:00
3262,Beau Bassin-Rose Hill,140,2026-08-07T20:57:20+00:00,2026-08-07T20:57:20+00:00
3263,Plaines Wilhems District,140,2026-08-07T20:57:20+00:00,2026-08-07T20:57:20+00:00
3264,Grand Port District,140,2026-08-07T20:57:20+00:00,2026-08-07T20:57:20+00:00
3265,Guelmim Province,149,2026-08-07T20:57:20+00:00,2026-08-07T20:57:20+00:00
3266,Aousserd Province,149,2026-08-07T20:57:20+00:00,2026-08-07T20:57:20+00:00
3267,Al Hoceïma Province,149,2026-08-07T20:57:20+00:00,2026-08-07T20:57:20+00:00
3268,Larache Province,149,2026-08-07T20:57:20+00:00,2026-08-07T20:57:20+00:00
3269,Ouarzazate Province,149,2026-08-07T20:57:20+00:00,2026-08-07T20:57:20+00:00
3270,Boulemane Province,149,2026-08-07T20:57:20+00:00,2026-08-07T20:57:20+00:00
3271,Oriental,149,2026-08-07T20:57:20+00:00,2026-08-07T20:57:20+00:00
3272,Béni-Mellal Province,149,2026-08-07T20:57:20+00:00,2026-08-07T20:57:20+00:00
3273,Sidi Youssef Ben Ali,149,2026-08-07T20:57:20+00:00,2026-08-07T20:57:20+00:00
3274,Chichaoua Province,149,2026-08-07T20:57:20+00:00,2026-08-07T20:57:20+00:00
3275,Boujdour Province,149,2026-08-07T20:57:20+00:00,2026-08-07T20:57:20+00:00
3276,Khémisset Province,149,2026-08-07T20:57:20+00:00,2026-08-07T20:57:20+00:00
3277,Tiznit Province,149,2026-08-07T20:57:20+00:00,2026-08-07T20:57:20+00:00
3278,Béni Mellal-Khénifra,149,2026-08-07T20:57:20+00:00,2026-08-07T20:57:20+00:00
3279,Sidi Kacem Province,149,2026-08-07T20:57:20+00:00,2026-08-07T20:57:20+00:00
3280,El Jadida Province,149,2026-08-07T20:57:20+00:00,2026-08-07T20:57:20+00:00
3281,Nador Province,149,2026-08-07T20:57:20+00:00,2026-08-07T20:57:20+00:00
3282,Settat Province,149,2026-08-07T20:57:20+00:00,2026-08-07T20:57:20+00:00
3283,Zagora Province,149,2026-08-07T20:57:20+00:00,2026-08-07T20:57:20+00:00
3284,Mediouna Province,149,2026-08-07T20:57:20+00:00,2026-08-07T20:57:20+00:00
3285,Berkane Province,149,2026-08-07T20:57:20+00:00,2026-08-07T20:57:20+00:00
3286,Tan-Tan Province,149,2026-08-07T20:57:20+00:00,2026-08-07T20:57:20+00:00
3287,Nouaceur Province,149,2026-08-07T20:57:20+00:00,2026-08-07T20:57:20+00:00
3288,Marrakesh-Safi,149,2026-08-07T20:57:20+00:00,2026-08-07T20:57:20+00:00
3289,Sefrou Province,149,2026-08-07T20:57:20+00:00,2026-08-07T20:57:20+00:00
3290,Drâa-Tafilalet,149,2026-08-07T20:57:20+00:00,2026-08-07T20:57:20+00:00
3291,El Hajeb Province,149,2026-08-07T20:57:20+00:00,2026-08-07T20:57:20+00:00
3292,Es Semara Province,149,2026-08-07T20:57:20+00:00,2026-08-07T20:57:20+00:00
3293,Laâyoune Province,149,2026-08-07T20:57:20+00:00,2026-08-07T20:57:20+00:00
3294,Inezgane-Aït Melloul Prefecture,149,2026-08-07T20:57:20+00:00,2026-08-07T20:57:20+00:00
3295,Souss-Massa,149,2026-08-07T20:57:20+00:00,2026-08-07T20:57:20+00:00
3296,Taza Province,149,2026-08-07T20:57:20+00:00,2026-08-07T20:57:20+00:00
3297,Assa-Zag Province,149,2026-08-07T20:57:20+00:00,2026-08-07T20:57:20+00:00
3298,Laâyoune-Sakia El Hamra,149,2026-08-07T20:57:20+00:00,2026-08-07T20:57:20+00:00
3299,Errachidia Province,149,2026-08-07T20:57:20+00:00,2026-08-07T20:57:20+00:00
3300,Fahs Anjra Province,149,2026-08-07T20:57:20+00:00,2026-08-07T20:57:20+00:00
3301,Figuig Province,149,2026-08-07T20:57:20+00:00,2026-08-07T20:57:20+00:00
3302,Shtouka Ait Baha Province,149,2026-08-07T20:57:20+00:00,2026-08-07T20:57:20+00:00
3303,Casablanca-Settat,149,2026-08-07T20:57:20+00:00,2026-08-07T20:57:20+00:00
3304,Ben Slimane Province,149,2026-08-07T20:57:20+00:00,2026-08-07T20:57:20+00:00
3305,Guelmim-Oued Noun,149,2026-08-07T20:57:20+00:00,2026-08-07T20:57:20+00:00
3306,Dakhla-Oued Ed-Dahab,149,2026-08-07T20:57:20+00:00,2026-08-07T20:57:20+00:00
3307,Jerada Province,149,2026-08-07T20:57:20+00:00,2026-08-07T20:57:20+00:00
3308,Kénitra Province,149,2026-08-07T20:57:20+00:00,2026-08-07T20:57:20+00:00
3309,Kelaat Sraghna Province,149,2026-08-07T20:57:20+00:00,2026-08-07T20:57:20+00:00
3310,Chefchaouen Province,149,2026-08-07T20:57:20+00:00,2026-08-07T20:57:20+00:00
3311,Safi Province,149,2026-08-07T20:57:20+00:00,2026-08-07T20:57:20+00:00
3312,Tata Province,149,2026-08-07T20:57:20+00:00,2026-08-07T20:57:20+00:00
3313,Fès-Meknès,149,2026-08-07T20:57:20+00:00,2026-08-07T20:57:20+00:00
3314,Taroudant Province,149,2026-08-07T20:57:20+00:00,2026-08-07T20:57:20+00:00
3315,Moulay Yacoub Province,149,2026-08-07T20:57:20+00:00,2026-08-07T20:57:20+00:00
3316,Essaouira Province,149,2026-08-07T20:57:20+00:00,2026-08-07T20:57:20+00:00
3317,Khénifra Province,149,2026-08-07T20:57:20+00:00,2026-08-07T20:57:20+00:00
3318,Tétouan Province,149,2026-08-07T20:57:20+00:00,2026-08-07T20:57:20+00:00
3319,Oued Ed-Dahab Province,149,2026-08-07T20:57:20+00:00,2026-08-07T20:57:20+00:00
3320,Al Haouz Province,149,2026-08-07T20:57:20+00:00,2026-08-07T20:57:20+00:00
3321,Azilal Province,149,2026-08-07T20:57:20+00:00,2026-08-07T20:57:20+00:00
3322,Taourirt Province,149,2026-08-07T20:57:20+00:00,2026-08-07T20:57:20+00:00
3323,Taounate Province,149,2026-08-07T20:57:20+00:00,2026-08-07T20:57:20+00:00
3324,Tanger-Tétouan-Al Hoceïma,149,2026-08-07T20:57:20+00:00,2026-08-07T20:57:20+00:00
3325,Ifrane Province,149,2026-08-07T20:57:20+00:00,2026-08-07T20:57:20+00:00
3326,Khouribga Province,149,2026-08-07T20:57:20+00:00,2026-08-07T20:57:20+00:00
3327,Cabo Delgado Province,150,2026-08-07T20:57:20+00:00,2026-08-07T20:57:20+00:00
3328,Zambezia Province,150,2026-08-07T20:57:20+00:00,2026-08-07T20:57:20+00:00
3329,Gaza Province,150,2026-08-07T20:57:20+00:00,2026-08-07T20:57:20+00:00
3330,Inhambane Province,150,2026-08-07T20:57:20+00:00,2026-08-07T20:57:20+00:00
3331,Sofala Province,150,2026-08-07T20:57:20+00:00,2026-08-07T20:57:20+00:00
3332,Maputo Province,150,2026-08-07T20:57:20+00:00,2026-08-07T20:57:20+00:00
3333,Niassa Province,150,2026-08-07T20:57:20+00:00,2026-08-07T20:57:20+00:00
3334,Tete Province,150,2026-08-07T20:57:20+00:00,2026-08-07T20:57:20+00:00
3335,Maputo,150,2026-08-07T20:57:20+00:00,2026-08-07T20:57:20+00:00
3336,Nampula Province,150,2026-08-07T20:57:20+00:00,2026-08-07T20:57:20+00:00
3337,Manica Province,150,2026-08-07T20:57:20+00:00,2026-08-07T20:57:20+00:00
3338,Hodh Ech Chargui Region,139,2026-08-07T20:57:20+00:00,2026-08-07T20:57:20+00:00
3339,Brakna Region,139,2026-08-07T20:57:20+00:00,2026-08-07T20:57:20+00:00
3340,Tiris Zemmour Region,139,2026-08-07T20:57:20+00:00,2026-08-07T20:57:20+00:00
3341,Gorgol Region,139,2026-08-07T20:57:20+00:00,2026-08-07T20:57:20+00:00
3342,Inchiri Region,139,2026-08-07T20:57:20+00:00,2026-08-07T20:57:20+00:00
3343,Nouakchott-Nord Region,139,2026-08-07T20:57:20+00:00,2026-08-07T20:57:20+00:00
3344,Adrar Region,139,2026-08-07T20:57:20+00:00,2026-08-07T20:57:20+00:00
3345,Tagant Region,139,2026-08-07T20:57:20+00:00,2026-08-07T20:57:20+00:00
3346,Dakhlet Nouadhibou,139,2026-08-07T20:57:20+00:00,2026-08-07T20:57:20+00:00
3347,Nouakchott-Sud Region,139,2026-08-07T20:57:20+00:00,2026-08-07T20:57:20+00:00
3348,Trarza Region,139,2026-08-07T20:57:20+00:00,2026-08-07T20:57:20+00:00
3349,Assaba Region,139,2026-08-07T20:57:20+00:00,2026-08-07T20:57:20+00:00
3350,Guidimaka Region,139,2026-08-07T20:57:20+00:00,2026-08-07T20:57:20+00:00
3351,Hodh El Gharbi Region,139,2026-08-07T20:57:20+00:00,2026-08-07T20:57:20+00:00
3352,Nouakchott-Ouest Region,139,2026-08-07T20:57:20+00:00,2026-08-07T20:57:20+00:00
3353,Western Tobago,223,2026-08-07T20:57:20+00:00,2026-08-07T20:57:20+00:00
3354,Couva-Tabaquite-Talparo Regional Corporation,223,2026-08-07T20:57:20+00:00,2026-08-07T20:57:20+00:00
3355,Eastern Tobago,223,2026-08-07T20:57:20+00:00,2026-08-07T20:57:20+00:00
3356,Rio Claro-Mayaro Regional Corporation,223,2026-08-07T20:57:20+00:00,2026-08-07T20:57:20+00:00
3357,San Juan-Laventille Regional Corporation,223,2026-08-07T20:57:20+00:00,2026-08-07T20:57:20+00:00
3358,Tunapuna-Piarco Regional Corporation,223,2026-08-07T20:57:20+00:00,2026-08-07T20:57:20+00:00
3359,San Fernando,223,2026-08-07T20:57:20+00:00,2026-08-07T20:57:20+00:00
3360,Point Fortin,223,2026-08-07T20:57:20+00:00,2026-08-07T20:57:20+00:00
3361,Sangre Grande Regional Corporation,223,2026-08-07T20:57:20+00:00,2026-08-07T20:57:20+00:00
3362,Arima,223,2026-08-07T20:57:20+00:00,2026-08-07T20:57:20+00:00
3363,Port of Spain,223,2026-08-07T20:57:20+00:00,2026-08-07T20:57:20+00:00
3364,Siparia Regional Corporation,223,2026-08-07T20:57:20+00:00,2026-08-07T20:57:20+00:00
3365,Penal-Debe Regional Corporation,223,2026-08-07T20:57:20+00:00,2026-08-07T20:57:20+00:00
3366,Chaguanas,223,2026-08-07T20:57:20+00:00,2026-08-07T20:57:20+00:00
3367,Diego Martin Regional Corporation,223,2026-08-07T20:57:20+00:00,2026-08-07T20:57:20+00:00
3368,Princes Town Regional Corporation,223,2026-08-07T20:57:20+00:00,2026-08-07T20:57:20+00:00
3369,Mary Region,226,2026-08-07T20:57:20+00:00,2026-08-07T20:57:20+00:00
3370,Lebap Region,226,2026-08-07T20:57:20+00:00,2026-08-07T20:57:20+00:00
3371,Ashgabat,226,2026-08-07T20:57:20+00:00,2026-08-07T20:57:20+00:00
3372,Balkan Region,226,2026-08-07T20:57:20+00:00,2026-08-07T20:57:20+00:00
3373,Daşoguz Region,226,2026-08-07T20:57:20+00:00,2026-08-07T20:57:20+00:00
3374,Ahal Region,226,2026-08-07T20:57:20+00:00,2026-08-07T20:57:20+00:00
3375,Beni Department,27,2026-08-07T20:57:20+00:00,2026-08-07T20:57:20+00:00
3376,Oruro Department,27,2026-08-07T20:57:20+00:00,2026-08-07T20:57:20+00:00
3377,Santa Cruz Department,27,2026-08-07T20:57:20+00:00,2026-08-07T20:57:20+00:00
3378,Tarija Department,27,2026-08-07T20:57:20+00:00,2026-08-07T20:57:20+00:00
3379,Pando Department,27,2026-08-07T20:57:20+00:00,2026-08-07T20:57:20+00:00
3380,La Paz Department,27,2026-08-07T20:57:20+00:00,2026-08-07T20:57:20+00:00
3381,Cochabamba Department,27,2026-08-07T20:57:20+00:00,2026-08-07T20:57:20+00:00
3382,Chuquisaca Department,27,2026-08-07T20:57:20+00:00,2026-08-07T20:57:20+00:00
3383,Potosí Department,27,2026-08-07T20:57:20+00:00,2026-08-07T20:57:20+00:00
3384,Saint George Parish,188,2026-08-07T20:57:20+00:00,2026-08-07T20:57:20+00:00
3385,Saint Patrick Parish,188,2026-08-07T20:57:20+00:00,2026-08-07T20:57:20+00:00
3386,Saint Andrew Parish,188,2026-08-07T20:57:20+00:00,2026-08-07T20:57:20+00:00
3387,Saint David Parish,188,2026-08-07T20:57:20+00:00,2026-08-07T20:57:20+00:00
3388,Grenadines Parish,188,2026-08-07T20:57:20+00:00,2026-08-07T20:57:20+00:00
3389,Charlotte Parish,188,2026-08-07T20:57:20+00:00,2026-08-07T20:57:20+00:00
3390,Sharjah Emirate,231,2026-08-07T20:57:20+00:00,2026-08-07T20:57:20+00:00
3391,Dubai,231,2026-08-07T20:57:20+00:00,2026-08-07T20:57:20+00:00
3392,Umm al-Quwain,231,2026-08-07T20:57:20+00:00,2026-08-07T20:57:20+00:00
3393,Fujairah,231,2026-08-07T20:57:20+00:00,2026-08-07T20:57:20+00:00
3394,Ras al-Khaimah,231,2026-08-07T20:57:20+00:00,2026-08-07T20:57:20+00:00
3395,Ajman Emirate,231,2026-08-07T20:57:20+00:00,2026-08-07T20:57:20+00:00
3396,Abu Dhabi Emirate,231,2026-08-07T20:57:20+00:00,2026-08-07T20:57:20+00:00
3397,districts of Republican Subordination,217,2026-08-07T20:57:20+00:00,2026-08-07T20:57:20+00:00
3398,Khatlon Province,217,2026-08-07T20:57:20+00:00,2026-08-07T20:57:20+00:00
3399,Gorno-Badakhshan Autonomous Province,217,2026-08-07T20:57:20+00:00,2026-08-07T20:57:20+00:00
3400,Sughd Province,217,2026-08-07T20:57:20+00:00,2026-08-07T20:57:20+00:00
3401,Tainan County,216,2026-08-07T20:57:20+00:00,2026-08-07T20:57:20+00:00
3402,Yilan County,216,2026-08-07T20:57:20+00:00,2026-08-07T20:57:20+00:00
3403,Penghu County,216,2026-08-07T20:57:20+00:00,2026-08-07T20:57:20+00:00
3404,Changhua County,216,2026-08-07T20:57:20+00:00,2026-08-07T20:57:20+00:00
3405,Pingtung County,216,2026-08-07T20:57:20+00:00,2026-08-07T20:57:20+00:00
3406,Taichung,216,2026-08-07T20:57:20+00:00,2026-08-07T20:57:20+00:00
3407,Nantou County,216,2026-08-07T20:57:20+00:00,2026-08-07T20:57:20+00:00
3408,Chiayi County,216,2026-08-07T20:57:20+00:00,2026-08-07T20:57:20+00:00
3409,Kaohsiung County,216,2026-08-07T20:57:20+00:00,2026-08-07T20:57:20+00:00
3410,Taitung County,216,2026-08-07T20:57:20+00:00,2026-08-07T20:57:20+00:00
3411,Hualien County,216,2026-08-07T20:57:20+00:00,2026-08-07T20:57:20+00:00
3412,Kaohsiung,216,2026-08-07T20:57:20+00:00,2026-08-07T20:57:20+00:00
3413,Miaoli County,216,2026-08-07T20:57:20+00:00,2026-08-07T20:57:20+00:00
3414,Taichung County,216,2026-08-07T20:57:20+00:00,2026-08-07T20:57:20+00:00
3415,Kinmen,216,2026-08-07T20:57:20+00:00,2026-08-07T20:57:20+00:00
3416,Yunlin County,216,2026-08-07T20:57:20+00:00,2026-08-07T20:57:20+00:00
3417,Hsinchu,216,2026-08-07T20:57:20+00:00,2026-08-07T20:57:20+00:00
3418,Chiayi City,216,2026-08-07T20:57:20+00:00,2026-08-07T20:57:20+00:00
3419,Taoyuan City,216,2026-08-07T20:57:20+00:00,2026-08-07T20:57:20+00:00
3420,Lienchiang County,216,2026-08-07T20:57:20+00:00,2026-08-07T20:57:20+00:00
3421,Tainan,216,2026-08-07T20:57:20+00:00,2026-08-07T20:57:20+00:00
3422,Taipei,216,2026-08-07T20:57:20+00:00,2026-08-07T20:57:20+00:00
3423,Hsinchu County,216,2026-08-07T20:57:20+00:00,2026-08-07T20:57:20+00:00
3424,Northern Red Sea Region,68,2026-08-07T20:57:20+00:00,2026-08-07T20:57:20+00:00
3425,Anseba Region,68,2026-08-07T20:57:20+00:00,2026-08-07T20:57:20+00:00
3426,Maekel Region,68,2026-08-07T20:57:20+00:00,2026-08-07T20:57:20+00:00
3427,Debub Region,68,2026-08-07T20:57:20+00:00,2026-08-07T20:57:20+00:00
3428,Gash-Barka Region,68,2026-08-07T20:57:20+00:00,2026-08-07T20:57:20+00:00
3429,Southern Red Sea Region,68,2026-08-07T20:57:20+00:00,2026-08-07T20:57:20+00:00
3430,Southern Peninsula Region,100,2026-08-07T20:57:20+00:00,2026-08-07T20:57:20+00:00
3431,Capital Region,100,2026-08-07T20:57:20+00:00,2026-08-07T20:57:20+00:00
3432,Westfjords,100,2026-08-07T20:57:20+00:00,2026-08-07T20:57:20+00:00
3433,Eastern Region,100,2026-08-07T20:57:20+00:00,2026-08-07T20:57:20+00:00
3434,Southern Region,100,2026-08-07T20:57:20+00:00,2026-08-07T20:57:20+00:00
3435,Northwestern Region,100,2026-08-07T20:57:20+00:00,2026-08-07T20:57:20+00:00
3436,Western Region,100,2026-08-07T20:57:20+00:00,2026-08-07T20:57:20+00:00
3437,Northeastern Region,100,2026-08-07T20:57:20+00:00,2026-08-07T20:57:20+00:00
3438,Río Muni,67,2026-08-07T20:57:20+00:00,2026-08-07T20:57:20+00:00
3439,Kié-Ntem Province,67,2026-08-07T20:57:20+00:00,2026-08-07T20:57:20+00:00
3440,Wele-Nzas Province,67,2026-08-07T20:57:20+00:00,2026-08-07T20:57:20+00:00
3441,Litoral Province,67,2026-08-07T20:57:20+00:00,2026-08-07T20:57:20+00:00
3442,Insular Region,67,2026-08-07T20:57:20+00:00,2026-08-07T20:57:20+00:00
3443,Bioko Sur Province,67,2026-08-07T20:57:20+00:00,2026-08-07T20:57:20+00:00
3444,Annobón Province,67,2026-08-07T20:57:20+00:00,2026-08-07T20:57:20+00:00
3445,Centro Sur Province,67,2026-08-07T20:57:20+00:00,2026-08-07T20:57:20+00:00
3446,Bioko Norte Province,67,2026-08-07T20:57:20+00:00,2026-08-07T20:57:20+00:00
3447,Chihuahua,142,2026-08-07T20:57:20+00:00,2026-08-07T20:57:20+00:00
3448,Oaxaca,142,2026-08-07T20:57:20+00:00,2026-08-07T20:57:20+00:00
3449,Sinaloa,142,2026-08-07T20:57:20+00:00,2026-08-07T20:57:20+00:00
3450,México,142,2026-08-07T20:57:20+00:00,2026-08-07T20:57:20+00:00
3451,Chiapas,142,2026-08-07T20:57:20+00:00,2026-08-07T20:57:20+00:00
3452,Nuevo León,142,2026-08-07T20:57:20+00:00,2026-08-07T20:57:20+00:00
3453,Durango,142,2026-08-07T20:57:20+00:00,2026-08-07T20:57:20+00:00
3454,Tabasco,142,2026-08-07T20:57:20+00:00,2026-08-07T20:57:20+00:00
3455,Querétaro,142,2026-08-07T20:57:20+00:00,2026-08-07T20:57:20+00:00
3456,Aguascalientes,142,2026-08-07T20:57:20+00:00,2026-08-07T20:57:20+00:00
3457,Baja California,142,2026-08-07T20:57:20+00:00,2026-08-07T20:57:20+00:00
3458,Tlaxcala,142,2026-08-07T20:57:20+00:00,2026-08-07T20:57:20+00:00
3459,Guerrero,142,2026-08-07T20:57:20+00:00,2026-08-07T20:57:20+00:00
3460,Baja California Sur,142,2026-08-07T20:57:20+00:00,2026-08-07T20:57:20+00:00
3461,San Luis Potosí,142,2026-08-07T20:57:20+00:00,2026-08-07T20:57:20+00:00
3462,Zacatecas,142,2026-08-07T20:57:20+00:00,2026-08-07T20:57:20+00:00
3463,Tamaulipas,142,2026-08-07T20:57:20+00:00,2026-08-07T20:57:20+00:00
3464,Veracruz,142,2026-08-07T20:57:20+00:00,2026-08-07T20:57:20+00:00
3465,Morelos,142,2026-08-07T20:57:20+00:00,2026-08-07T20:57:20+00:00
3466,Yucatán,142,2026-08-07T20:57:20+00:00,2026-08-07T20:57:20+00:00
3467,Quintana Roo,142,2026-08-07T20:57:20+00:00,2026-08-07T20:57:20+00:00
3468,Sonora,142,2026-08-07T20:57:20+00:00,2026-08-07T20:57:20+00:00
3469,Guanajuato,142,2026-08-07T20:57:20+00:00,2026-08-07T20:57:20+00:00
3470,Hidalgo,142,2026-08-07T20:57:20+00:00,2026-08-07T20:57:20+00:00
3471,Coahuila,142,2026-08-07T20:57:20+00:00,2026-08-07T20:57:20+00:00
3472,Colima,142,2026-08-07T20:57:20+00:00,2026-08-07T20:57:20+00:00
3473,Mexico City,142,2026-08-07T20:57:20+00:00,2026-08-07T20:57:20+00:00
3474,Michoacán,142,2026-08-07T20:57:20+00:00,2026-08-07T20:57:20+00:00
3475,Campeche,142,2026-08-07T20:57:20+00:00,2026-08-07T20:57:20+00:00
3476,Puebla,142,2026-08-07T20:57:20+00:00,2026-08-07T20:57:20+00:00
3477,Nayarit,142,2026-08-07T20:57:20+00:00,2026-08-07T20:57:20+00:00
3478,Krabi,219,2026-08-07T20:57:20+00:00,2026-08-07T20:57:20+00:00
3479,Ranong,219,2026-08-07T20:57:20+00:00,2026-08-07T20:57:20+00:00
3480,Nong Bua Lam Phu,219,2026-08-07T20:57:20+00:00,2026-08-07T20:57:20+00:00
3481,Samut Prakan,219,2026-08-07T20:57:20+00:00,2026-08-07T20:57:20+00:00
3482,Surat Thani,219,2026-08-07T20:57:20+00:00,2026-08-07T20:57:20+00:00
3483,Lamphun,219,2026-08-07T20:57:20+00:00,2026-08-07T20:57:20+00:00
3484,Nong Khai,219,2026-08-07T20:57:20+00:00,2026-08-07T20:57:20+00:00
3485,Khon Kaen,219,2026-08-07T20:57:20+00:00,2026-08-07T20:57:20+00:00
3486,Chanthaburi,219,2026-08-07T20:57:20+00:00,2026-08-07T20:57:20+00:00
3487,Saraburi,219,2026-08-07T20:57:20+00:00,2026-08-07T20:57:20+00:00
3488,Phatthalung,219,2026-08-07T20:57:20+00:00,2026-08-07T20:57:20+00:00
3489,Uttaradit,219,2026-08-07T20:57:20+00:00,2026-08-07T20:57:20+00:00
3490,Sing Buri,219,2026-08-07T20:57:20+00:00,2026-08-07T20:57:20+00:00
3491,Chiang Mai,219,2026-08-07T20:57:20+00:00,2026-08-07T20:57:20+00:00
3492,Nakhon Sawan,219,2026-08-07T20:57:20+00:00,2026-08-07T20:57:20+00:00
3493,Yala,219,2026-08-07T20:57:20+00:00,2026-08-07T20:57:20+00:00
3494,Phra Nakhon Si Ayutthaya,219,2026-08-07T20:57:20+00:00,2026-08-07T20:57:20+00:00
3495,Nonthaburi,219,2026-08-07T20:57:20+00:00,2026-08-07T20:57:20+00:00
3496,Trat,219,2026-08-07T20:57:20+00:00,2026-08-07T20:57:20+00:00
3497,Nakhon Ratchasima,219,2026-08-07T20:57:20+00:00,2026-08-07T20:57:20+00:00
3498,Chiang Rai,219,2026-08-07T20:57:20+00:00,2026-08-07T20:57:20+00:00
3499,Ratchaburi,219,2026-08-07T20:57:20+00:00,2026-08-07T20:57:20+00:00
3500,Pathum Thani,219,2026-08-07T20:57:20+00:00,2026-08-07T20:57:20+00:00
3501,Sakon Nakhon,219,2026-08-07T20:57:20+00:00,2026-08-07T20:57:20+00:00
3502,Samut Songkhram,219,2026-08-07T20:57:20+00:00,2026-08-07T20:57:20+00:00
3503,Nakhon Pathom,219,2026-08-07T20:57:20+00:00,2026-08-07T20:57:20+00:00
3504,Samut Sakhon,219,2026-08-07T20:57:20+00:00,2026-08-07T20:57:20+00:00
3505,Mae Hong Son,219,2026-08-07T20:57:20+00:00,2026-08-07T20:57:20+00:00
3506,Phitsanulok,219,2026-08-07T20:57:20+00:00,2026-08-07T20:57:20+00:00
3507,Pattaya,219,2026-08-07T20:57:20+00:00,2026-08-07T20:57:20+00:00
3508,Prachuap Khiri Khan,219,2026-08-07T20:57:20+00:00,2026-08-07T20:57:20+00:00
3509,Loei,219,2026-08-07T20:57:20+00:00,2026-08-07T20:57:20+00:00
3510,Roi Et,219,2026-08-07T20:57:20+00:00,2026-08-07T20:57:20+00:00
3511,Kanchanaburi,219,2026-08-07T20:57:20+00:00,2026-08-07T20:57:20+00:00
3512,Ubon Ratchathani,219,2026-08-07T20:57:20+00:00,2026-08-07T20:57:20+00:00
3513,Chon Buri,219,2026-08-07T20:57:20+00:00,2026-08-07T20:57:20+00:00
3514,Phichit,219,2026-08-07T20:57:20+00:00,2026-08-07T20:57:20+00:00
3515,Phetchabun,219,2026-08-07T20:57:20+00:00,2026-08-07T20:57:20+00:00
3516,Kamphaeng Phet,219,2026-08-07T20:57:20+00:00,2026-08-07T20:57:20+00:00
3517,Maha Sarakham,219,2026-08-07T20:57:20+00:00,2026-08-07T20:57:20+00:00
3518,Rayong,219,2026-08-07T20:57:20+00:00,2026-08-07T20:57:20+00:00
3519,Ang Thong,219,2026-08-07T20:57:20+00:00,2026-08-07T20:57:20+00:00
3520,Nakhon Si Thammarat,219,2026-08-07T20:57:20+00:00,2026-08-07T20:57:20+00:00
3521,Yasothon,219,2026-08-07T20:57:20+00:00,2026-08-07T20:57:20+00:00
3522,Chai Nat,219,2026-08-07T20:57:20+00:00,2026-08-07T20:57:20+00:00
3523,Amnat Charoen,219,2026-08-07T20:57:20+00:00,2026-08-07T20:57:20+00:00
3524,Suphanburi,219,2026-08-07T20:57:20+00:00,2026-08-07T20:57:20+00:00
3525,Tak,219,2026-08-07T20:57:20+00:00,2026-08-07T20:57:20+00:00
3526,Chumphon,219,2026-08-07T20:57:20+00:00,2026-08-07T20:57:20+00:00
3527,Udon Thani,219,2026-08-07T20:57:20+00:00,2026-08-07T20:57:20+00:00
3528,Phrae,219,2026-08-07T20:57:20+00:00,2026-08-07T20:57:20+00:00
3529,Sa Kaeo,219,2026-08-07T20:57:20+00:00,2026-08-07T20:57:20+00:00
3530,Nan,219,2026-08-07T20:57:20+00:00,2026-08-07T20:57:20+00:00
3531,Surin,219,2026-08-07T20:57:20+00:00,2026-08-07T20:57:20+00:00
3532,Phetchaburi,219,2026-08-07T20:57:20+00:00,2026-08-07T20:57:20+00:00
3533,Bueng Kan,219,2026-08-07T20:57:20+00:00,2026-08-07T20:57:20+00:00
3534,Buri Ram,219,2026-08-07T20:57:20+00:00,2026-08-07T20:57:20+00:00
3535,Nakhon Nayok,219,2026-08-07T20:57:20+00:00,2026-08-07T20:57:20+00:00
3536,Phuket,219,2026-08-07T20:57:20+00:00,2026-08-07T20:57:20+00:00
3537,Satun,219,2026-08-07T20:57:20+00:00,2026-08-07T20:57:20+00:00
3538,Phayao,219,2026-08-07T20:57:20+00:00,2026-08-07T20:57:20+00:00
3539,Songkhla,219,2026-08-07T20:57:20+00:00,2026-08-07T20:57:20+00:00
3540,Pattani,219,2026-08-07T20:57:20+00:00,2026-08-07T20:57:20+00:00
3541,Trang,219,2026-08-07T20:57:20+00:00,2026-08-07T20:57:20+00:00
3542,Prachin Buri,219,2026-08-07T20:57:20+00:00,2026-08-07T20:57:20+00:00
3543,Lopburi,219,2026-08-07T20:57:20+00:00,2026-08-07T20:57:20+00:00
3544,Lampang,219,2026-08-07T20:57:20+00:00,2026-08-07T20:57:20+00:00
3545,Sukhothai,219,2026-08-07T20:57:20+00:00,2026-08-07T20:57:20+00:00
3546,Mukdahan,219,2026-08-07T20:57:20+00:00,2026-08-07T20:57:20+00:00
3547,Si Sa Ket,219,2026-08-07T20:57:20+00:00,2026-08-07T20:57:20+00:00
3548,Nakhon Phanom,219,2026-08-07T20:57:20+00:00,2026-08-07T20:57:20+00:00
3549,Phang Nga,219,2026-08-07T20:57:20+00:00,2026-08-07T20:57:20+00:00
3550,Kalasin,219,2026-08-07T20:57:20+00:00,2026-08-07T20:57:20+00:00
3551,Uthai Thani,219,2026-08-07T20:57:20+00:00,2026-08-07T20:57:20+00:00
3552,Chachoengsao,219,2026-08-07T20:57:20+00:00,2026-08-07T20:57:20+00:00
3553,Narathiwat,219,2026-08-07T20:57:20+00:00,2026-08-07T20:57:20+00:00
3554,Bangkok,219,2026-08-07T20:57:20+00:00,2026-08-07T20:57:20+00:00
3555,Hiiu County,69,2026-08-07T20:57:20+00:00,2026-08-07T20:57:20+00:00
3556,Viljandi County,69,2026-08-07T20:57:20+00:00,2026-08-07T20:57:20+00:00
3557,Tartu County,69,2026-08-07T20:57:20+00:00,2026-08-07T20:57:20+00:00
3558,Valga County,69,2026-08-07T20:57:20+00:00,2026-08-07T20:57:20+00:00
3559,Rapla County,69,2026-08-07T20:57:20+00:00,2026-08-07T20:57:20+00:00
3560,Võru County,69,2026-08-07T20:57:20+00:00,2026-08-07T20:57:20+00:00
3561,Saare County,69,2026-08-07T20:57:20+00:00,2026-08-07T20:57:20+00:00
3562,Pärnu County,69,2026-08-07T20:57:20+00:00,2026-08-07T20:57:20+00:00
3563,Põlva County,69,2026-08-07T20:57:20+00:00,2026-08-07T20:57:20+00:00
3564,Lääne-Viru County,69,2026-08-07T20:57:20+00:00,2026-08-07T20:57:20+00:00
3565,Jõgeva County,69,2026-08-07T20:57:20+00:00,2026-08-07T20:57:20+00:00
3566,Järva County,69,2026-08-07T20:57:20+00:00,2026-08-07T20:57:20+00:00
3567,Harju County,69,2026-08-07T20:57:20+00:00,2026-08-07T20:57:20+00:00
3568,Lääne County,69,2026-08-07T20:57:20+00:00,2026-08-07T20:57:20+00:00
3569,Ida-Viru County,69,2026-08-07T20:57:20+00:00,2026-08-07T20:57:20+00:00
3570,Moyen-Chari Region,43,2026-08-07T20:57:20+00:00,2026-08-07T20:57:20+00:00
3571,Mayo-Kebbi Ouest Region,43,2026-08-07T20:57:20+00:00,2026-08-07T20:57:20+00:00
3572,Sila Region,43,2026-08-07T20:57:20+00:00,2026-08-07T20:57:20+00:00
3573,Hadjer-Lamis,43,2026-08-07T20:57:20+00:00,2026-08-07T20:57:20+00:00
3574,Borkou,43,2026-08-07T20:57:20+00:00,2026-08-07T20:57:20+00:00
3575,Ennedi-Est,43,2026-08-07T20:57:20+00:00,2026-08-07T20:57:20+00:00
3576,Guéra Region,43,2026-08-07T20:57:20+00:00,2026-08-07T20:57:20+00:00
3577,Lac Region,43,2026-08-07T20:57:20+00:00,2026-08-07T20:57:20+00:00
3578,Ennedi Region,43,2026-08-07T20:57:20+00:00,2026-08-07T20:57:20+00:00
3579,Tandjilé Region,43,2026-08-07T20:57:20+00:00,2026-08-07T20:57:20+00:00
3580,Mayo-Kebbi Est Region,43,2026-08-07T20:57:20+00:00,2026-08-07T20:57:20+00:00
3581,Wadi Fira Region,43,2026-08-07T20:57:20+00:00,2026-08-07T20:57:20+00:00
3582,Ouaddaï Region,43,2026-08-07T20:57:20+00:00,2026-08-07T20:57:20+00:00
3583,Bahr el Gazel,43,2026-08-07T20:57:20+00:00,2026-08-07T20:57:20+00:00
3584,Ennedi-Ouest,43,2026-08-07T20:57:20+00:00,2026-08-07T20:57:20+00:00
3585,Logone Occidental Region,43,2026-08-07T20:57:20+00:00,2026-08-07T20:57:20+00:00
3586,N'Djamena,43,2026-08-07T20:57:20+00:00,2026-08-07T20:57:20+00:00
3587,Tibesti Region,43,2026-08-07T20:57:20+00:00,2026-08-07T20:57:20+00:00
3588,Kanem Region,43,2026-08-07T20:57:20+00:00,2026-08-07T20:57:20+00:00
3589,Mandoul Region,43,2026-08-07T20:57:20+00:00,2026-08-07T20:57:20+00:00
3590,Batha Region,43,2026-08-07T20:57:20+00:00,2026-08-07T20:57:20+00:00
3591,Logone Oriental Region,43,2026-08-07T20:57:20+00:00,2026-08-07T20:57:20+00:00
3592,Salamat Region,43,2026-08-07T20:57:20+00:00,2026-08-07T20:57:20+00:00
3593,Berry Islands,17,2026-08-07T20:57:20+00:00,2026-08-07T20:57:20+00:00
3594,Nichollstown and Berry Islands,17,2026-08-07T20:57:20+00:00,2026-08-07T20:57:20+00:00
3595,Green Turtle Cay,17,2026-08-07T20:57:20+00:00,2026-08-07T20:57:20+00:00
3596,Central Eleuthera,17,2026-08-07T20:57:20+00:00,2026-08-07T20:57:20+00:00
3597,Governor's Harbour,17,2026-08-07T20:57:20+00:00,2026-08-07T20:57:20+00:00
3598,High Rock,17,2026-08-07T20:57:20+00:00,2026-08-07T20:57:20+00:00
3599,West Grand Bahama,17,2026-08-07T20:57:20+00:00,2026-08-07T20:57:20+00:00
3600,Rum Cay District,17,2026-08-07T20:57:20+00:00,2026-08-07T20:57:20+00:00
3601,Acklins,17,2026-08-07T20:57:20+00:00,2026-08-07T20:57:20+00:00
3602,North Eleuthera,17,2026-08-07T20:57:20+00:00,2026-08-07T20:57:20+00:00
3603,Central Abaco,17,2026-08-07T20:57:20+00:00,2026-08-07T20:57:20+00:00
3604,Marsh Harbour,17,2026-08-07T20:57:20+00:00,2026-08-07T20:57:20+00:00
3605,Black Point,17,2026-08-07T20:57:20+00:00,2026-08-07T20:57:20+00:00
3606,Sandy Point,17,2026-08-07T20:57:20+00:00,2026-08-07T20:57:20+00:00
3607,South Eleuthera,17,2026-08-07T20:57:20+00:00,2026-08-07T20:57:20+00:00
3608,South Abaco,17,2026-08-07T20:57:20+00:00,2026-08-07T20:57:20+00:00
3609,Inagua,17,2026-08-07T20:57:20+00:00,2026-08-07T20:57:20+00:00
3610,Long Island,17,2026-08-07T20:57:20+00:00,2026-08-07T20:57:20+00:00
3611,Cat Island,17,2026-08-07T20:57:20+00:00,2026-08-07T20:57:20+00:00
3612,Exuma,17,2026-08-07T20:57:20+00:00,2026-08-07T20:57:20+00:00
3613,Harbour Island,17,2026-08-07T20:57:20+00:00,2026-08-07T20:57:20+00:00
3614,East Grand Bahama,17,2026-08-07T20:57:20+00:00,2026-08-07T20:57:20+00:00
3615,Ragged Island,17,2026-08-07T20:57:20+00:00,2026-08-07T20:57:20+00:00
3616,North Abaco,17,2026-08-07T20:57:20+00:00,2026-08-07T20:57:20+00:00
3617,North Andros,17,2026-08-07T20:57:20+00:00,2026-08-07T20:57:20+00:00
3618,Kemps Bay,17,2026-08-07T20:57:20+00:00,2026-08-07T20:57:20+00:00
3619,Fresh Creek,17,2026-08-07T20:57:20+00:00,2026-08-07T20:57:20+00:00
3620,San Salvador and Rum Cay,17,2026-08-07T20:57:20+00:00,2026-08-07T20:57:20+00:00
3621,Crooked Island,17,2026-08-07T20:57:20+00:00,2026-08-07T20:57:20+00:00
3622,South Andros,17,2026-08-07T20:57:20+00:00,2026-08-07T20:57:20+00:00
3623,Rock Sound,17,2026-08-07T20:57:20+00:00,2026-08-07T20:57:20+00:00
3624,Hope Town,17,2026-08-07T20:57:20+00:00,2026-08-07T20:57:20+00:00
3625,Mangrove Cay,17,2026-08-07T20:57:20+00:00,2026-08-07T20:57:20+00:00
3626,Freeport,17,2026-08-07T20:57:20+00:00,2026-08-07T20:57:20+00:00
3627,San Salvador Island,17,2026-08-07T20:57:20+00:00,2026-08-07T20:57:20+00:00
3628,Acklins and Crooked Islands,17,2026-08-07T20:57:20+00:00,2026-08-07T20:57:20+00:00
3629,Bimini,17,2026-08-07T20:57:20+00:00,2026-08-07T20:57:20+00:00
3630,Spanish Wells,17,2026-08-07T20:57:20+00:00,2026-08-07T20:57:20+00:00
3631,Central Andros,17,2026-08-07T20:57:20+00:00,2026-08-07T20:57:20+00:00
3632,Grand Cay,17,2026-08-07T20:57:20+00:00,2026-08-07T20:57:20+00:00
3633,Mayaguana District,17,2026-08-07T20:57:20+00:00,2026-08-07T20:57:20+00:00
3634,San Juan Province,11,2026-08-07T20:57:20+00:00,2026-08-07T20:57:20+00:00
3635,Santiago del Estero Province,11,2026-08-07T20:57:20+00:00,2026-08-07T20:57:20+00:00
3636,San Luis Province,11,2026-08-07T20:57:20+00:00,2026-08-07T20:57:20+00:00
3637,Tucumán Province,11,2026-08-07T20:57:20+00:00,2026-08-07T20:57:20+00:00
3638,Corrientes,11,2026-08-07T20:57:20+00:00,2026-08-07T20:57:20+00:00
3639,Río Negro Province,11,2026-08-07T20:57:20+00:00,2026-08-07T20:57:20+00:00
3640,Chaco Province,11,2026-08-07T20:57:20+00:00,2026-08-07T20:57:20+00:00
3641,Santa Fe Province,11,2026-08-07T20:57:20+00:00,2026-08-07T20:57:20+00:00
3642,Córdoba Province,11,2026-08-07T20:57:20+00:00,2026-08-07T20:57:20+00:00
3643,Salta Province,11,2026-08-07T20:57:20+00:00,2026-08-07T20:57:20+00:00
3644,Misiones Province,11,2026-08-07T20:57:20+00:00,2026-08-07T20:57:20+00:00
3645,Jujuy Province,11,2026-08-07T20:57:20+00:00,2026-08-07T20:57:20+00:00
3646,Mendoza,11,2026-08-07T20:57:20+00:00,2026-08-07T20:57:20+00:00
3647,Catamarca Province,11,2026-08-07T20:57:20+00:00,2026-08-07T20:57:20+00:00
3648,Neuquén Province,11,2026-08-07T20:57:20+00:00,2026-08-07T20:57:20+00:00
3649,Santa Cruz Province,11,2026-08-07T20:57:20+00:00,2026-08-07T20:57:20+00:00
3650,Tierra del Fuego Province,11,2026-08-07T20:57:20+00:00,2026-08-07T20:57:20+00:00
3651,Chubut Province,11,2026-08-07T20:57:20+00:00,2026-08-07T20:57:20+00:00
3652,Formosa Province,11,2026-08-07T20:57:20+00:00,2026-08-07T20:57:20+00:00
3653,La Rioja Province,11,2026-08-07T20:57:20+00:00,2026-08-07T20:57:20+00:00
3654,Entre Ríos Province,11,2026-08-07T20:57:20+00:00,2026-08-07T20:57:20+00:00
3655,La Pampa,11,2026-08-07T20:57:20+00:00,2026-08-07T20:57:20+00:00
3656,Buenos Aires Province,11,2026-08-07T20:57:20+00:00,2026-08-07T20:57:20+00:00
3657,Quiché Department,90,2026-08-07T20:57:20+00:00,2026-08-07T20:57:20+00:00
3658,Jalapa Department,90,2026-08-07T20:57:20+00:00,2026-08-07T20:57:20+00:00
3659,Izabal Department,90,2026-08-07T20:57:20+00:00,2026-08-07T20:57:20+00:00
3660,Suchitepéquez Department,90,2026-08-07T20:57:20+00:00,2026-08-07T20:57:20+00:00
3661,Sololá Department,90,2026-08-07T20:57:20+00:00,2026-08-07T20:57:20+00:00
3662,El Progreso Department,90,2026-08-07T20:57:20+00:00,2026-08-07T20:57:20+00:00
3663,Totonicapán Department,90,2026-08-07T20:57:20+00:00,2026-08-07T20:57:20+00:00
3664,Retalhuleu Department,90,2026-08-07T20:57:20+00:00,2026-08-07T20:57:20+00:00
3665,Santa Rosa Department,90,2026-08-07T20:57:20+00:00,2026-08-07T20:57:20+00:00
3666,Chiquimula Department,90,2026-08-07T20:57:20+00:00,2026-08-07T20:57:20+00:00
3667,San Marcos Department,90,2026-08-07T20:57:20+00:00,2026-08-07T20:57:20+00:00
3668,Quetzaltenango Department,90,2026-08-07T20:57:20+00:00,2026-08-07T20:57:20+00:00
3669,Petén Department,90,2026-08-07T20:57:20+00:00,2026-08-07T20:57:20+00:00
3670,Huehuetenango Department,90,2026-08-07T20:57:20+00:00,2026-08-07T20:57:20+00:00
3671,Alta Verapaz Department,90,2026-08-07T20:57:20+00:00,2026-08-07T20:57:20+00:00
3672,Guatemala Department,90,2026-08-07T20:57:20+00:00,2026-08-07T20:57:20+00:00
3673,Jutiapa Department,90,2026-08-07T20:57:20+00:00,2026-08-07T20:57:20+00:00
3674,Baja Verapaz Department,90,2026-08-07T20:57:20+00:00,2026-08-07T20:57:20+00:00
3675,Chimaltenango Department,90,2026-08-07T20:57:20+00:00,2026-08-07T20:57:20+00:00
3676,Sacatepéquez Department,90,2026-08-07T20:57:20+00:00,2026-08-07T20:57:20+00:00
3677,Escuintla Department,90,2026-08-07T20:57:20+00:00,2026-08-07T20:57:20+00:00
3678,Madre de Dios,173,2026-08-07T20:57:20+00:00,2026-08-07T20:57:20+00:00
3679,Huancavelica,173,2026-08-07T20:57:20+00:00,2026-08-07T20:57:20+00:00
3680,Áncash,173,2026-08-07T20:57:20+00:00,2026-08-07T20:57:20+00:00
3681,Arequipa,173,2026-08-07T20:57:20+00:00,2026-08-07T20:57:20+00:00
3682,Puno,173,2026-08-07T20:57:20+00:00,2026-08-07T20:57:20+00:00
3683,La Libertad,173,2026-08-07T20:57:20+00:00,2026-08-07T20:57:20+00:00
3684,Ucayali,173,2026-08-07T20:57:20+00:00,2026-08-07T20:57:20+00:00
3685,Amazonas,173,2026-08-07T20:57:20+00:00,2026-08-07T20:57:20+00:00
3686,Pasco,173,2026-08-07T20:57:20+00:00,2026-08-07T20:57:20+00:00
3687,Huanuco,173,2026-08-07T20:57:20+00:00,2026-08-07T20:57:20+00:00
3688,Cajamarca,173,2026-08-07T20:57:20+00:00,2026-08-07T20:57:20+00:00
3689,Tumbes,173,2026-08-07T20:57:20+00:00,2026-08-07T20:57:20+00:00
3691,Cusco,173,2026-08-07T20:57:20+00:00,2026-08-07T20:57:20+00:00
3692,Ayacucho,173,2026-08-07T20:57:20+00:00,2026-08-07T20:57:20+00:00
3693,Junín,173,2026-08-07T20:57:20+00:00,2026-08-07T20:57:20+00:00
3694,San Martín,173,2026-08-07T20:57:20+00:00,2026-08-07T20:57:20+00:00
3695,Lima,173,2026-08-07T20:57:20+00:00,2026-08-07T20:57:20+00:00
3696,Tacna,173,2026-08-07T20:57:20+00:00,2026-08-07T20:57:20+00:00
3697,Piura,173,2026-08-07T20:57:20+00:00,2026-08-07T20:57:20+00:00
3698,Moquegua,173,2026-08-07T20:57:20+00:00,2026-08-07T20:57:20+00:00
3699,Apurímac,173,2026-08-07T20:57:20+00:00,2026-08-07T20:57:20+00:00
3700,Ica,173,2026-08-07T20:57:20+00:00,2026-08-07T20:57:20+00:00
3701,Callao,173,2026-08-07T20:57:20+00:00,2026-08-07T20:57:20+00:00
3702,Lambayeque,173,2026-08-07T20:57:20+00:00,2026-08-07T20:57:20+00:00
3703,Redonda,10,2026-08-07T20:57:20+00:00,2026-08-07T20:57:20+00:00
3704,Saint Peter Parish,10,2026-08-07T20:57:20+00:00,2026-08-07T20:57:20+00:00
3705,Saint Paul Parish,10,2026-08-07T20:57:20+00:00,2026-08-07T20:57:20+00:00
3706,Saint John Parish,10,2026-08-07T20:57:20+00:00,2026-08-07T20:57:20+00:00
3707,Saint Mary Parish,10,2026-08-07T20:57:20+00:00,2026-08-07T20:57:20+00:00
3708,Barbuda,10,2026-08-07T20:57:20+00:00,2026-08-07T20:57:20+00:00
3709,Saint George Parish,10,2026-08-07T20:57:20+00:00,2026-08-07T20:57:20+00:00
3710,Saint Philip Parish,10,2026-08-07T20:57:20+00:00,2026-08-07T20:57:20+00:00
3711,South Bačka District,196,2026-08-07T20:57:20+00:00,2026-08-07T20:57:20+00:00
3712,Pirot District,196,2026-08-07T20:57:20+00:00,2026-08-07T20:57:20+00:00
3713,South Banat District,196,2026-08-07T20:57:20+00:00,2026-08-07T20:57:20+00:00
3714,North Bačka District,196,2026-08-07T20:57:20+00:00,2026-08-07T20:57:20+00:00
3715,Jablanica District,196,2026-08-07T20:57:20+00:00,2026-08-07T20:57:20+00:00
3716,Central Banat District,196,2026-08-07T20:57:20+00:00,2026-08-07T20:57:20+00:00
3717,Bor District,196,2026-08-07T20:57:20+00:00,2026-08-07T20:57:20+00:00
3718,Toplica District,196,2026-08-07T20:57:20+00:00,2026-08-07T20:57:20+00:00
3719,Mačva District,196,2026-08-07T20:57:20+00:00,2026-08-07T20:57:20+00:00
3720,Rasina District,196,2026-08-07T20:57:20+00:00,2026-08-07T20:57:20+00:00
3721,Pčinja District,196,2026-08-07T20:57:20+00:00,2026-08-07T20:57:20+00:00
3722,Nišava District,196,2026-08-07T20:57:20+00:00,2026-08-07T20:57:20+00:00
3723,Prizren District,248,2026-08-07T20:57:20+00:00,2026-08-07T20:57:20+00:00
3724,Kolubara District,196,2026-08-07T20:57:20+00:00,2026-08-07T20:57:20+00:00
3725,Raška District,196,2026-08-07T20:57:20+00:00,2026-08-07T20:57:20+00:00
3726,West Bačka District,196,2026-08-07T20:57:20+00:00,2026-08-07T20:57:20+00:00
3727,Moravica District,196,2026-08-07T20:57:20+00:00,2026-08-07T20:57:20+00:00
3728,Belgrade,196,2026-08-07T20:57:20+00:00,2026-08-07T20:57:20+00:00
3729,Zlatibor District,196,2026-08-07T20:57:20+00:00,2026-08-07T20:57:20+00:00
3731,Zaječar District,196,2026-08-07T20:57:20+00:00,2026-08-07T20:57:20+00:00
3732,Braničevo District,196,2026-08-07T20:57:20+00:00,2026-08-07T20:57:20+00:00
3733,Vojvodina,196,2026-08-07T20:57:20+00:00,2026-08-07T20:57:20+00:00
3734,Šumadija District,196,2026-08-07T20:57:20+00:00,2026-08-07T20:57:20+00:00
3736,North Banat District,196,2026-08-07T20:57:20+00:00,2026-08-07T20:57:20+00:00
3737,Pomoravlje District,196,2026-08-07T20:57:20+00:00,2026-08-07T20:57:20+00:00
3738,Peć District,248,2026-08-07T20:57:20+00:00,2026-08-07T20:57:20+00:00
3740,Srem District,196,2026-08-07T20:57:20+00:00,2026-08-07T20:57:20+00:00
3741,Podunavlje District,196,2026-08-07T20:57:20+00:00,2026-08-07T20:57:20+00:00
3742,Westmoreland Parish,108,2026-08-07T20:57:20+00:00,2026-08-07T20:57:20+00:00
3743,Saint Elizabeth Parish,108,2026-08-07T20:57:20+00:00,2026-08-07T20:57:20+00:00
3744,Saint Ann Parish,108,2026-08-07T20:57:20+00:00,2026-08-07T20:57:20+00:00
3745,Saint James Parish,108,2026-08-07T20:57:20+00:00,2026-08-07T20:57:20+00:00
3746,Saint Catherine Parish,108,2026-08-07T20:57:20+00:00,2026-08-07T20:57:20+00:00
3747,Saint Mary Parish,108,2026-08-07T20:57:20+00:00,2026-08-07T20:57:20+00:00
3748,Kingston Parish,108,2026-08-07T20:57:20+00:00,2026-08-07T20:57:20+00:00
3749,Hanover Parish,108,2026-08-07T20:57:20+00:00,2026-08-07T20:57:20+00:00
3750,Saint Thomas Parish,108,2026-08-07T20:57:20+00:00,2026-08-07T20:57:20+00:00
3751,Saint Andrew,108,2026-08-07T20:57:20+00:00,2026-08-07T20:57:20+00:00
3752,Portland Parish,108,2026-08-07T20:57:20+00:00,2026-08-07T20:57:20+00:00
3753,Clarendon Parish,108,2026-08-07T20:57:20+00:00,2026-08-07T20:57:20+00:00
3754,Manchester Parish,108,2026-08-07T20:57:20+00:00,2026-08-07T20:57:20+00:00
3755,Trelawny Parish,108,2026-08-07T20:57:20+00:00,2026-08-07T20:57:20+00:00
3756,Dennery Quarter,186,2026-08-07T20:57:20+00:00,2026-08-07T20:57:20+00:00
3757,Anse la Raye Quarter,186,2026-08-07T20:57:20+00:00,2026-08-07T20:57:20+00:00
3758,Castries Quarter,186,2026-08-07T20:57:20+00:00,2026-08-07T20:57:20+00:00
3759,Laborie Quarter,186,2026-08-07T20:57:20+00:00,2026-08-07T20:57:20+00:00
3760,Choiseul Quarter,186,2026-08-07T20:57:20+00:00,2026-08-07T20:57:20+00:00
3761,Canaries,186,2026-08-07T20:57:20+00:00,2026-08-07T20:57:20+00:00
3762,Micoud Quarter,186,2026-08-07T20:57:20+00:00,2026-08-07T20:57:20+00:00
3763,Vieux Fort Quarter,186,2026-08-07T20:57:20+00:00,2026-08-07T20:57:20+00:00
3764,Soufrière Quarter,186,2026-08-07T20:57:20+00:00,2026-08-07T20:57:20+00:00
3765,Praslin Quarter,186,2026-08-07T20:57:20+00:00,2026-08-07T20:57:20+00:00
3766,Gros Islet Quarter,186,2026-08-07T20:57:20+00:00,2026-08-07T20:57:20+00:00
3767,Dauphin Quarter,186,2026-08-07T20:57:20+00:00,2026-08-07T20:57:20+00:00
3768,Hưng Yên,240,2026-08-07T20:57:20+00:00,2026-08-07T20:57:20+00:00
3769,Đồng Tháp,240,2026-08-07T20:57:20+00:00,2026-08-07T20:57:20+00:00
3770,Bà Rịa-Vũng Tàu,240,2026-08-07T20:57:20+00:00,2026-08-07T20:57:20+00:00
3771,Thanh Hóa,240,2026-08-07T20:57:20+00:00,2026-08-07T20:57:20+00:00
3772,Kon Tum,240,2026-08-07T20:57:20+00:00,2026-08-07T20:57:20+00:00
3773,Điện Biên,240,2026-08-07T20:57:20+00:00,2026-08-07T20:57:20+00:00
3774,Vĩnh Phúc,240,2026-08-07T20:57:20+00:00,2026-08-07T20:57:20+00:00
3775,Thái Bình,240,2026-08-07T20:57:20+00:00,2026-08-07T20:57:20+00:00
3776,Quảng Nam,240,2026-08-07T20:57:20+00:00,2026-08-07T20:57:20+00:00
3777,Hậu Giang,240,2026-08-07T20:57:20+00:00,2026-08-07T20:57:20+00:00
3778,Cà Mau,240,2026-08-07T20:57:20+00:00,2026-08-07T20:57:20+00:00
3779,Hà Giang,240,2026-08-07T20:57:20+00:00,2026-08-07T20:57:20+00:00
3780,Nghệ An,240,2026-08-07T20:57:20+00:00,2026-08-07T20:57:20+00:00
3781,Tiền Giang,240,2026-08-07T20:57:20+00:00,2026-08-07T20:57:20+00:00
3782,Cao Bằng,240,2026-08-07T20:57:20+00:00,2026-08-07T20:57:20+00:00
3783,Haiphong,240,2026-08-07T20:57:20+00:00,2026-08-07T20:57:20+00:00
3784,Yên Bái,240,2026-08-07T20:57:20+00:00,2026-08-07T20:57:20+00:00
3785,Bình Dương,240,2026-08-07T20:57:20+00:00,2026-08-07T20:57:20+00:00
3786,Ninh Bình,240,2026-08-07T20:57:20+00:00,2026-08-07T20:57:20+00:00
3787,Bình Thuận,240,2026-08-07T20:57:20+00:00,2026-08-07T20:57:20+00:00
3788,Ninh Thuận,240,2026-08-07T20:57:20+00:00,2026-08-07T20:57:20+00:00
3789,Nam Định,240,2026-08-07T20:57:20+00:00,2026-08-07T20:57:20+00:00
3790,Vĩnh Long,240,2026-08-07T20:57:20+00:00,2026-08-07T20:57:20+00:00
3791,Bắc Ninh,240,2026-08-07T20:57:20+00:00,2026-08-07T20:57:20+00:00
3792,Lạng Sơn,240,2026-08-07T20:57:20+00:00,2026-08-07T20:57:20+00:00
3793,Khánh Hòa,240,2026-08-07T20:57:20+00:00,2026-08-07T20:57:20+00:00
3794,An Giang,240,2026-08-07T20:57:20+00:00,2026-08-07T20:57:20+00:00
3795,Tuyên Quang,240,2026-08-07T20:57:20+00:00,2026-08-07T20:57:20+00:00
3796,Bến Tre,240,2026-08-07T20:57:20+00:00,2026-08-07T20:57:20+00:00
3797,Bình Phước,240,2026-08-07T20:57:20+00:00,2026-08-07T20:57:20+00:00
3798,Thừa Thiên-Huế,240,2026-08-07T20:57:20+00:00,2026-08-07T20:57:20+00:00
3799,Hòa Bình,240,2026-08-07T20:57:20+00:00,2026-08-07T20:57:20+00:00
3800,Kiên Giang,240,2026-08-07T20:57:20+00:00,2026-08-07T20:57:20+00:00
3801,Phú Thọ,240,2026-08-07T20:57:20+00:00,2026-08-07T20:57:20+00:00
3802,Hà Nam,240,2026-08-07T20:57:20+00:00,2026-08-07T20:57:20+00:00
3803,Quảng Trị,240,2026-08-07T20:57:20+00:00,2026-08-07T20:57:20+00:00
3804,Bạc Liêu,240,2026-08-07T20:57:20+00:00,2026-08-07T20:57:20+00:00
3805,Trà Vinh,240,2026-08-07T20:57:20+00:00,2026-08-07T20:57:20+00:00
3806,Da Nang,240,2026-08-07T20:57:20+00:00,2026-08-07T20:57:20+00:00
3807,Thái Nguyên,240,2026-08-07T20:57:20+00:00,2026-08-07T20:57:20+00:00
3808,Long An,240,2026-08-07T20:57:20+00:00,2026-08-07T20:57:20+00:00
3809,Quảng Bình,240,2026-08-07T20:57:20+00:00,2026-08-07T20:57:20+00:00
3810,Hanoi,240,2026-08-07T20:57:20+00:00,2026-08-07T20:57:20+00:00
3811,Ho Chi Minh City,240,2026-08-07T20:57:20+00:00,2026-08-07T20:57:20+00:00
3812,Sơn La,240,2026-08-07T20:57:20+00:00,2026-08-07T20:57:20+00:00
3813,Gia Lai,240,2026-08-07T20:57:20+00:00,2026-08-07T20:57:20+00:00
3814,Quảng Ninh,240,2026-08-07T20:57:20+00:00,2026-08-07T20:57:20+00:00
3815,Bắc Giang,240,2026-08-07T20:57:20+00:00,2026-08-07T20:57:20+00:00
3816,Hà Tĩnh,240,2026-08-07T20:57:20+00:00,2026-08-07T20:57:20+00:00
3817,Lào Cai,240,2026-08-07T20:57:20+00:00,2026-08-07T20:57:20+00:00
3818,Lâm Đồng,240,2026-08-07T20:57:20+00:00,2026-08-07T20:57:20+00:00
3819,Sóc Trăng,240,2026-08-07T20:57:20+00:00,2026-08-07T20:57:20+00:00
3820,Hà Tây,240,2026-08-07T20:57:20+00:00,2026-08-07T20:57:20+00:00
3821,Đồng Nai,240,2026-08-07T20:57:20+00:00,2026-08-07T20:57:20+00:00
3822,Bắc Kạn,240,2026-08-07T20:57:20+00:00,2026-08-07T20:57:20+00:00
3823,Đắk Nông,240,2026-08-07T20:57:20+00:00,2026-08-07T20:57:20+00:00
3824,Phú Yên,240,2026-08-07T20:57:20+00:00,2026-08-07T20:57:20+00:00
3825,Lai Châu,240,2026-08-07T20:57:20+00:00,2026-08-07T20:57:20+00:00
3826,Tây Ninh,240,2026-08-07T20:57:20+00:00,2026-08-07T20:57:20+00:00
3827,Hải Dương,240,2026-08-07T20:57:20+00:00,2026-08-07T20:57:20+00:00
3828,Quảng Ngãi,240,2026-08-07T20:57:20+00:00,2026-08-07T20:57:20+00:00
3829,Đắk Lắk,240,2026-08-07T20:57:20+00:00,2026-08-07T20:57:20+00:00
3830,Bình Định,240,2026-08-07T20:57:20+00:00,2026-08-07T20:57:20+00:00
3831,Saint Peter Basseterre Parish,185,2026-08-07T20:57:20+00:00,2026-08-07T20:57:20+00:00
3832,Nevis,185,2026-08-07T20:57:20+00:00,2026-08-07T20:57:20+00:00
3833,Christ Church Nichola Town Parish,185,2026-08-07T20:57:20+00:00,2026-08-07T20:57:20+00:00
3834,Saint Paul Capisterre Parish,185,2026-08-07T20:57:20+00:00,2026-08-07T20:57:20+00:00
3835,Saint James Windward Parish,185,2026-08-07T20:57:20+00:00,2026-08-07T20:57:20+00:00
3836,Saint Anne Sandy Point Parish,185,2026-08-07T20:57:20+00:00,2026-08-07T20:57:20+00:00
3837,Saint George Gingerland Parish,185,2026-08-07T20:57:20+00:00,2026-08-07T20:57:20+00:00
3838,Saint Paul Charlestown Parish,185,2026-08-07T20:57:20+00:00,2026-08-07T20:57:20+00:00
3839,Saint Thomas Lowland Parish,185,2026-08-07T20:57:20+00:00,2026-08-07T20:57:20+00:00
3840,Saint John Figtree Parish,185,2026-08-07T20:57:20+00:00,2026-08-07T20:57:20+00:00
3841,Saint Kitts,185,2026-08-07T20:57:20+00:00,2026-08-07T20:57:20+00:00
3842,Saint Thomas Middle Island Parish,185,2026-08-07T20:57:20+00:00,2026-08-07T20:57:20+00:00
3843,Trinity Palmetto Point Parish,185,2026-08-07T20:57:20+00:00,2026-08-07T20:57:20+00:00
3844,Saint Mary Cayon Parish,185,2026-08-07T20:57:20+00:00,2026-08-07T20:57:20+00:00
3845,Saint John Capisterre Parish,185,2026-08-07T20:57:20+00:00,2026-08-07T20:57:20+00:00
3846,Daegu,116,2026-08-07T20:57:20+00:00,2026-08-07T20:57:20+00:00
3847,Gyeonggi Province,116,2026-08-07T20:57:20+00:00,2026-08-07T20:57:20+00:00
3848,Incheon,116,2026-08-07T20:57:20+00:00,2026-08-07T20:57:20+00:00
3849,Seoul,116,2026-08-07T20:57:20+00:00,2026-08-07T20:57:20+00:00
3850,Daejeon,116,2026-08-07T20:57:20+00:00,2026-08-07T20:57:20+00:00
3851,North Jeolla Province,116,2026-08-07T20:57:20+00:00,2026-08-07T20:57:20+00:00
3852,Ulsan,116,2026-08-07T20:57:20+00:00,2026-08-07T20:57:20+00:00
3853,Jeju,116,2026-08-07T20:57:20+00:00,2026-08-07T20:57:20+00:00
3854,North Chungcheong Province,116,2026-08-07T20:57:20+00:00,2026-08-07T20:57:20+00:00
3855,North Gyeongsang Province,116,2026-08-07T20:57:20+00:00,2026-08-07T20:57:20+00:00
3856,South Jeolla Province,116,2026-08-07T20:57:20+00:00,2026-08-07T20:57:20+00:00
3857,South Gyeongsang Province,116,2026-08-07T20:57:20+00:00,2026-08-07T20:57:20+00:00
3858,Gwangju,116,2026-08-07T20:57:20+00:00,2026-08-07T20:57:20+00:00
3859,South Chungcheong Province,116,2026-08-07T20:57:20+00:00,2026-08-07T20:57:20+00:00
3860,Busan,116,2026-08-07T20:57:20+00:00,2026-08-07T20:57:20+00:00
3861,Sejong City,116,2026-08-07T20:57:20+00:00,2026-08-07T20:57:20+00:00
3862,Gangwon Province,116,2026-08-07T20:57:20+00:00,2026-08-07T20:57:20+00:00
3863,Saint Patrick Parish,87,2026-08-07T20:57:20+00:00,2026-08-07T20:57:20+00:00
3864,Saint George Parish,87,2026-08-07T20:57:20+00:00,2026-08-07T20:57:20+00:00
3865,Saint Andrew Parish,87,2026-08-07T20:57:20+00:00,2026-08-07T20:57:20+00:00
3866,Saint Mark Parish,87,2026-08-07T20:57:20+00:00,2026-08-07T20:57:20+00:00
3867,Carriacou and Petite Martinique,87,2026-08-07T20:57:20+00:00,2026-08-07T20:57:20+00:00
3868,Saint John Parish,87,2026-08-07T20:57:20+00:00,2026-08-07T20:57:20+00:00
3869,Saint David Parish,87,2026-08-07T20:57:20+00:00,2026-08-07T20:57:20+00:00
3870,Ghazni,1,2026-08-07T20:57:20+00:00,2026-08-07T20:57:20+00:00
3871,Badghis,1,2026-08-07T20:57:20+00:00,2026-08-07T20:57:20+00:00
3872,Bamyan,1,2026-08-07T20:57:20+00:00,2026-08-07T20:57:20+00:00
3873,Helmand,1,2026-08-07T20:57:20+00:00,2026-08-07T20:57:20+00:00
3874,Zabul,1,2026-08-07T20:57:20+00:00,2026-08-07T20:57:20+00:00
3875,Baghlan,1,2026-08-07T20:57:20+00:00,2026-08-07T20:57:20+00:00
3876,Kunar,1,2026-08-07T20:57:20+00:00,2026-08-07T20:57:20+00:00
3877,Paktika,1,2026-08-07T20:57:20+00:00,2026-08-07T20:57:20+00:00
3878,Khost,1,2026-08-07T20:57:20+00:00,2026-08-07T20:57:20+00:00
3879,Kapisa,1,2026-08-07T20:57:20+00:00,2026-08-07T20:57:20+00:00
3880,Nuristan,1,2026-08-07T20:57:20+00:00,2026-08-07T20:57:20+00:00
3881,Panjshir,1,2026-08-07T20:57:20+00:00,2026-08-07T20:57:20+00:00
3882,Nangarhar,1,2026-08-07T20:57:20+00:00,2026-08-07T20:57:20+00:00
3883,Samangan,1,2026-08-07T20:57:20+00:00,2026-08-07T20:57:20+00:00
3884,Balkh,1,2026-08-07T20:57:20+00:00,2026-08-07T20:57:20+00:00
3885,Sar-e Pol,1,2026-08-07T20:57:20+00:00,2026-08-07T20:57:20+00:00
3886,Jowzjan,1,2026-08-07T20:57:20+00:00,2026-08-07T20:57:20+00:00
3887,Herat,1,2026-08-07T20:57:20+00:00,2026-08-07T20:57:20+00:00
3888,Ghōr,1,2026-08-07T20:57:20+00:00,2026-08-07T20:57:20+00:00
3889,Faryab,1,2026-08-07T20:57:20+00:00,2026-08-07T20:57:20+00:00
3890,Kandahar,1,2026-08-07T20:57:20+00:00,2026-08-07T20:57:20+00:00
3891,Laghman,1,2026-08-07T20:57:20+00:00,2026-08-07T20:57:20+00:00
3892,Daykundi,1,2026-08-07T20:57:20+00:00,2026-08-07T20:57:20+00:00
3893,Takhar,1,2026-08-07T20:57:20+00:00,2026-08-07T20:57:20+00:00
3894,Paktia,1,2026-08-07T20:57:20+00:00,2026-08-07T20:57:20+00:00
3895,Parwan,1,2026-08-07T20:57:20+00:00,2026-08-07T20:57:20+00:00
3896,Nimruz,1,2026-08-07T20:57:20+00:00,2026-08-07T20:57:20+00:00
3897,Logar,1,2026-08-07T20:57:20+00:00,2026-08-07T20:57:20+00:00
3898,Urozgan,1,2026-08-07T20:57:20+00:00,2026-08-07T20:57:20+00:00
3899,Farah,1,2026-08-07T20:57:20+00:00,2026-08-07T20:57:20+00:00
3900,Kunduz Province,1,2026-08-07T20:57:20+00:00,2026-08-07T20:57:20+00:00
3901,Badakhshan,1,2026-08-07T20:57:20+00:00,2026-08-07T20:57:20+00:00
3902,Kabul,1,2026-08-07T20:57:20+00:00,2026-08-07T20:57:20+00:00
3903,Victoria,14,2026-08-07T20:57:20+00:00,2026-08-07T20:57:20+00:00
3904,South Australia,14,2026-08-07T20:57:20+00:00,2026-08-07T20:57:20+00:00
3905,Queensland,14,2026-08-07T20:57:20+00:00,2026-08-07T20:57:20+00:00
3906,Western Australia,14,2026-08-07T20:57:20+00:00,2026-08-07T20:57:20+00:00
3907,Australian Capital Territory,14,2026-08-07T20:57:20+00:00,2026-08-07T20:57:20+00:00
3908,Tasmania,14,2026-08-07T20:57:20+00:00,2026-08-07T20:57:20+00:00
3909,New South Wales,14,2026-08-07T20:57:20+00:00,2026-08-07T20:57:20+00:00
3910,Northern Territory,14,2026-08-07T20:57:20+00:00,2026-08-07T20:57:20+00:00
3911,Vavaʻu,222,2026-08-07T20:57:20+00:00,2026-08-07T20:57:20+00:00
3912,Tongatapu,222,2026-08-07T20:57:20+00:00,2026-08-07T20:57:20+00:00
3913,Haʻapai,222,2026-08-07T20:57:20+00:00,2026-08-07T20:57:20+00:00
3914,Niuas,222,2026-08-07T20:57:20+00:00,2026-08-07T20:57:20+00:00
3915,ʻEua,222,2026-08-07T20:57:20+00:00,2026-08-07T20:57:20+00:00
3916,Markazi Province,103,2026-08-07T20:57:20+00:00,2026-08-07T20:57:20+00:00
3917,Khuzestan Province,103,2026-08-07T20:57:20+00:00,2026-08-07T20:57:20+00:00
3918,Ilam Province,103,2026-08-07T20:57:20+00:00,2026-08-07T20:57:20+00:00
3919,Kermanshah Province,103,2026-08-07T20:57:20+00:00,2026-08-07T20:57:20+00:00
3920,Gilan Province,103,2026-08-07T20:57:20+00:00,2026-08-07T20:57:20+00:00
3921,Chaharmahal and Bakhtiari Province,103,2026-08-07T20:57:20+00:00,2026-08-07T20:57:20+00:00
3922,Qom Province,103,2026-08-07T20:57:20+00:00,2026-08-07T20:57:20+00:00
3923,Isfahan Province,103,2026-08-07T20:57:20+00:00,2026-08-07T20:57:20+00:00
3924,West Azarbaijan Province,103,2026-08-07T20:57:20+00:00,2026-08-07T20:57:20+00:00
3925,Zanjan Province,103,2026-08-07T20:57:20+00:00,2026-08-07T20:57:20+00:00
3926,Kohgiluyeh and Boyer-Ahmad Province,103,2026-08-07T20:57:20+00:00,2026-08-07T20:57:20+00:00
3927,Razavi Khorasan Province,103,2026-08-07T20:57:20+00:00,2026-08-07T20:57:20+00:00
3928,Lorestan Province,103,2026-08-07T20:57:20+00:00,2026-08-07T20:57:20+00:00
3929,Alborz Province,103,2026-08-07T20:57:20+00:00,2026-08-07T20:57:20+00:00
3930,South Khorasan Province,103,2026-08-07T20:57:20+00:00,2026-08-07T20:57:20+00:00
3931,Sistan and Baluchestan,103,2026-08-07T20:57:20+00:00,2026-08-07T20:57:20+00:00
3932,Bushehr Province,103,2026-08-07T20:57:20+00:00,2026-08-07T20:57:20+00:00
3933,Golestan Province,103,2026-08-07T20:57:20+00:00,2026-08-07T20:57:20+00:00
3934,Ardabil Province,103,2026-08-07T20:57:20+00:00,2026-08-07T20:57:20+00:00
3935,Kurdistan Province,103,2026-08-07T20:57:20+00:00,2026-08-07T20:57:20+00:00
3936,Yazd Province,103,2026-08-07T20:57:20+00:00,2026-08-07T20:57:20+00:00
3937,Hormozgan Province,103,2026-08-07T20:57:20+00:00,2026-08-07T20:57:20+00:00
3938,Mazandaran Province,103,2026-08-07T20:57:20+00:00,2026-08-07T20:57:20+00:00
3939,Fars Province,103,2026-08-07T20:57:20+00:00,2026-08-07T20:57:20+00:00
3940,Semnan Province,103,2026-08-07T20:57:20+00:00,2026-08-07T20:57:20+00:00
3941,Qazvin Province,103,2026-08-07T20:57:20+00:00,2026-08-07T20:57:20+00:00
3942,North Khorasan Province,103,2026-08-07T20:57:20+00:00,2026-08-07T20:57:20+00:00
3943,Kerman Province,103,2026-08-07T20:57:20+00:00,2026-08-07T20:57:20+00:00
3944,East Azerbaijan Province,103,2026-08-07T20:57:20+00:00,2026-08-07T20:57:20+00:00
3945,Tehran Province,103,2026-08-07T20:57:20+00:00,2026-08-07T20:57:20+00:00
3946,Niutao Island Council,228,2026-08-07T20:57:20+00:00,2026-08-07T20:57:20+00:00
3947,Nanumanga,228,2026-08-07T20:57:20+00:00,2026-08-07T20:57:20+00:00
3948,Nui,228,2026-08-07T20:57:20+00:00,2026-08-07T20:57:20+00:00
3949,Nanumea,228,2026-08-07T20:57:20+00:00,2026-08-07T20:57:20+00:00
3950,Vaitupu,228,2026-08-07T20:57:20+00:00,2026-08-07T20:57:20+00:00
3951,Funafuti,228,2026-08-07T20:57:20+00:00,2026-08-07T20:57:20+00:00
3952,Nukufetau,228,2026-08-07T20:57:20+00:00,2026-08-07T20:57:20+00:00
3953,Nukulaelae,228,2026-08-07T20:57:20+00:00,2026-08-07T20:57:20+00:00
3954,Dhi Qar Governorate,104,2026-08-07T20:57:20+00:00,2026-08-07T20:57:20+00:00
3955,Babylon Governorate,104,2026-08-07T20:57:20+00:00,2026-08-07T20:57:20+00:00
3956,Al-Qādisiyyah Governorate,104,2026-08-07T20:57:20+00:00,2026-08-07T20:57:20+00:00
3957,Karbala Governorate,104,2026-08-07T20:57:20+00:00,2026-08-07T20:57:20+00:00
3958,Al Muthanna Governorate,104,2026-08-07T20:57:20+00:00,2026-08-07T20:57:20+00:00
3959,Baghdad Governorate,104,2026-08-07T20:57:20+00:00,2026-08-07T20:57:20+00:00
3960,Basra Governorate,104,2026-08-07T20:57:20+00:00,2026-08-07T20:57:20+00:00
3961,Saladin Governorate,104,2026-08-07T20:57:20+00:00,2026-08-07T20:57:20+00:00
3962,Najaf Governorate,104,2026-08-07T20:57:20+00:00,2026-08-07T20:57:20+00:00
3963,Nineveh Governorate,104,2026-08-07T20:57:20+00:00,2026-08-07T20:57:20+00:00
3964,Al Anbar Governorate,104,2026-08-07T20:57:20+00:00,2026-08-07T20:57:20+00:00
3965,Diyala Governorate,104,2026-08-07T20:57:20+00:00,2026-08-07T20:57:20+00:00
3966,Maysan Governorate,104,2026-08-07T20:57:20+00:00,2026-08-07T20:57:20+00:00
3967,Dohuk Governorate,104,2026-08-07T20:57:20+00:00,2026-08-07T20:57:20+00:00
3968,Erbil Governorate,104,2026-08-07T20:57:20+00:00,2026-08-07T20:57:20+00:00
3969,Sulaymaniyah Governorate,104,2026-08-07T20:57:20+00:00,2026-08-07T20:57:20+00:00
3970,Wasit Governorate,104,2026-08-07T20:57:20+00:00,2026-08-07T20:57:20+00:00
3971,Kirkuk Governorate,104,2026-08-07T20:57:20+00:00,2026-08-07T20:57:20+00:00
3972,Svay Rieng Province,37,2026-08-07T20:57:20+00:00,2026-08-07T20:57:20+00:00
3973,Preah Vihear Province,37,2026-08-07T20:57:20+00:00,2026-08-07T20:57:20+00:00
3974,Prey Veng Province,37,2026-08-07T20:57:20+00:00,2026-08-07T20:57:20+00:00
3975,Takéo Province,37,2026-08-07T20:57:20+00:00,2026-08-07T20:57:20+00:00
3976,Battambang Province,37,2026-08-07T20:57:20+00:00,2026-08-07T20:57:20+00:00
3977,Pursat Province,37,2026-08-07T20:57:20+00:00,2026-08-07T20:57:20+00:00
3978,Kep Province,37,2026-08-07T20:57:20+00:00,2026-08-07T20:57:20+00:00
3979,Kampong Chhnang Province,37,2026-08-07T20:57:20+00:00,2026-08-07T20:57:20+00:00
3980,Pailin Province,37,2026-08-07T20:57:20+00:00,2026-08-07T20:57:20+00:00
3981,Kampot Province,37,2026-08-07T20:57:20+00:00,2026-08-07T20:57:20+00:00
3982,Koh Kong Province,37,2026-08-07T20:57:20+00:00,2026-08-07T20:57:20+00:00
3983,Kandal Province,37,2026-08-07T20:57:20+00:00,2026-08-07T20:57:20+00:00
3984,Banteay Meanchey Province,37,2026-08-07T20:57:20+00:00,2026-08-07T20:57:20+00:00
3985,Mondulkiri Province,37,2026-08-07T20:57:20+00:00,2026-08-07T20:57:20+00:00
3986,Kratié Province,37,2026-08-07T20:57:20+00:00,2026-08-07T20:57:20+00:00
3987,Oddar Meanchey Province,37,2026-08-07T20:57:20+00:00,2026-08-07T20:57:20+00:00
3988,Kampong Speu Province,37,2026-08-07T20:57:20+00:00,2026-08-07T20:57:20+00:00
3989,Sihanoukville Province,37,2026-08-07T20:57:20+00:00,2026-08-07T20:57:20+00:00
3990,Ratanakiri Province,37,2026-08-07T20:57:20+00:00,2026-08-07T20:57:20+00:00
3991,Kampong Cham Province,37,2026-08-07T20:57:20+00:00,2026-08-07T20:57:20+00:00
3992,Siem Reap Province,37,2026-08-07T20:57:20+00:00,2026-08-07T20:57:20+00:00
3993,Stung Treng Province,37,2026-08-07T20:57:20+00:00,2026-08-07T20:57:20+00:00
3994,Phnom Penh,37,2026-08-07T20:57:20+00:00,2026-08-07T20:57:20+00:00
3995,North Hamgyong Province,115,2026-08-07T20:57:20+00:00,2026-08-07T20:57:20+00:00
3996,Ryanggang Province,115,2026-08-07T20:57:20+00:00,2026-08-07T20:57:20+00:00
3997,South Pyongan Province,115,2026-08-07T20:57:20+00:00,2026-08-07T20:57:20+00:00
3998,Chagang Province,115,2026-08-07T20:57:20+00:00,2026-08-07T20:57:20+00:00
3999,Kangwon Province,115,2026-08-07T20:57:20+00:00,2026-08-07T20:57:20+00:00
4000,South Hamgyong Province,115,2026-08-07T20:57:20+00:00,2026-08-07T20:57:20+00:00
4001,Rason,115,2026-08-07T20:57:20+00:00,2026-08-07T20:57:20+00:00
4002,North Pyongan Province,115,2026-08-07T20:57:20+00:00,2026-08-07T20:57:20+00:00
4003,South Hwanghae Province,115,2026-08-07T20:57:20+00:00,2026-08-07T20:57:20+00:00
4004,North Hwanghae Province,115,2026-08-07T20:57:20+00:00,2026-08-07T20:57:20+00:00
4005,Pyongyang,115,2026-08-07T20:57:20+00:00,2026-08-07T20:57:20+00:00
4006,Meghalaya,101,2026-08-07T20:57:20+00:00,2026-08-07T20:57:20+00:00
4007,Haryana,101,2026-08-07T20:57:20+00:00,2026-08-07T20:57:20+00:00
4008,Maharashtra,101,2026-08-07T20:57:20+00:00,2026-08-07T20:57:20+00:00
4009,Goa,101,2026-08-07T20:57:20+00:00,2026-08-07T20:57:20+00:00
4010,Manipur,101,2026-08-07T20:57:20+00:00,2026-08-07T20:57:20+00:00
4011,Puducherry,101,2026-08-07T20:57:20+00:00,2026-08-07T20:57:20+00:00
4012,Telangana,101,2026-08-07T20:57:20+00:00,2026-08-07T20:57:20+00:00
4013,Odisha,101,2026-08-07T20:57:20+00:00,2026-08-07T20:57:20+00:00
4014,Rajasthan,101,2026-08-07T20:57:20+00:00,2026-08-07T20:57:20+00:00
4015,Punjab,101,2026-08-07T20:57:20+00:00,2026-08-07T20:57:20+00:00
4016,Uttarakhand,101,2026-08-07T20:57:20+00:00,2026-08-07T20:57:20+00:00
4017,Andhra Pradesh,101,2026-08-07T20:57:20+00:00,2026-08-07T20:57:20+00:00
4018,Nagaland,101,2026-08-07T20:57:20+00:00,2026-08-07T20:57:20+00:00
4019,Lakshadweep,101,2026-08-07T20:57:20+00:00,2026-08-07T20:57:20+00:00
4020,Himachal Pradesh,101,2026-08-07T20:57:20+00:00,2026-08-07T20:57:20+00:00
4021,Delhi,101,2026-08-07T20:57:20+00:00,2026-08-07T20:57:20+00:00
4022,Uttar Pradesh,101,2026-08-07T20:57:20+00:00,2026-08-07T20:57:20+00:00
4023,Andaman and Nicobar Islands,101,2026-08-07T20:57:20+00:00,2026-08-07T20:57:20+00:00
4024,Arunachal Pradesh,101,2026-08-07T20:57:20+00:00,2026-08-07T20:57:20+00:00
4025,Jharkhand,101,2026-08-07T20:57:20+00:00,2026-08-07T20:57:20+00:00
4026,Karnataka,101,2026-08-07T20:57:20+00:00,2026-08-07T20:57:20+00:00
4027,Assam,101,2026-08-07T20:57:20+00:00,2026-08-07T20:57:20+00:00
4028,Kerala,101,2026-08-07T20:57:20+00:00,2026-08-07T20:57:20+00:00
4029,Jammu and Kashmir,101,2026-08-07T20:57:20+00:00,2026-08-07T20:57:20+00:00
4030,Gujarat,101,2026-08-07T20:57:20+00:00,2026-08-07T20:57:20+00:00
4031,Chandigarh,101,2026-08-07T20:57:20+00:00,2026-08-07T20:57:20+00:00
4032,Dadra and Nagar Haveli,101,2026-08-07T20:57:20+00:00,2026-08-07T20:57:20+00:00
4033,Daman and Diu,101,2026-08-07T20:57:20+00:00,2026-08-07T20:57:20+00:00
4034,Sikkim,101,2026-08-07T20:57:20+00:00,2026-08-07T20:57:20+00:00
4035,Tamil Nadu,101,2026-08-07T20:57:20+00:00,2026-08-07T20:57:20+00:00
4036,Mizoram,101,2026-08-07T20:57:20+00:00,2026-08-07T20:57:20+00:00
4037,Bihar,101,2026-08-07T20:57:20+00:00,2026-08-07T20:57:20+00:00
4038,Tripura,101,2026-08-07T20:57:20+00:00,2026-08-07T20:57:20+00:00
4039,Madhya Pradesh,101,2026-08-07T20:57:20+00:00,2026-08-07T20:57:20+00:00
4040,Chhattisgarh,101,2026-08-07T20:57:20+00:00,2026-08-07T20:57:20+00:00
4041,Choluteca Department,97,2026-08-07T20:57:20+00:00,2026-08-07T20:57:20+00:00
4042,Comayagua Department,97,2026-08-07T20:57:20+00:00,2026-08-07T20:57:20+00:00
4043,El Paraíso Department,97,2026-08-07T20:57:20+00:00,2026-08-07T20:57:20+00:00
4044,Intibucá Department,97,2026-08-07T20:57:20+00:00,2026-08-07T20:57:20+00:00
4045,Bay Islands Department,97,2026-08-07T20:57:20+00:00,2026-08-07T20:57:20+00:00
4046,Cortés Department,97,2026-08-07T20:57:20+00:00,2026-08-07T20:57:20+00:00
4047,Atlántida Department,97,2026-08-07T20:57:20+00:00,2026-08-07T20:57:20+00:00
4048,Gracias a Dios Department,97,2026-08-07T20:57:20+00:00,2026-08-07T20:57:20+00:00
4049,Copán Department,97,2026-08-07T20:57:20+00:00,2026-08-07T20:57:20+00:00
4050,Olancho Department,97,2026-08-07T20:57:20+00:00,2026-08-07T20:57:20+00:00
4051,Colón Department,97,2026-08-07T20:57:20+00:00,2026-08-07T20:57:20+00:00
4052,Francisco Morazán Department,97,2026-08-07T20:57:20+00:00,2026-08-07T20:57:20+00:00
4053,Santa Bárbara Department,97,2026-08-07T20:57:20+00:00,2026-08-07T20:57:20+00:00
4054,Lempira Department,97,2026-08-07T20:57:20+00:00,2026-08-07T20:57:20+00:00
4055,Valle Department,97,2026-08-07T20:57:20+00:00,2026-08-07T20:57:20+00:00
4056,Ocotepeque Department,97,2026-08-07T20:57:20+00:00,2026-08-07T20:57:20+00:00
4057,Yoro Department,97,2026-08-07T20:57:20+00:00,2026-08-07T20:57:20+00:00
4058,La Paz Department,97,2026-08-07T20:57:20+00:00,2026-08-07T20:57:20+00:00
4059,Northland Region,158,2026-08-07T20:57:20+00:00,2026-08-07T20:57:20+00:00
4060,Manawatu-Wanganui Region,158,2026-08-07T20:57:20+00:00,2026-08-07T20:57:20+00:00
4061,Waikato Region,158,2026-08-07T20:57:20+00:00,2026-08-07T20:57:20+00:00
4062,Otago Region,158,2026-08-07T20:57:20+00:00,2026-08-07T20:57:20+00:00
4063,Marlborough Region,158,2026-08-07T20:57:20+00:00,2026-08-07T20:57:20+00:00
4064,West Coast Region,158,2026-08-07T20:57:20+00:00,2026-08-07T20:57:20+00:00
4065,Wellington Region,158,2026-08-07T20:57:20+00:00,2026-08-07T20:57:20+00:00
4066,Canterbury Region,158,2026-08-07T20:57:20+00:00,2026-08-07T20:57:20+00:00
4067,Chatham Islands,158,2026-08-07T20:57:20+00:00,2026-08-07T20:57:20+00:00
4068,Gisborne District,158,2026-08-07T20:57:20+00:00,2026-08-07T20:57:20+00:00
4069,Taranaki Region,158,2026-08-07T20:57:20+00:00,2026-08-07T20:57:20+00:00
4070,Nelson Region,158,2026-08-07T20:57:20+00:00,2026-08-07T20:57:20+00:00
4071,Southland Region,158,2026-08-07T20:57:20+00:00,2026-08-07T20:57:20+00:00
4072,Auckland Region,158,2026-08-07T20:57:20+00:00,2026-08-07T20:57:20+00:00
4073,Tasman District,158,2026-08-07T20:57:20+00:00,2026-08-07T20:57:20+00:00
4074,Bay of Plenty Region,158,2026-08-07T20:57:20+00:00,2026-08-07T20:57:20+00:00
4075,Hawke's Bay Region,158,2026-08-07T20:57:20+00:00,2026-08-07T20:57:20+00:00
4076,Saint John Parish,61,2026-08-07T20:57:20+00:00,2026-08-07T20:57:20+00:00
4077,Saint Mark Parish,61,2026-08-07T20:57:20+00:00,2026-08-07T20:57:20+00:00
4078,Saint David Parish,61,2026-08-07T20:57:20+00:00,2026-08-07T20:57:20+00:00
4079,Saint George Parish,61,2026-08-07T20:57:20+00:00,2026-08-07T20:57:20+00:00
4080,Saint Patrick Parish,61,2026-08-07T20:57:20+00:00,2026-08-07T20:57:20+00:00
4081,Saint Peter Parish,61,2026-08-07T20:57:20+00:00,2026-08-07T20:57:20+00:00
4082,Saint Andrew Parish,61,2026-08-07T20:57:20+00:00,2026-08-07T20:57:20+00:00
4083,Saint Luke Parish,61,2026-08-07T20:57:20+00:00,2026-08-07T20:57:20+00:00
4084,Saint Paul Parish,61,2026-08-07T20:57:20+00:00,2026-08-07T20:57:20+00:00
4085,Saint Joseph Parish,61,2026-08-07T20:57:20+00:00,2026-08-07T20:57:20+00:00
4086,El Seibo Province,62,2026-08-07T20:57:20+00:00,2026-08-07T20:57:20+00:00
4087,La Romana Province,62,2026-08-07T20:57:20+00:00,2026-08-07T20:57:20+00:00
4088,Sánchez Ramírez Province,62,2026-08-07T20:57:20+00:00,2026-08-07T20:57:20+00:00
4089,Hermanas Mirabal Province,62,2026-08-07T20:57:20+00:00,2026-08-07T20:57:20+00:00
4090,Barahona Province,62,2026-08-07T20:57:20+00:00,2026-08-07T20:57:20+00:00
4091,San Cristóbal Province,62,2026-08-07T20:57:20+00:00,2026-08-07T20:57:20+00:00
4092,Puerto Plata Province,62,2026-08-07T20:57:20+00:00,2026-08-07T20:57:20+00:00
4093,Santo Domingo Province,62,2026-08-07T20:57:20+00:00,2026-08-07T20:57:20+00:00
4094,María Trinidad Sánchez Province,62,2026-08-07T20:57:20+00:00,2026-08-07T20:57:20+00:00
4095,Distrito Nacional,62,2026-08-07T20:57:20+00:00,2026-08-07T20:57:20+00:00
4096,Peravia Province,62,2026-08-07T20:57:20+00:00,2026-08-07T20:57:20+00:00
4097,Independencia,62,2026-08-07T20:57:20+00:00,2026-08-07T20:57:20+00:00
4098,San Juan Province,62,2026-08-07T20:57:20+00:00,2026-08-07T20:57:20+00:00
4099,Monseñor Nouel Province,62,2026-08-07T20:57:20+00:00,2026-08-07T20:57:20+00:00
4100,Santiago Rodríguez Province,62,2026-08-07T20:57:20+00:00,2026-08-07T20:57:20+00:00
4101,Pedernales Province,62,2026-08-07T20:57:20+00:00,2026-08-07T20:57:20+00:00
4102,Espaillat Province,62,2026-08-07T20:57:20+00:00,2026-08-07T20:57:20+00:00
4103,Samaná Province,62,2026-08-07T20:57:20+00:00,2026-08-07T20:57:20+00:00
4104,Valverde Province,62,2026-08-07T20:57:20+00:00,2026-08-07T20:57:20+00:00
4105,Baoruco Province,62,2026-08-07T20:57:20+00:00,2026-08-07T20:57:20+00:00
4106,Hato Mayor Province,62,2026-08-07T20:57:20+00:00,2026-08-07T20:57:20+00:00
4107,Dajabón Province,62,2026-08-07T20:57:20+00:00,2026-08-07T20:57:20+00:00
4108,Santiago Province,62,2026-08-07T20:57:20+00:00,2026-08-07T20:57:20+00:00
4109,La Altagracia Province,62,2026-08-07T20:57:20+00:00,2026-08-07T20:57:20+00:00
4110,San Pedro de Macorís,62,2026-08-07T20:57:20+00:00,2026-08-07T20:57:20+00:00
4111,Monte Plata Province,62,2026-08-07T20:57:20+00:00,2026-08-07T20:57:20+00:00
4112,San José de Ocoa Province,62,2026-08-07T20:57:20+00:00,2026-08-07T20:57:20+00:00
4113,Duarte Province,62,2026-08-07T20:57:20+00:00,2026-08-07T20:57:20+00:00
4114,Azua Province,62,2026-08-07T20:57:20+00:00,2026-08-07T20:57:20+00:00
4115,Monte Cristi Province,62,2026-08-07T20:57:20+00:00,2026-08-07T20:57:20+00:00
4116,La Vega Province,62,2026-08-07T20:57:20+00:00,2026-08-07T20:57:20+00:00
4117,Nord,95,2026-08-07T20:57:20+00:00,2026-08-07T20:57:20+00:00
4118,Nippes,95,2026-08-07T20:57:20+00:00,2026-08-07T20:57:20+00:00
4119,Grand'Anse,95,2026-08-07T20:57:20+00:00,2026-08-07T20:57:20+00:00
4120,Ouest,95,2026-08-07T20:57:20+00:00,2026-08-07T20:57:20+00:00
4121,Nord-Est,95,2026-08-07T20:57:20+00:00,2026-08-07T20:57:20+00:00
4122,Sud,95,2026-08-07T20:57:20+00:00,2026-08-07T20:57:20+00:00
4123,Artibonite,95,2026-08-07T20:57:20+00:00,2026-08-07T20:57:20+00:00
4124,Sud-Est,95,2026-08-07T20:57:20+00:00,2026-08-07T20:57:20+00:00
4125,Centre,95,2026-08-07T20:57:20+00:00,2026-08-07T20:57:20+00:00
4126,Nord-Ouest,95,2026-08-07T20:57:20+00:00,2026-08-07T20:57:20+00:00
4127,San Vicente Department,66,2026-08-07T20:57:20+00:00,2026-08-07T20:57:20+00:00
4128,Santa Ana Department,66,2026-08-07T20:57:20+00:00,2026-08-07T20:57:20+00:00
4129,Usulután Department,66,2026-08-07T20:57:20+00:00,2026-08-07T20:57:20+00:00
4130,Morazán Department,66,2026-08-07T20:57:20+00:00,2026-08-07T20:57:20+00:00
4131,Chalatenango Department,66,2026-08-07T20:57:20+00:00,2026-08-07T20:57:20+00:00
4132,Cabañas Department,66,2026-08-07T20:57:20+00:00,2026-08-07T20:57:20+00:00
4133,San Salvador Department,66,2026-08-07T20:57:20+00:00,2026-08-07T20:57:20+00:00
4134,La Libertad Department,66,2026-08-07T20:57:20+00:00,2026-08-07T20:57:20+00:00
4135,San Miguel Department,66,2026-08-07T20:57:20+00:00,2026-08-07T20:57:20+00:00
4136,La Paz Department,66,2026-08-07T20:57:20+00:00,2026-08-07T20:57:20+00:00
4137,Cuscatlán Department,66,2026-08-07T20:57:20+00:00,2026-08-07T20:57:20+00:00
4138,La Unión Department,66,2026-08-07T20:57:20+00:00,2026-08-07T20:57:20+00:00
4139,Ahuachapán Department,66,2026-08-07T20:57:20+00:00,2026-08-07T20:57:20+00:00
4140,Sonsonate Department,66,2026-08-07T20:57:20+00:00,2026-08-07T20:57:20+00:00
4141,Braslovče Municipality,201,2026-08-07T20:57:20+00:00,2026-08-07T20:57:20+00:00
4142,Lenart Municipality,201,2026-08-07T20:57:20+00:00,2026-08-07T20:57:20+00:00
4143,Oplotnica,201,2026-08-07T20:57:20+00:00,2026-08-07T20:57:20+00:00
4144,Velike Lašče Municipality,201,2026-08-07T20:57:20+00:00,2026-08-07T20:57:20+00:00
4145,Hajdina Municipality,201,2026-08-07T20:57:20+00:00,2026-08-07T20:57:20+00:00
4146,Podčetrtek Municipality,201,2026-08-07T20:57:20+00:00,2026-08-07T20:57:20+00:00
4147,Cankova Municipality,201,2026-08-07T20:57:20+00:00,2026-08-07T20:57:20+00:00
4148,Vitanje Municipality,201,2026-08-07T20:57:20+00:00,2026-08-07T20:57:20+00:00
4149,Sežana Municipality,201,2026-08-07T20:57:20+00:00,2026-08-07T20:57:20+00:00
4150,Kidričevo Municipality,201,2026-08-07T20:57:20+00:00,2026-08-07T20:57:20+00:00
4151,Črenšovci Municipality,201,2026-08-07T20:57:20+00:00,2026-08-07T20:57:20+00:00
4152,Idrija Municipality,201,2026-08-07T20:57:20+00:00,2026-08-07T20:57:20+00:00
4153,Trnovska Vas Municipality,201,2026-08-07T20:57:20+00:00,2026-08-07T20:57:20+00:00
4154,Vodice Municipality,201,2026-08-07T20:57:20+00:00,2026-08-07T20:57:20+00:00
4155,Ravne na Koroškem Municipality,201,2026-08-07T20:57:20+00:00,2026-08-07T20:57:20+00:00
4156,Lovrenc na Pohorju Municipality,201,2026-08-07T20:57:20+00:00,2026-08-07T20:57:20+00:00
4157,Majšperk Municipality,201,2026-08-07T20:57:20+00:00,2026-08-07T20:57:20+00:00
4158,Loški Potok Municipality,201,2026-08-07T20:57:20+00:00,2026-08-07T20:57:20+00:00
4159,Domžale Municipality,201,2026-08-07T20:57:20+00:00,2026-08-07T20:57:20+00:00
4160,Rečica ob Savinji Municipality,201,2026-08-07T20:57:20+00:00,2026-08-07T20:57:20+00:00
4161,Podlehnik Municipality,201,2026-08-07T20:57:20+00:00,2026-08-07T20:57:20+00:00
4162,Cerknica Municipality,201,2026-08-07T20:57:20+00:00,2026-08-07T20:57:20+00:00
4163,Vransko Municipality,201,2026-08-07T20:57:20+00:00,2026-08-07T20:57:20+00:00
4164,Sveta Ana Municipality,201,2026-08-07T20:57:20+00:00,2026-08-07T20:57:20+00:00
4165,Brezovica Municipality,201,2026-08-07T20:57:20+00:00,2026-08-07T20:57:20+00:00
4166,Benedikt Municipality,201,2026-08-07T20:57:20+00:00,2026-08-07T20:57:20+00:00
4167,Divača Municipality,201,2026-08-07T20:57:20+00:00,2026-08-07T20:57:20+00:00
4168,Moravče Municipality,201,2026-08-07T20:57:20+00:00,2026-08-07T20:57:20+00:00
4169,Slovenj Gradec City Municipality,201,2026-08-07T20:57:20+00:00,2026-08-07T20:57:20+00:00
4170,Škocjan Municipality,201,2026-08-07T20:57:20+00:00,2026-08-07T20:57:20+00:00
4171,Šentjur Municipality,201,2026-08-07T20:57:20+00:00,2026-08-07T20:57:20+00:00
4172,Pesnica Municipality,201,2026-08-07T20:57:20+00:00,2026-08-07T20:57:20+00:00
4173,Dol pri Ljubljani Municipality,201,2026-08-07T20:57:20+00:00,2026-08-07T20:57:20+00:00
4174,Loška Dolina Municipality,201,2026-08-07T20:57:20+00:00,2026-08-07T20:57:20+00:00
4175,Hoče–Slivnica Municipality,201,2026-08-07T20:57:20+00:00,2026-08-07T20:57:20+00:00
4176,Cerkvenjak Municipality,201,2026-08-07T20:57:20+00:00,2026-08-07T20:57:20+00:00
4177,Naklo Municipality,201,2026-08-07T20:57:20+00:00,2026-08-07T20:57:20+00:00
4178,Cerkno Municipality,201,2026-08-07T20:57:20+00:00,2026-08-07T20:57:20+00:00
4179,Bistrica ob Sotli Municipality,201,2026-08-07T20:57:20+00:00,2026-08-07T20:57:20+00:00
4180,Kamnik Municipality,201,2026-08-07T20:57:20+00:00,2026-08-07T20:57:20+00:00
4181,Bovec Municipality,201,2026-08-07T20:57:20+00:00,2026-08-07T20:57:20+00:00
4182,Zavrč Municipality,201,2026-08-07T20:57:20+00:00,2026-08-07T20:57:20+00:00
4183,Ajdovščina Municipality,201,2026-08-07T20:57:20+00:00,2026-08-07T20:57:20+00:00
4184,Pivka Municipality,201,2026-08-07T20:57:20+00:00,2026-08-07T20:57:20+00:00
4185,Štore Municipality,201,2026-08-07T20:57:20+00:00,2026-08-07T20:57:20+00:00
4186,Kozje Municipality,201,2026-08-07T20:57:20+00:00,2026-08-07T20:57:20+00:00
4187,Municipality of Škofljica,201,2026-08-07T20:57:20+00:00,2026-08-07T20:57:20+00:00
4188,Prebold Municipality,201,2026-08-07T20:57:20+00:00,2026-08-07T20:57:20+00:00
4189,Dobrovnik Municipality,201,2026-08-07T20:57:20+00:00,2026-08-07T20:57:20+00:00
4190,Mozirje Municipality,201,2026-08-07T20:57:20+00:00,2026-08-07T20:57:20+00:00
4191,City Municipality of Celje,201,2026-08-07T20:57:20+00:00,2026-08-07T20:57:20+00:00
4192,Žiri Municipality,201,2026-08-07T20:57:20+00:00,2026-08-07T20:57:20+00:00
4193,Horjul Municipality,201,2026-08-07T20:57:20+00:00,2026-08-07T20:57:20+00:00
4194,Tabor Municipality,201,2026-08-07T20:57:20+00:00,2026-08-07T20:57:20+00:00
4195,Radeče Municipality,201,2026-08-07T20:57:20+00:00,2026-08-07T20:57:20+00:00
4196,Vipava Municipality,201,2026-08-07T20:57:20+00:00,2026-08-07T20:57:20+00:00
4197,Kungota,201,2026-08-07T20:57:20+00:00,2026-08-07T20:57:20+00:00
4198,Slovenske Konjice Municipality,201,2026-08-07T20:57:20+00:00,2026-08-07T20:57:20+00:00
4199,Osilnica Municipality,201,2026-08-07T20:57:20+00:00,2026-08-07T20:57:20+00:00
4200,Borovnica Municipality,201,2026-08-07T20:57:20+00:00,2026-08-07T20:57:20+00:00
4201,Piran Municipality,201,2026-08-07T20:57:20+00:00,2026-08-07T20:57:20+00:00
4202,Bled Municipality,201,2026-08-07T20:57:20+00:00,2026-08-07T20:57:20+00:00
4203,Jezersko Municipality,201,2026-08-07T20:57:20+00:00,2026-08-07T20:57:20+00:00
4204,Rače–Fram Municipality,201,2026-08-07T20:57:20+00:00,2026-08-07T20:57:20+00:00
4205,Nova Gorica City Municipality,201,2026-08-07T20:57:20+00:00,2026-08-07T20:57:20+00:00
4206,Razkrižje Municipality,201,2026-08-07T20:57:20+00:00,2026-08-07T20:57:20+00:00
4207,Ribnica na Pohorju Municipality,201,2026-08-07T20:57:20+00:00,2026-08-07T20:57:20+00:00
4208,Muta Municipality,201,2026-08-07T20:57:20+00:00,2026-08-07T20:57:20+00:00
4209,Rogatec Municipality,201,2026-08-07T20:57:20+00:00,2026-08-07T20:57:20+00:00
4210,Gorišnica Municipality,201,2026-08-07T20:57:20+00:00,2026-08-07T20:57:20+00:00
4211,Kuzma Municipality,201,2026-08-07T20:57:20+00:00,2026-08-07T20:57:20+00:00
4212,Mislinja Municipality,201,2026-08-07T20:57:20+00:00,2026-08-07T20:57:20+00:00
4213,Duplek Municipality,201,2026-08-07T20:57:20+00:00,2026-08-07T20:57:20+00:00
4214,Trebnje Municipality,201,2026-08-07T20:57:20+00:00,2026-08-07T20:57:20+00:00
4215,Brežice Municipality,201,2026-08-07T20:57:20+00:00,2026-08-07T20:57:20+00:00
4216,Dobrepolje Municipality,201,2026-08-07T20:57:20+00:00,2026-08-07T20:57:20+00:00
4217,Grad Municipality,201,2026-08-07T20:57:20+00:00,2026-08-07T20:57:20+00:00
4218,Moravske Toplice Municipality,201,2026-08-07T20:57:20+00:00,2026-08-07T20:57:20+00:00
4219,Luče Municipality,201,2026-08-07T20:57:20+00:00,2026-08-07T20:57:20+00:00
4220,Miren–Kostanjevica Municipality,201,2026-08-07T20:57:20+00:00,2026-08-07T20:57:20+00:00
4221,Ormož Municipality,201,2026-08-07T20:57:20+00:00,2026-08-07T20:57:20+00:00
4222,Šalovci Municipality,201,2026-08-07T20:57:20+00:00,2026-08-07T20:57:20+00:00
4223,Miklavž na Dravskem Polju Municipality,201,2026-08-07T20:57:20+00:00,2026-08-07T20:57:20+00:00
4224,Makole Municipality,201,2026-08-07T20:57:20+00:00,2026-08-07T20:57:20+00:00
4225,Lendava Municipality,201,2026-08-07T20:57:20+00:00,2026-08-07T20:57:20+00:00
4226,Vuzenica Municipality,201,2026-08-07T20:57:20+00:00,2026-08-07T20:57:20+00:00
4227,Kanal ob Soči Municipality,201,2026-08-07T20:57:20+00:00,2026-08-07T20:57:20+00:00
4228,Ptuj City Municipality,201,2026-08-07T20:57:20+00:00,2026-08-07T20:57:20+00:00
4229,Sveti Andraž v Slovenskih Goricah Municipality,201,2026-08-07T20:57:20+00:00,2026-08-07T20:57:20+00:00
4230,Selnica ob Dravi Municipality,201,2026-08-07T20:57:20+00:00,2026-08-07T20:57:20+00:00
4231,Radovljica Municipality,201,2026-08-07T20:57:20+00:00,2026-08-07T20:57:20+00:00
4232,Črna na Koroškem Municipality,201,2026-08-07T20:57:20+00:00,2026-08-07T20:57:20+00:00
4233,Rogaška Slatina Municipality,201,2026-08-07T20:57:20+00:00,2026-08-07T20:57:20+00:00
4234,Podvelka Municipality,201,2026-08-07T20:57:20+00:00,2026-08-07T20:57:20+00:00
4235,Ribnica Municipality,201,2026-08-07T20:57:20+00:00,2026-08-07T20:57:20+00:00
4236,City Municipality of Novo Mesto,201,2026-08-07T20:57:20+00:00,2026-08-07T20:57:20+00:00
4237,Mirna Peč Municipality,201,2026-08-07T20:57:20+00:00,2026-08-07T20:57:20+00:00
4238,Križevci Municipality,201,2026-08-07T20:57:20+00:00,2026-08-07T20:57:20+00:00
4239,Poljčane Municipality,201,2026-08-07T20:57:20+00:00,2026-08-07T20:57:20+00:00
4240,Brda Municipality,201,2026-08-07T20:57:20+00:00,2026-08-07T20:57:20+00:00
4241,Šentjernej Municipality,201,2026-08-07T20:57:20+00:00,2026-08-07T20:57:20+00:00
4242,Maribor City Municipality,201,2026-08-07T20:57:20+00:00,2026-08-07T20:57:20+00:00
4243,Kobarid Municipality,201,2026-08-07T20:57:20+00:00,2026-08-07T20:57:20+00:00
4244,Markovci Municipality,201,2026-08-07T20:57:20+00:00,2026-08-07T20:57:20+00:00
4245,Vojnik Municipality,201,2026-08-07T20:57:20+00:00,2026-08-07T20:57:20+00:00
4246,Trbovlje Municipality,201,2026-08-07T20:57:20+00:00,2026-08-07T20:57:20+00:00
4247,Tolmin Municipality,201,2026-08-07T20:57:20+00:00,2026-08-07T20:57:20+00:00
4248,Šoštanj Municipality,201,2026-08-07T20:57:20+00:00,2026-08-07T20:57:20+00:00
4249,Žetale Municipality,201,2026-08-07T20:57:20+00:00,2026-08-07T20:57:20+00:00
4250,Tržič Municipality,201,2026-08-07T20:57:20+00:00,2026-08-07T20:57:20+00:00
4251,Turnišče Municipality,201,2026-08-07T20:57:20+00:00,2026-08-07T20:57:20+00:00
4252,Dobrna Municipality,201,2026-08-07T20:57:20+00:00,2026-08-07T20:57:20+00:00
4253,Renče–Vogrsko Municipality,201,2026-08-07T20:57:20+00:00,2026-08-07T20:57:20+00:00
4254,Kostanjevica na Krki Municipality,201,2026-08-07T20:57:20+00:00,2026-08-07T20:57:20+00:00
4255,Sveti Jurij ob Ščavnici Municipality,201,2026-08-07T20:57:20+00:00,2026-08-07T20:57:20+00:00
4256,Železniki Municipality,201,2026-08-07T20:57:20+00:00,2026-08-07T20:57:20+00:00
4257,Veržej Municipality,201,2026-08-07T20:57:20+00:00,2026-08-07T20:57:20+00:00
4258,Žalec Municipality,201,2026-08-07T20:57:20+00:00,2026-08-07T20:57:20+00:00
4259,Starše Municipality,201,2026-08-07T20:57:20+00:00,2026-08-07T20:57:20+00:00
4260,Sveta Trojica v Slovenskih Goricah Municipality,201,2026-08-07T20:57:20+00:00,2026-08-07T20:57:20+00:00
4261,Solčava Municipality,201,2026-08-07T20:57:20+00:00,2026-08-07T20:57:20+00:00
4262,Vrhnika Municipality,201,2026-08-07T20:57:20+00:00,2026-08-07T20:57:20+00:00
4263,Središče ob Dravi,201,2026-08-07T20:57:20+00:00,2026-08-07T20:57:20+00:00
4264,Rogašovci Municipality,201,2026-08-07T20:57:20+00:00,2026-08-07T20:57:20+00:00
4265,Mežica Municipality,201,2026-08-07T20:57:20+00:00,2026-08-07T20:57:20+00:00
4266,Juršinci Municipality,201,2026-08-07T20:57:20+00:00,2026-08-07T20:57:20+00:00
4267,Velika Polana Municipality,201,2026-08-07T20:57:20+00:00,2026-08-07T20:57:20+00:00
4268,Sevnica Municipality,201,2026-08-07T20:57:20+00:00,2026-08-07T20:57:20+00:00
4269,Zagorje ob Savi Municipality,201,2026-08-07T20:57:20+00:00,2026-08-07T20:57:20+00:00
4270,Ljubljana City Municipality,201,2026-08-07T20:57:20+00:00,2026-08-07T20:57:20+00:00
4271,Gornji Petrovci Municipality,201,2026-08-07T20:57:20+00:00,2026-08-07T20:57:20+00:00
4272,Polzela Municipality,201,2026-08-07T20:57:20+00:00,2026-08-07T20:57:20+00:00
4273,Sveti Tomaž Municipality,201,2026-08-07T20:57:20+00:00,2026-08-07T20:57:20+00:00
4274,Prevalje Municipality,201,2026-08-07T20:57:20+00:00,2026-08-07T20:57:20+00:00
4275,Radlje ob Dravi Municipality,201,2026-08-07T20:57:20+00:00,2026-08-07T20:57:20+00:00
4276,Žirovnica Municipality,201,2026-08-07T20:57:20+00:00,2026-08-07T20:57:20+00:00
4277,Sodražica Municipality,201,2026-08-07T20:57:20+00:00,2026-08-07T20:57:20+00:00
4278,Bloke Municipality,201,2026-08-07T20:57:20+00:00,2026-08-07T20:57:20+00:00
4279,Šmartno pri Litiji Municipality,201,2026-08-07T20:57:20+00:00,2026-08-07T20:57:20+00:00
4280,Ruše Municipality,201,2026-08-07T20:57:20+00:00,2026-08-07T20:57:20+00:00
4281,Dolenjske Toplice Municipality,201,2026-08-07T20:57:20+00:00,2026-08-07T20:57:20+00:00
4282,Bohinj Municipality,201,2026-08-07T20:57:20+00:00,2026-08-07T20:57:20+00:00
4283,Komenda Municipality,201,2026-08-07T20:57:20+00:00,2026-08-07T20:57:20+00:00
4284,Gorje Municipality,201,2026-08-07T20:57:20+00:00,2026-08-07T20:57:20+00:00
4285,Šmarje pri Jelšah Municipality,201,2026-08-07T20:57:20+00:00,2026-08-07T20:57:20+00:00
4286,Ig Municipality,201,2026-08-07T20:57:20+00:00,2026-08-07T20:57:20+00:00
4287,Kranj City Municipality,201,2026-08-07T20:57:20+00:00,2026-08-07T20:57:20+00:00
4288,Puconci Municipality,201,2026-08-07T20:57:20+00:00,2026-08-07T20:57:20+00:00
4289,Šmarješke Toplice Municipality,201,2026-08-07T20:57:20+00:00,2026-08-07T20:57:20+00:00
4290,Dornava Municipality,201,2026-08-07T20:57:20+00:00,2026-08-07T20:57:20+00:00
4291,Črnomelj Municipality,201,2026-08-07T20:57:20+00:00,2026-08-07T20:57:20+00:00
4292,Radenci Municipality,201,2026-08-07T20:57:20+00:00,2026-08-07T20:57:20+00:00
4293,Gorenja Vas–Poljane Municipality,201,2026-08-07T20:57:20+00:00,2026-08-07T20:57:20+00:00
4294,Ljubno Municipality,201,2026-08-07T20:57:20+00:00,2026-08-07T20:57:20+00:00
4295,Dobje Municipality,201,2026-08-07T20:57:20+00:00,2026-08-07T20:57:20+00:00
4296,Šmartno ob Paki Municipality,201,2026-08-07T20:57:20+00:00,2026-08-07T20:57:20+00:00
4297,Mokronog–Trebelno Municipality,201,2026-08-07T20:57:20+00:00,2026-08-07T20:57:20+00:00
4298,Mirna Municipality,201,2026-08-07T20:57:20+00:00,2026-08-07T20:57:20+00:00
4299,Šenčur Municipality,201,2026-08-07T20:57:20+00:00,2026-08-07T20:57:20+00:00
4300,Videm Municipality,201,2026-08-07T20:57:20+00:00,2026-08-07T20:57:20+00:00
4301,Beltinci Municipality,201,2026-08-07T20:57:20+00:00,2026-08-07T20:57:20+00:00
4302,Lukovica Municipality,201,2026-08-07T20:57:20+00:00,2026-08-07T20:57:20+00:00
4303,Preddvor Municipality,201,2026-08-07T20:57:20+00:00,2026-08-07T20:57:20+00:00
4304,Destrnik Municipality,201,2026-08-07T20:57:20+00:00,2026-08-07T20:57:20+00:00
4305,Ivančna Gorica Municipality,201,2026-08-07T20:57:20+00:00,2026-08-07T20:57:20+00:00
4306,Log–Dragomer Municipality,201,2026-08-07T20:57:20+00:00,2026-08-07T20:57:20+00:00
4307,Žužemberk Municipality,201,2026-08-07T20:57:20+00:00,2026-08-07T20:57:20+00:00
4308,Dobrova–Polhov Gradec Municipality,201,2026-08-07T20:57:20+00:00,2026-08-07T20:57:20+00:00
4309,Municipality of Cirkulane,201,2026-08-07T20:57:20+00:00,2026-08-07T20:57:20+00:00
4310,Cerklje na Gorenjskem Municipality,201,2026-08-07T20:57:20+00:00,2026-08-07T20:57:20+00:00
4311,Šentrupert Municipality,201,2026-08-07T20:57:20+00:00,2026-08-07T20:57:20+00:00
4312,Tišina Municipality,201,2026-08-07T20:57:20+00:00,2026-08-07T20:57:20+00:00
4313,Murska Sobota City Municipality,201,2026-08-07T20:57:20+00:00,2026-08-07T20:57:20+00:00
4314,Municipality of Krško,201,2026-08-07T20:57:20+00:00,2026-08-07T20:57:20+00:00
4315,Komen Municipality,201,2026-08-07T20:57:20+00:00,2026-08-07T20:57:20+00:00
4316,Škofja Loka Municipality,201,2026-08-07T20:57:20+00:00,2026-08-07T20:57:20+00:00
4317,Šempeter–Vrtojba Municipality,201,2026-08-07T20:57:20+00:00,2026-08-07T20:57:20+00:00
4318,Municipality of Apače,201,2026-08-07T20:57:20+00:00,2026-08-07T20:57:20+00:00
4319,Koper City Municipality,201,2026-08-07T20:57:20+00:00,2026-08-07T20:57:20+00:00
4320,Odranci Municipality,201,2026-08-07T20:57:20+00:00,2026-08-07T20:57:20+00:00
4321,Hrpelje–Kozina Municipality,201,2026-08-07T20:57:20+00:00,2026-08-07T20:57:20+00:00
4322,Izola Municipality,201,2026-08-07T20:57:20+00:00,2026-08-07T20:57:20+00:00
4323,Metlika Municipality,201,2026-08-07T20:57:20+00:00,2026-08-07T20:57:20+00:00
4324,Šentilj Municipality,201,2026-08-07T20:57:20+00:00,2026-08-07T20:57:20+00:00
4325,Kobilje Municipality,201,2026-08-07T20:57:20+00:00,2026-08-07T20:57:20+00:00
4326,Ankaran Municipality,201,2026-08-07T20:57:20+00:00,2026-08-07T20:57:20+00:00
4327,Hodoš Municipality,201,2026-08-07T20:57:20+00:00,2026-08-07T20:57:20+00:00
4328,Sveti Jurij v Slovenskih Goricah Municipality,201,2026-08-07T20:57:20+00:00,2026-08-07T20:57:20+00:00
4329,Nazarje Municipality,201,2026-08-07T20:57:20+00:00,2026-08-07T20:57:20+00:00
4330,Postojna Municipality,201,2026-08-07T20:57:20+00:00,2026-08-07T20:57:20+00:00
4331,Kostel Municipality,201,2026-08-07T20:57:20+00:00,2026-08-07T20:57:20+00:00
4332,Slovenska Bistrica Municipality,201,2026-08-07T20:57:20+00:00,2026-08-07T20:57:20+00:00
4333,Straža Municipality,201,2026-08-07T20:57:20+00:00,2026-08-07T20:57:20+00:00
4334,Trzin Municipality,201,2026-08-07T20:57:20+00:00,2026-08-07T20:57:20+00:00
4335,Kočevje Municipality,201,2026-08-07T20:57:20+00:00,2026-08-07T20:57:20+00:00
4336,Grosuplje Municipality,201,2026-08-07T20:57:20+00:00,2026-08-07T20:57:20+00:00
4337,Jesenice Municipality,201,2026-08-07T20:57:20+00:00,2026-08-07T20:57:20+00:00
4338,Laško Municipality,201,2026-08-07T20:57:20+00:00,2026-08-07T20:57:20+00:00
4339,Gornji Grad Municipality,201,2026-08-07T20:57:20+00:00,2026-08-07T20:57:20+00:00
4340,Kranjska Gora Municipality,201,2026-08-07T20:57:20+00:00,2026-08-07T20:57:20+00:00
4341,Hrastnik Municipality,201,2026-08-07T20:57:20+00:00,2026-08-07T20:57:20+00:00
4342,Zreče Municipality,201,2026-08-07T20:57:20+00:00,2026-08-07T20:57:20+00:00
4343,Gornja Radgona Municipality,201,2026-08-07T20:57:20+00:00,2026-08-07T20:57:20+00:00
4344,Municipality of Ilirska Bistrica,201,2026-08-07T20:57:20+00:00,2026-08-07T20:57:20+00:00
4345,Dravograd Municipality,201,2026-08-07T20:57:20+00:00,2026-08-07T20:57:20+00:00
4346,Semič Municipality,201,2026-08-07T20:57:20+00:00,2026-08-07T20:57:20+00:00
4347,Litija Municipality,201,2026-08-07T20:57:20+00:00,2026-08-07T20:57:20+00:00
4348,Mengeš Municipality,201,2026-08-07T20:57:20+00:00,2026-08-07T20:57:20+00:00
4349,Medvode Municipality,201,2026-08-07T20:57:20+00:00,2026-08-07T20:57:20+00:00
4350,Logatec Municipality,201,2026-08-07T20:57:20+00:00,2026-08-07T20:57:20+00:00
4351,Ljutomer Municipality,201,2026-08-07T20:57:20+00:00,2026-08-07T20:57:20+00:00
4352,Banská Bystrica Region,200,2026-08-07T20:57:20+00:00,2026-08-07T20:57:20+00:00
4353,Košice Region,200,2026-08-07T20:57:20+00:00,2026-08-07T20:57:20+00:00
4354,Prešov Region,200,2026-08-07T20:57:20+00:00,2026-08-07T20:57:20+00:00
4355,Trnava Region,200,2026-08-07T20:57:20+00:00,2026-08-07T20:57:20+00:00
4356,Bratislava Region,200,2026-08-07T20:57:20+00:00,2026-08-07T20:57:20+00:00
4357,Nitra Region,200,2026-08-07T20:57:20+00:00,2026-08-07T20:57:20+00:00
4358,Trenčín Region,200,2026-08-07T20:57:20+00:00,2026-08-07T20:57:20+00:00
4359,Žilina Region,200,2026-08-07T20:57:20+00:00,2026-08-07T20:57:20+00:00
4360,Cimișlia District,144,2026-08-07T20:57:20+00:00,2026-08-07T20:57:20+00:00
4361,Orhei District,144,2026-08-07T20:57:20+00:00,2026-08-07T20:57:20+00:00
4362,Bender Municipality,144,2026-08-07T20:57:20+00:00,2026-08-07T20:57:20+00:00
4363,Nisporeni District,144,2026-08-07T20:57:20+00:00,2026-08-07T20:57:20+00:00
4364,Sîngerei District,144,2026-08-07T20:57:20+00:00,2026-08-07T20:57:20+00:00
4365,Căușeni District,144,2026-08-07T20:57:20+00:00,2026-08-07T20:57:20+00:00
4366,Călărași District,144,2026-08-07T20:57:20+00:00,2026-08-07T20:57:20+00:00
4367,Glodeni District,144,2026-08-07T20:57:20+00:00,2026-08-07T20:57:20+00:00
4368,Anenii Noi District,144,2026-08-07T20:57:20+00:00,2026-08-07T20:57:20+00:00
4369,Ialoveni District,144,2026-08-07T20:57:20+00:00,2026-08-07T20:57:20+00:00
4370,Florești District,144,2026-08-07T20:57:20+00:00,2026-08-07T20:57:20+00:00
4371,Telenești District,144,2026-08-07T20:57:20+00:00,2026-08-07T20:57:20+00:00
4372,Taraclia District,144,2026-08-07T20:57:20+00:00,2026-08-07T20:57:20+00:00
4373,Chișinău Municipality,144,2026-08-07T20:57:20+00:00,2026-08-07T20:57:20+00:00
4374,Soroca District,144,2026-08-07T20:57:20+00:00,2026-08-07T20:57:20+00:00
4375,Briceni District,144,2026-08-07T20:57:20+00:00,2026-08-07T20:57:20+00:00
4376,Rîșcani District,144,2026-08-07T20:57:20+00:00,2026-08-07T20:57:20+00:00
4377,Strășeni District,144,2026-08-07T20:57:20+00:00,2026-08-07T20:57:20+00:00
4378,Ștefan Vodă District,144,2026-08-07T20:57:20+00:00,2026-08-07T20:57:20+00:00
4379,Basarabeasca District,144,2026-08-07T20:57:20+00:00,2026-08-07T20:57:20+00:00
4380,Cantemir District,144,2026-08-07T20:57:20+00:00,2026-08-07T20:57:20+00:00
4381,Fălești District,144,2026-08-07T20:57:20+00:00,2026-08-07T20:57:20+00:00
4382,Hîncești District,144,2026-08-07T20:57:20+00:00,2026-08-07T20:57:20+00:00
4383,Dubăsari District,144,2026-08-07T20:57:20+00:00,2026-08-07T20:57:20+00:00
4384,Dondușeni District,144,2026-08-07T20:57:20+00:00,2026-08-07T20:57:20+00:00
4385,Gagauzia,144,2026-08-07T20:57:20+00:00,2026-08-07T20:57:20+00:00
4386,Ungheni District,144,2026-08-07T20:57:20+00:00,2026-08-07T20:57:20+00:00
4387,Edineț District,144,2026-08-07T20:57:20+00:00,2026-08-07T20:57:20+00:00
4388,Șoldănești District,144,2026-08-07T20:57:20+00:00,2026-08-07T20:57:20+00:00
4389,Ocnița District,144,2026-08-07T20:57:20+00:00,2026-08-07T20:57:20+00:00
4390,Criuleni District,144,2026-08-07T20:57:20+00:00,2026-08-07T20:57:20+00:00
4391,Cahul District,144,2026-08-07T20:57:20+00:00,2026-08-07T20:57:20+00:00
4392,Drochia District,144,2026-08-07T20:57:20+00:00,2026-08-07T20:57:20+00:00
4393,Bălți Municipality,144,2026-08-07T20:57:20+00:00,2026-08-07T20:57:20+00:00
4394,Rezina District,144,2026-08-07T20:57:20+00:00,2026-08-07T20:57:20+00:00
4395,Transnistria autonomous territorial unit,144,2026-08-07T20:57:20+00:00,2026-08-07T20:57:20+00:00
4396,Salacgrīva Municipality,120,2026-08-07T20:57:20+00:00,2026-08-07T20:57:20+00:00
4397,Vecumnieki Municipality,120,2026-08-07T20:57:20+00:00,2026-08-07T20:57:20+00:00
4398,Naukšēni Municipality,120,2026-08-07T20:57:20+00:00,2026-08-07T20:57:20+00:00
4399,Ilūkste Municipality,120,2026-08-07T20:57:20+00:00,2026-08-07T20:57:20+00:00
4400,Gulbene Municipality,120,2026-08-07T20:57:20+00:00,2026-08-07T20:57:20+00:00
4401,Līvāni Municipality,120,2026-08-07T20:57:20+00:00,2026-08-07T20:57:20+00:00
4402,Salaspils Municipality,120,2026-08-07T20:57:20+00:00,2026-08-07T20:57:20+00:00
4403,Ventspils Municipality,120,2026-08-07T20:57:20+00:00,2026-08-07T20:57:20+00:00
4404,Rundāle Municipality,120,2026-08-07T20:57:20+00:00,2026-08-07T20:57:20+00:00
4405,Pļaviņas Municipality,120,2026-08-07T20:57:20+00:00,2026-08-07T20:57:20+00:00
4406,Vārkava Municipality,120,2026-08-07T20:57:20+00:00,2026-08-07T20:57:20+00:00
4407,Jaunpiebalga Municipality,120,2026-08-07T20:57:20+00:00,2026-08-07T20:57:20+00:00
4408,Sēja Municipality,120,2026-08-07T20:57:20+00:00,2026-08-07T20:57:20+00:00
4409,Tukums Municipality,120,2026-08-07T20:57:20+00:00,2026-08-07T20:57:20+00:00
4410,Cibla Municipality,120,2026-08-07T20:57:20+00:00,2026-08-07T20:57:20+00:00
4411,Burtnieki Municipality,120,2026-08-07T20:57:20+00:00,2026-08-07T20:57:20+00:00
4412,Ķegums Municipality,120,2026-08-07T20:57:20+00:00,2026-08-07T20:57:20+00:00
4413,Krustpils Municipality,120,2026-08-07T20:57:20+00:00,2026-08-07T20:57:20+00:00
4414,Cesvaine Municipality,120,2026-08-07T20:57:20+00:00,2026-08-07T20:57:20+00:00
4415,Skrīveri Municipality,120,2026-08-07T20:57:20+00:00,2026-08-07T20:57:20+00:00
4416,Ogre Municipality,120,2026-08-07T20:57:20+00:00,2026-08-07T20:57:20+00:00
4417,Olaine Municipality,120,2026-08-07T20:57:20+00:00,2026-08-07T20:57:20+00:00
4418,Limbaži Municipality,120,2026-08-07T20:57:20+00:00,2026-08-07T20:57:20+00:00
4419,Lubāna Municipality,120,2026-08-07T20:57:20+00:00,2026-08-07T20:57:20+00:00
4420,Kandava Municipality,120,2026-08-07T20:57:20+00:00,2026-08-07T20:57:20+00:00
4421,Ventspils,120,2026-08-07T20:57:20+00:00,2026-08-07T20:57:20+00:00
4422,Krimulda Municipality,120,2026-08-07T20:57:20+00:00,2026-08-07T20:57:20+00:00
4423,Rugāji Municipality,120,2026-08-07T20:57:20+00:00,2026-08-07T20:57:20+00:00
4424,Jelgava Municipality,120,2026-08-07T20:57:20+00:00,2026-08-07T20:57:20+00:00
4425,Valka Municipality,120,2026-08-07T20:57:20+00:00,2026-08-07T20:57:20+00:00
4426,Rūjiena Municipality,120,2026-08-07T20:57:20+00:00,2026-08-07T20:57:20+00:00
4427,Babīte Municipality,120,2026-08-07T20:57:20+00:00,2026-08-07T20:57:20+00:00
4428,Dundaga Municipality,120,2026-08-07T20:57:20+00:00,2026-08-07T20:57:20+00:00
4429,Priekule Municipality,120,2026-08-07T20:57:20+00:00,2026-08-07T20:57:20+00:00
4430,Zilupe Municipality,120,2026-08-07T20:57:20+00:00,2026-08-07T20:57:20+00:00
4431,Varakļāni Municipality,120,2026-08-07T20:57:20+00:00,2026-08-07T20:57:20+00:00
4432,Nereta Municipality,120,2026-08-07T20:57:20+00:00,2026-08-07T20:57:20+00:00
4433,Madona Municipality,120,2026-08-07T20:57:20+00:00,2026-08-07T20:57:20+00:00
4434,Sala Municipality,120,2026-08-07T20:57:20+00:00,2026-08-07T20:57:20+00:00
4435,Ķekava Municipality,120,2026-08-07T20:57:20+00:00,2026-08-07T20:57:20+00:00
4436,Nīca Municipality,120,2026-08-07T20:57:20+00:00,2026-08-07T20:57:20+00:00
4437,Dobele Municipality,120,2026-08-07T20:57:20+00:00,2026-08-07T20:57:20+00:00
4438,Jēkabpils Municipality,120,2026-08-07T20:57:20+00:00,2026-08-07T20:57:20+00:00
4439,Saldus Municipality,120,2026-08-07T20:57:20+00:00,2026-08-07T20:57:20+00:00
4440,Roja Municipality,120,2026-08-07T20:57:20+00:00,2026-08-07T20:57:20+00:00
4441,Iecava Municipality,120,2026-08-07T20:57:20+00:00,2026-08-07T20:57:20+00:00
4442,Ozolnieki Municipality,120,2026-08-07T20:57:20+00:00,2026-08-07T20:57:20+00:00
4443,Saulkrasti Municipality,120,2026-08-07T20:57:20+00:00,2026-08-07T20:57:20+00:00
4444,Ērgļi Municipality,120,2026-08-07T20:57:20+00:00,2026-08-07T20:57:20+00:00
4445,Aglona Municipality,120,2026-08-07T20:57:20+00:00,2026-08-07T20:57:20+00:00
4446,Jūrmala,120,2026-08-07T20:57:20+00:00,2026-08-07T20:57:20+00:00
4447,Skrunda Municipality,120,2026-08-07T20:57:20+00:00,2026-08-07T20:57:20+00:00
4448,Engure Municipality,120,2026-08-07T20:57:20+00:00,2026-08-07T20:57:20+00:00
4449,Inčukalns Municipality,120,2026-08-07T20:57:20+00:00,2026-08-07T20:57:20+00:00
4450,Mārupe Municipality,120,2026-08-07T20:57:20+00:00,2026-08-07T20:57:20+00:00
4451,Mērsrags Municipality,120,2026-08-07T20:57:20+00:00,2026-08-07T20:57:20+00:00
4452,Koknese Municipality,120,2026-08-07T20:57:20+00:00,2026-08-07T20:57:20+00:00
4453,Kārsava Municipality,120,2026-08-07T20:57:20+00:00,2026-08-07T20:57:20+00:00
4454,Carnikava Municipality,120,2026-08-07T20:57:20+00:00,2026-08-07T20:57:20+00:00
4455,Rēzekne Municipality,120,2026-08-07T20:57:20+00:00,2026-08-07T20:57:20+00:00
4456,Viesīte Municipality,120,2026-08-07T20:57:20+00:00,2026-08-07T20:57:20+00:00
4457,Ape Municipality,120,2026-08-07T20:57:20+00:00,2026-08-07T20:57:20+00:00
4458,Durbe Municipality,120,2026-08-07T20:57:20+00:00,2026-08-07T20:57:20+00:00
4459,Talsi Municipality,120,2026-08-07T20:57:20+00:00,2026-08-07T20:57:20+00:00
4460,Liepāja,120,2026-08-07T20:57:20+00:00,2026-08-07T20:57:20+00:00
4461,Mālpils Municipality,120,2026-08-07T20:57:20+00:00,2026-08-07T20:57:20+00:00
4462,Smiltene Municipality,120,2026-08-07T20:57:20+00:00,2026-08-07T20:57:20+00:00
4463,Daugavpils,120,2026-08-07T20:57:20+00:00,2026-08-07T20:57:20+00:00
4464,Jēkabpils,120,2026-08-07T20:57:20+00:00,2026-08-07T20:57:20+00:00
4465,Bauska Municipality,120,2026-08-07T20:57:20+00:00,2026-08-07T20:57:20+00:00
4466,Vecpiebalga Municipality,120,2026-08-07T20:57:20+00:00,2026-08-07T20:57:20+00:00
4467,Pāvilosta Municipality,120,2026-08-07T20:57:20+00:00,2026-08-07T20:57:20+00:00
4468,Brocēni Municipality,120,2026-08-07T20:57:20+00:00,2026-08-07T20:57:20+00:00
4469,Cēsis Municipality,120,2026-08-07T20:57:20+00:00,2026-08-07T20:57:20+00:00
4470,Grobiņa Municipality,120,2026-08-07T20:57:20+00:00,2026-08-07T20:57:20+00:00
4471,Beverīna Municipality,120,2026-08-07T20:57:20+00:00,2026-08-07T20:57:20+00:00
4472,Aizkraukle Municipality,120,2026-08-07T20:57:20+00:00,2026-08-07T20:57:20+00:00
4473,Valmiera,120,2026-08-07T20:57:20+00:00,2026-08-07T20:57:20+00:00
4474,Krāslava Municipality,120,2026-08-07T20:57:20+00:00,2026-08-07T20:57:20+00:00
4475,Jaunjelgava Municipality,120,2026-08-07T20:57:20+00:00,2026-08-07T20:57:20+00:00
4476,Sigulda Municipality,120,2026-08-07T20:57:20+00:00,2026-08-07T20:57:20+00:00
4477,Viļaka Municipality,120,2026-08-07T20:57:20+00:00,2026-08-07T20:57:20+00:00
4478,Stopiņi Municipality,120,2026-08-07T20:57:20+00:00,2026-08-07T20:57:20+00:00
4479,Rauna Municipality,120,2026-08-07T20:57:20+00:00,2026-08-07T20:57:20+00:00
4480,Tērvete Municipality,120,2026-08-07T20:57:20+00:00,2026-08-07T20:57:20+00:00
4481,Auce Municipality,120,2026-08-07T20:57:20+00:00,2026-08-07T20:57:20+00:00
4482,Baldone Municipality,120,2026-08-07T20:57:20+00:00,2026-08-07T20:57:20+00:00
4483,Preiļi Municipality,120,2026-08-07T20:57:20+00:00,2026-08-07T20:57:20+00:00
4484,Aloja Municipality,120,2026-08-07T20:57:20+00:00,2026-08-07T20:57:20+00:00
4485,Alsunga Municipality,120,2026-08-07T20:57:20+00:00,2026-08-07T20:57:20+00:00
4486,Viļāni Municipality,120,2026-08-07T20:57:20+00:00,2026-08-07T20:57:20+00:00
4487,Alūksne Municipality,120,2026-08-07T20:57:20+00:00,2026-08-07T20:57:20+00:00
4488,Līgatne Municipality,120,2026-08-07T20:57:20+00:00,2026-08-07T20:57:20+00:00
4489,Jaunpils Municipality,120,2026-08-07T20:57:20+00:00,2026-08-07T20:57:20+00:00
4490,Kuldīga Municipality,120,2026-08-07T20:57:20+00:00,2026-08-07T20:57:20+00:00
4491,Riga,120,2026-08-07T20:57:20+00:00,2026-08-07T20:57:20+00:00
4492,Daugavpils Municipality,120,2026-08-07T20:57:20+00:00,2026-08-07T20:57:20+00:00
4493,Ropaži Municipality,120,2026-08-07T20:57:20+00:00,2026-08-07T20:57:20+00:00
4494,Strenči Municipality,120,2026-08-07T20:57:20+00:00,2026-08-07T20:57:20+00:00
4495,Kocēni Municipality,120,2026-08-07T20:57:20+00:00,2026-08-07T20:57:20+00:00
4496,Aizpute Municipality,120,2026-08-07T20:57:20+00:00,2026-08-07T20:57:20+00:00
4497,Amata Municipality,120,2026-08-07T20:57:20+00:00,2026-08-07T20:57:20+00:00
4498,Baltinava Municipality,120,2026-08-07T20:57:20+00:00,2026-08-07T20:57:20+00:00
4499,Aknīste Municipality,120,2026-08-07T20:57:20+00:00,2026-08-07T20:57:20+00:00
4500,Jelgava,120,2026-08-07T20:57:20+00:00,2026-08-07T20:57:20+00:00
4501,Ludza Municipality,120,2026-08-07T20:57:20+00:00,2026-08-07T20:57:20+00:00
4502,Riebiņi Municipality,120,2026-08-07T20:57:20+00:00,2026-08-07T20:57:20+00:00
4503,Rucava Municipality,120,2026-08-07T20:57:20+00:00,2026-08-07T20:57:20+00:00
4504,Dagda Municipality,120,2026-08-07T20:57:20+00:00,2026-08-07T20:57:20+00:00
4505,Balvi Municipality,120,2026-08-07T20:57:20+00:00,2026-08-07T20:57:20+00:00
4506,Priekuļi Municipality,120,2026-08-07T20:57:20+00:00,2026-08-07T20:57:20+00:00
4507,Pārgauja Municipality,120,2026-08-07T20:57:20+00:00,2026-08-07T20:57:20+00:00
4508,Vaiņode Municipality,120,2026-08-07T20:57:20+00:00,2026-08-07T20:57:20+00:00
4509,Rēzekne,120,2026-08-07T20:57:20+00:00,2026-08-07T20:57:20+00:00
4510,Garkalne Municipality,120,2026-08-07T20:57:20+00:00,2026-08-07T20:57:20+00:00
4511,Ikšķile Municipality,120,2026-08-07T20:57:20+00:00,2026-08-07T20:57:20+00:00
4512,Lielvārde Municipality,120,2026-08-07T20:57:20+00:00,2026-08-07T20:57:20+00:00
4513,Mazsalaca Municipality,120,2026-08-07T20:57:20+00:00,2026-08-07T20:57:20+00:00
4514,Viqueque Municipality,63,2026-08-07T20:57:20+00:00,2026-08-07T20:57:20+00:00
4515,Liquiçá Municipality,63,2026-08-07T20:57:20+00:00,2026-08-07T20:57:20+00:00
4516,Ermera District,63,2026-08-07T20:57:20+00:00,2026-08-07T20:57:20+00:00
4517,Manatuto District,63,2026-08-07T20:57:20+00:00,2026-08-07T20:57:20+00:00
4518,Ainaro Municipality,63,2026-08-07T20:57:20+00:00,2026-08-07T20:57:20+00:00
4519,Manufahi Municipality,63,2026-08-07T20:57:20+00:00,2026-08-07T20:57:20+00:00
4520,Aileu municipality,63,2026-08-07T20:57:20+00:00,2026-08-07T20:57:20+00:00
4521,Baucau Municipality,63,2026-08-07T20:57:20+00:00,2026-08-07T20:57:20+00:00
4522,Cova Lima Municipality,63,2026-08-07T20:57:20+00:00,2026-08-07T20:57:20+00:00
4523,Lautém Municipality,63,2026-08-07T20:57:20+00:00,2026-08-07T20:57:20+00:00
4524,Dili municipality,63,2026-08-07T20:57:20+00:00,2026-08-07T20:57:20+00:00
4525,Bobonaro Municipality,63,2026-08-07T20:57:20+00:00,2026-08-07T20:57:20+00:00
4526,Peleliu,168,2026-08-07T20:57:20+00:00,2026-08-07T20:57:20+00:00
4527,Ngardmau,168,2026-08-07T20:57:20+00:00,2026-08-07T20:57:20+00:00
4528,Airai,168,2026-08-07T20:57:20+00:00,2026-08-07T20:57:20+00:00
4529,Hatohobei,168,2026-08-07T20:57:20+00:00,2026-08-07T20:57:20+00:00
4530,Melekeok,168,2026-08-07T20:57:20+00:00,2026-08-07T20:57:20+00:00
4531,Ngatpang,168,2026-08-07T20:57:20+00:00,2026-08-07T20:57:20+00:00
4532,Koror,168,2026-08-07T20:57:20+00:00,2026-08-07T20:57:20+00:00
4533,Ngarchelong,168,2026-08-07T20:57:20+00:00,2026-08-07T20:57:20+00:00
4534,Ngiwal,168,2026-08-07T20:57:20+00:00,2026-08-07T20:57:20+00:00
4535,Sonsorol,168,2026-08-07T20:57:20+00:00,2026-08-07T20:57:20+00:00
4536,Ngchesar,168,2026-08-07T20:57:20+00:00,2026-08-07T20:57:20+00:00
4537,Ngaraard,168,2026-08-07T20:57:20+00:00,2026-08-07T20:57:20+00:00
4538,Angaur,168,2026-08-07T20:57:20+00:00,2026-08-07T20:57:20+00:00
4539,Kayangel,168,2026-08-07T20:57:20+00:00,2026-08-07T20:57:20+00:00
4540,Aimeliik,168,2026-08-07T20:57:20+00:00,2026-08-07T20:57:20+00:00
4541,Ngeremlengui,168,2026-08-07T20:57:20+00:00,2026-08-07T20:57:20+00:00
4542,Břeclav District,58,2026-08-07T20:57:20+00:00,2026-08-07T20:57:20+00:00
4543,Český Krumlov District,58,2026-08-07T20:57:20+00:00,2026-08-07T20:57:20+00:00
4544,Plzeň-City District,58,2026-08-07T20:57:20+00:00,2026-08-07T20:57:20+00:00
4545,Brno-Country District,58,2026-08-07T20:57:20+00:00,2026-08-07T20:57:20+00:00
4546,Příbram District,58,2026-08-07T20:57:20+00:00,2026-08-07T20:57:20+00:00
4547,Pardubice District,58,2026-08-07T20:57:20+00:00,2026-08-07T20:57:20+00:00
4548,Nový Jičín District,58,2026-08-07T20:57:20+00:00,2026-08-07T20:57:20+00:00
4549,Prague 12,58,2026-08-07T20:57:20+00:00,2026-08-07T20:57:20+00:00
4550,Náchod District,58,2026-08-07T20:57:20+00:00,2026-08-07T20:57:20+00:00
4551,Prostějov District,58,2026-08-07T20:57:20+00:00,2026-08-07T20:57:20+00:00
4552,Zlín Region,58,2026-08-07T20:57:20+00:00,2026-08-07T20:57:20+00:00
4553,Chomutov District,58,2026-08-07T20:57:20+00:00,2026-08-07T20:57:20+00:00
4554,Central Bohemian Region,58,2026-08-07T20:57:20+00:00,2026-08-07T20:57:20+00:00
4555,Prague 13,58,2026-08-07T20:57:20+00:00,2026-08-07T20:57:20+00:00
4556,České Budějovice District,58,2026-08-07T20:57:20+00:00,2026-08-07T20:57:20+00:00
4557,Prague 5,58,2026-08-07T20:57:20+00:00,2026-08-07T20:57:20+00:00
4558,Rakovník District,58,2026-08-07T20:57:20+00:00,2026-08-07T20:57:20+00:00
4559,Frýdek-Místek District,58,2026-08-07T20:57:20+00:00,2026-08-07T20:57:20+00:00
4560,Písek District,58,2026-08-07T20:57:20+00:00,2026-08-07T20:57:20+00:00
4561,Hodonín District,58,2026-08-07T20:57:20+00:00,2026-08-07T20:57:20+00:00
4562,Prague 1,58,2026-08-07T20:57:20+00:00,2026-08-07T20:57:20+00:00
4563,Zlín District,58,2026-08-07T20:57:20+00:00,2026-08-07T20:57:20+00:00
4564,Plzeň-North District,58,2026-08-07T20:57:20+00:00,2026-08-07T20:57:20+00:00
4565,Tábor District,58,2026-08-07T20:57:20+00:00,2026-08-07T20:57:20+00:00
4566,Prague 9,58,2026-08-07T20:57:20+00:00,2026-08-07T20:57:20+00:00
4567,Prague 16,58,2026-08-07T20:57:20+00:00,2026-08-07T20:57:20+00:00
4568,Brno-City District,58,2026-08-07T20:57:20+00:00,2026-08-07T20:57:20+00:00
4569,Prague 6,58,2026-08-07T20:57:20+00:00,2026-08-07T20:57:20+00:00
4570,Prague 11,58,2026-08-07T20:57:20+00:00,2026-08-07T20:57:20+00:00
4571,Svitavy District,58,2026-08-07T20:57:20+00:00,2026-08-07T20:57:20+00:00
4572,Vsetín District,58,2026-08-07T20:57:20+00:00,2026-08-07T20:57:20+00:00
4573,Cheb District,58,2026-08-07T20:57:20+00:00,2026-08-07T20:57:20+00:00
4574,Olomouc District,58,2026-08-07T20:57:20+00:00,2026-08-07T20:57:20+00:00
4575,Vysočina Region,58,2026-08-07T20:57:20+00:00,2026-08-07T20:57:20+00:00
4576,Ústí nad Labem Region,58,2026-08-07T20:57:20+00:00,2026-08-07T20:57:20+00:00
4577,Horní Počernice,58,2026-08-07T20:57:20+00:00,2026-08-07T20:57:20+00:00
4578,Prachatice District,58,2026-08-07T20:57:20+00:00,2026-08-07T20:57:20+00:00
4579,Trutnov District,58,2026-08-07T20:57:20+00:00,2026-08-07T20:57:20+00:00
4580,Hradec Králové District,58,2026-08-07T20:57:20+00:00,2026-08-07T20:57:20+00:00
4581,Karlovy Vary Region,58,2026-08-07T20:57:20+00:00,2026-08-07T20:57:20+00:00
4582,Nymburk District,58,2026-08-07T20:57:20+00:00,2026-08-07T20:57:20+00:00
4583,Rokycany District,58,2026-08-07T20:57:20+00:00,2026-08-07T20:57:20+00:00
4584,Ostrava-City District,58,2026-08-07T20:57:20+00:00,2026-08-07T20:57:20+00:00
4585,Prague 14,58,2026-08-07T20:57:20+00:00,2026-08-07T20:57:20+00:00
4586,Karviná District,58,2026-08-07T20:57:20+00:00,2026-08-07T20:57:20+00:00
4587,Prague 4,58,2026-08-07T20:57:20+00:00,2026-08-07T20:57:20+00:00
4588,Pardubice Region,58,2026-08-07T20:57:20+00:00,2026-08-07T20:57:20+00:00
4589,Olomouc Region,58,2026-08-07T20:57:20+00:00,2026-08-07T20:57:20+00:00
4590,Liberec District,58,2026-08-07T20:57:20+00:00,2026-08-07T20:57:20+00:00
4591,Klatovy District,58,2026-08-07T20:57:20+00:00,2026-08-07T20:57:20+00:00
4592,Uherské Hradiště District,58,2026-08-07T20:57:20+00:00,2026-08-07T20:57:20+00:00
4593,Kroměříž District,58,2026-08-07T20:57:20+00:00,2026-08-07T20:57:20+00:00
4594,Prague 8,58,2026-08-07T20:57:20+00:00,2026-08-07T20:57:20+00:00
4595,Sokolov District,58,2026-08-07T20:57:20+00:00,2026-08-07T20:57:20+00:00
4596,Semily District,58,2026-08-07T20:57:20+00:00,2026-08-07T20:57:20+00:00
4597,Třebíč District,58,2026-08-07T20:57:20+00:00,2026-08-07T20:57:20+00:00
4598,Prague,58,2026-08-07T20:57:20+00:00,2026-08-07T20:57:20+00:00
4599,Ústí nad Labem District,58,2026-08-07T20:57:20+00:00,2026-08-07T20:57:20+00:00
4600,Moravian-Silesian Region,58,2026-08-07T20:57:20+00:00,2026-08-07T20:57:20+00:00
4601,Liberec Region,58,2026-08-07T20:57:20+00:00,2026-08-07T20:57:20+00:00
4602,South Moravian Region,58,2026-08-07T20:57:20+00:00,2026-08-07T20:57:20+00:00
4603,Prague 10,58,2026-08-07T20:57:20+00:00,2026-08-07T20:57:20+00:00
4604,Karlovy Vary District,58,2026-08-07T20:57:20+00:00,2026-08-07T20:57:20+00:00
4605,Litoměřice District,58,2026-08-07T20:57:20+00:00,2026-08-07T20:57:20+00:00
4606,Prague-East District,58,2026-08-07T20:57:20+00:00,2026-08-07T20:57:20+00:00
4607,Plzeň Region,58,2026-08-07T20:57:20+00:00,2026-08-07T20:57:20+00:00
4608,Plzeň-South District,58,2026-08-07T20:57:20+00:00,2026-08-07T20:57:20+00:00
4609,Děčín District,58,2026-08-07T20:57:20+00:00,2026-08-07T20:57:20+00:00
4610,Prague 7,58,2026-08-07T20:57:20+00:00,2026-08-07T20:57:20+00:00
4611,Havlíčkův Brod District,58,2026-08-07T20:57:20+00:00,2026-08-07T20:57:20+00:00
4612,Jablonec nad Nisou District,58,2026-08-07T20:57:20+00:00,2026-08-07T20:57:20+00:00
4613,Jihlava District,58,2026-08-07T20:57:20+00:00,2026-08-07T20:57:20+00:00
4614,Hradec Králové Region,58,2026-08-07T20:57:20+00:00,2026-08-07T20:57:20+00:00
4615,Blansko District,58,2026-08-07T20:57:20+00:00,2026-08-07T20:57:20+00:00
4616,Prague 2,58,2026-08-07T20:57:20+00:00,2026-08-07T20:57:20+00:00
4617,Louny District,58,2026-08-07T20:57:20+00:00,2026-08-07T20:57:20+00:00
4618,Kolín District,58,2026-08-07T20:57:20+00:00,2026-08-07T20:57:20+00:00
4619,Prague-West District,58,2026-08-07T20:57:20+00:00,2026-08-07T20:57:20+00:00
4620,Beroun District,58,2026-08-07T20:57:20+00:00,2026-08-07T20:57:20+00:00
4621,Teplice District,58,2026-08-07T20:57:20+00:00,2026-08-07T20:57:20+00:00
4622,Vyškov District,58,2026-08-07T20:57:20+00:00,2026-08-07T20:57:20+00:00
4623,Opava District,58,2026-08-07T20:57:20+00:00,2026-08-07T20:57:20+00:00
4624,Jindřichův Hradec District,58,2026-08-07T20:57:20+00:00,2026-08-07T20:57:20+00:00
4625,Jeseník District,58,2026-08-07T20:57:20+00:00,2026-08-07T20:57:20+00:00
4626,Přerov District,58,2026-08-07T20:57:20+00:00,2026-08-07T20:57:20+00:00
4627,Benešov District,58,2026-08-07T20:57:20+00:00,2026-08-07T20:57:20+00:00
4628,Strakonice District,58,2026-08-07T20:57:20+00:00,2026-08-07T20:57:20+00:00
4629,Most District,58,2026-08-07T20:57:20+00:00,2026-08-07T20:57:20+00:00
4630,Znojmo District,58,2026-08-07T20:57:20+00:00,2026-08-07T20:57:20+00:00
4631,Kladno District,58,2026-08-07T20:57:20+00:00,2026-08-07T20:57:20+00:00
4632,Prague 21,58,2026-08-07T20:57:20+00:00,2026-08-07T20:57:20+00:00
4633,Česká Lípa District,58,2026-08-07T20:57:20+00:00,2026-08-07T20:57:20+00:00
4634,Chrudim District,58,2026-08-07T20:57:20+00:00,2026-08-07T20:57:20+00:00
4635,Prague 3,58,2026-08-07T20:57:20+00:00,2026-08-07T20:57:20+00:00
4636,Rychnov nad Kněžnou District,58,2026-08-07T20:57:20+00:00,2026-08-07T20:57:20+00:00
4637,Prague 15,58,2026-08-07T20:57:20+00:00,2026-08-07T20:57:20+00:00
4638,Mělník District,58,2026-08-07T20:57:20+00:00,2026-08-07T20:57:20+00:00
4639,South Bohemian Region,58,2026-08-07T20:57:20+00:00,2026-08-07T20:57:20+00:00
4640,Jičín District,58,2026-08-07T20:57:20+00:00,2026-08-07T20:57:20+00:00
4641,Domažlice District,58,2026-08-07T20:57:20+00:00,2026-08-07T20:57:20+00:00
4642,Šumperk District,58,2026-08-07T20:57:20+00:00,2026-08-07T20:57:20+00:00
4643,Mladá Boleslav District,58,2026-08-07T20:57:20+00:00,2026-08-07T20:57:20+00:00
4644,Bruntál District,58,2026-08-07T20:57:20+00:00,2026-08-07T20:57:20+00:00
4645,Pelhřimov District,58,2026-08-07T20:57:20+00:00,2026-08-07T20:57:20+00:00
4646,Tachov District,58,2026-08-07T20:57:20+00:00,2026-08-07T20:57:20+00:00
4647,Ústí nad Orlicí District,58,2026-08-07T20:57:20+00:00,2026-08-07T20:57:20+00:00
4648,Žďár nad Sázavou District,58,2026-08-07T20:57:20+00:00,2026-08-07T20:57:20+00:00
4649,North East Community Development Council,199,2026-08-07T20:57:20+00:00,2026-08-07T20:57:20+00:00
4650,South East Community Development Council,199,2026-08-07T20:57:20+00:00,2026-08-07T20:57:20+00:00
4651,Central Singapore Community Development Council,199,2026-08-07T20:57:20+00:00,2026-08-07T20:57:20+00:00
4652,South West Community Development Council,199,2026-08-07T20:57:20+00:00,2026-08-07T20:57:20+00:00
4653,North West Community Development Council,199,2026-08-07T20:57:20+00:00,2026-08-07T20:57:20+00:00
4654,Ewa District,153,2026-08-07T20:57:20+00:00,2026-08-07T20:57:20+00:00
4655,Uaboe District,153,2026-08-07T20:57:20+00:00,2026-08-07T20:57:20+00:00
4656,Aiwo District,153,2026-08-07T20:57:20+00:00,2026-08-07T20:57:20+00:00
4657,Meneng District,153,2026-08-07T20:57:20+00:00,2026-08-07T20:57:20+00:00
4658,Anabar District,153,2026-08-07T20:57:20+00:00,2026-08-07T20:57:20+00:00
4659,Nibok District,153,2026-08-07T20:57:20+00:00,2026-08-07T20:57:20+00:00
4660,Baiti District,153,2026-08-07T20:57:20+00:00,2026-08-07T20:57:20+00:00
4661,Ijuw District,153,2026-08-07T20:57:20+00:00,2026-08-07T20:57:20+00:00
4662,Buada District,153,2026-08-07T20:57:20+00:00,2026-08-07T20:57:20+00:00
4663,Anibare District,153,2026-08-07T20:57:20+00:00,2026-08-07T20:57:20+00:00
4664,Yaren District,153,2026-08-07T20:57:20+00:00,2026-08-07T20:57:20+00:00
4665,Boe District,153,2026-08-07T20:57:20+00:00,2026-08-07T20:57:20+00:00
4666,Denigomodu District,153,2026-08-07T20:57:20+00:00,2026-08-07T20:57:20+00:00
4667,Anetan District,153,2026-08-07T20:57:20+00:00,2026-08-07T20:57:20+00:00
4668,Zhytomyr Oblast,230,2026-08-07T20:57:20+00:00,2026-08-07T20:57:20+00:00
4669,Vinnytsia Oblast,230,2026-08-07T20:57:20+00:00,2026-08-07T20:57:20+00:00
4670,Zakarpattia Oblast,230,2026-08-07T20:57:20+00:00,2026-08-07T20:57:20+00:00
4671,Kyiv Oblast,230,2026-08-07T20:57:20+00:00,2026-08-07T20:57:20+00:00
4672,Lviv Oblast,230,2026-08-07T20:57:20+00:00,2026-08-07T20:57:20+00:00
4673,Luhansk Oblast,230,2026-08-07T20:57:20+00:00,2026-08-07T20:57:20+00:00
4674,Ternopil Oblast,230,2026-08-07T20:57:20+00:00,2026-08-07T20:57:20+00:00
4675,Dnipropetrovsk Oblast,230,2026-08-07T20:57:20+00:00,2026-08-07T20:57:20+00:00
4676,Kiev,230,2026-08-07T20:57:20+00:00,2026-08-07T20:57:20+00:00
4677,Kirovohrad Oblast,230,2026-08-07T20:57:20+00:00,2026-08-07T20:57:20+00:00
4678,Chernivtsi Oblast,230,2026-08-07T20:57:20+00:00,2026-08-07T20:57:20+00:00
4679,Mykolaiv Oblast,230,2026-08-07T20:57:20+00:00,2026-08-07T20:57:20+00:00
4680,Cherkasy Oblast,230,2026-08-07T20:57:20+00:00,2026-08-07T20:57:20+00:00
4681,Khmelnytsky Oblast,230,2026-08-07T20:57:20+00:00,2026-08-07T20:57:20+00:00
4682,Ivano-Frankivsk Oblast,230,2026-08-07T20:57:20+00:00,2026-08-07T20:57:20+00:00
4683,Rivne Oblast,230,2026-08-07T20:57:20+00:00,2026-08-07T20:57:20+00:00
4684,Kherson Oblast,230,2026-08-07T20:57:20+00:00,2026-08-07T20:57:20+00:00
4685,Sumy Oblast,230,2026-08-07T20:57:20+00:00,2026-08-07T20:57:20+00:00
4686,Kharkiv Oblast,230,2026-08-07T20:57:20+00:00,2026-08-07T20:57:20+00:00
4687,Zaporizhzhya Oblast,230,2026-08-07T20:57:20+00:00,2026-08-07T20:57:20+00:00
4688,Odessa Oblast,230,2026-08-07T20:57:20+00:00,2026-08-07T20:57:20+00:00
4689,Autonomous Republic of Crimea,230,2026-08-07T20:57:20+00:00,2026-08-07T20:57:20+00:00
4690,Volyn Oblast,230,2026-08-07T20:57:20+00:00,2026-08-07T20:57:20+00:00
4691,Donetsk Oblast,230,2026-08-07T20:57:20+00:00,2026-08-07T20:57:20+00:00
4692,Chernihiv Oblast,230,2026-08-07T20:57:20+00:00,2026-08-07T20:57:20+00:00
4693,Gabrovo Province,34,2026-08-07T20:57:20+00:00,2026-08-07T20:57:20+00:00
4694,Smolyan Province,34,2026-08-07T20:57:20+00:00,2026-08-07T20:57:20+00:00
4695,Pernik Province,34,2026-08-07T20:57:20+00:00,2026-08-07T20:57:20+00:00
4696,Montana Province,34,2026-08-07T20:57:20+00:00,2026-08-07T20:57:20+00:00
4697,Vidin Province,34,2026-08-07T20:57:20+00:00,2026-08-07T20:57:20+00:00
4698,Razgrad Province,34,2026-08-07T20:57:20+00:00,2026-08-07T20:57:20+00:00
4699,Blagoevgrad Province,34,2026-08-07T20:57:20+00:00,2026-08-07T20:57:20+00:00
4700,Sliven Province,34,2026-08-07T20:57:20+00:00,2026-08-07T20:57:20+00:00
4701,Plovdiv Province,34,2026-08-07T20:57:20+00:00,2026-08-07T20:57:20+00:00
4702,Kardzhali Province,34,2026-08-07T20:57:20+00:00,2026-08-07T20:57:20+00:00
4703,Kyustendil Province,34,2026-08-07T20:57:20+00:00,2026-08-07T20:57:20+00:00
4704,Haskovo Province,34,2026-08-07T20:57:20+00:00,2026-08-07T20:57:20+00:00
4705,Sofia City Province,34,2026-08-07T20:57:20+00:00,2026-08-07T20:57:20+00:00
4706,Pleven Province,34,2026-08-07T20:57:20+00:00,2026-08-07T20:57:20+00:00
4707,Stara Zagora Province,34,2026-08-07T20:57:20+00:00,2026-08-07T20:57:20+00:00
4708,Silistra Province,34,2026-08-07T20:57:20+00:00,2026-08-07T20:57:20+00:00
4709,Veliko Tarnovo Province,34,2026-08-07T20:57:20+00:00,2026-08-07T20:57:20+00:00
4710,Lovech Province,34,2026-08-07T20:57:20+00:00,2026-08-07T20:57:20+00:00
4711,Vratsa Province,34,2026-08-07T20:57:20+00:00,2026-08-07T20:57:20+00:00
4712,Pazardzhik Province,34,2026-08-07T20:57:20+00:00,2026-08-07T20:57:20+00:00
4713,Ruse Province,34,2026-08-07T20:57:20+00:00,2026-08-07T20:57:20+00:00
4714,Targovishte Province,34,2026-08-07T20:57:20+00:00,2026-08-07T20:57:20+00:00
4715,Burgas Province,34,2026-08-07T20:57:20+00:00,2026-08-07T20:57:20+00:00
4716,Yambol Province,34,2026-08-07T20:57:20+00:00,2026-08-07T20:57:20+00:00
4717,Varna Province,34,2026-08-07T20:57:20+00:00,2026-08-07T20:57:20+00:00
4718,Dobrich Province,34,2026-08-07T20:57:20+00:00,2026-08-07T20:57:20+00:00
4719,Sofia Province,34,2026-08-07T20:57:20+00:00,2026-08-07T20:57:20+00:00
4720,Suceava County,181,2026-08-07T20:57:20+00:00,2026-08-07T20:57:20+00:00
4721,Hunedoara County,181,2026-08-07T20:57:20+00:00,2026-08-07T20:57:20+00:00
4722,Arges,181,2026-08-07T20:57:20+00:00,2026-08-07T20:57:20+00:00
4723,Bihor County,181,2026-08-07T20:57:20+00:00,2026-08-07T20:57:20+00:00
4724,Alba,181,2026-08-07T20:57:20+00:00,2026-08-07T20:57:20+00:00
4725,Ilfov County,181,2026-08-07T20:57:20+00:00,2026-08-07T20:57:20+00:00
4726,Giurgiu County,181,2026-08-07T20:57:20+00:00,2026-08-07T20:57:20+00:00
4727,Tulcea County,181,2026-08-07T20:57:20+00:00,2026-08-07T20:57:20+00:00
4728,Teleorman County,181,2026-08-07T20:57:20+00:00,2026-08-07T20:57:20+00:00
4729,Prahova County,181,2026-08-07T20:57:20+00:00,2026-08-07T20:57:20+00:00
4730,Bucharest,181,2026-08-07T20:57:20+00:00,2026-08-07T20:57:20+00:00
4731,Neamț County,181,2026-08-07T20:57:20+00:00,2026-08-07T20:57:20+00:00
4732,Călărași County,181,2026-08-07T20:57:20+00:00,2026-08-07T20:57:20+00:00
4733,Bistrița-Năsăud County,181,2026-08-07T20:57:20+00:00,2026-08-07T20:57:20+00:00
4734,Cluj County,181,2026-08-07T20:57:20+00:00,2026-08-07T20:57:20+00:00
4735,Iași County,181,2026-08-07T20:57:20+00:00,2026-08-07T20:57:20+00:00
4736,Braila,181,2026-08-07T20:57:20+00:00,2026-08-07T20:57:20+00:00
4737,Constanța County,181,2026-08-07T20:57:20+00:00,2026-08-07T20:57:20+00:00
4738,Olt County,181,2026-08-07T20:57:20+00:00,2026-08-07T20:57:20+00:00
4739,Arad County,181,2026-08-07T20:57:20+00:00,2026-08-07T20:57:20+00:00
4740,Botoșani County,181,2026-08-07T20:57:20+00:00,2026-08-07T20:57:20+00:00
4741,Sălaj County,181,2026-08-07T20:57:20+00:00,2026-08-07T20:57:20+00:00
4742,Dolj County,181,2026-08-07T20:57:20+00:00,2026-08-07T20:57:20+00:00
4743,Ialomița County,181,2026-08-07T20:57:20+00:00,2026-08-07T20:57:20+00:00
4744,Bacău County,181,2026-08-07T20:57:20+00:00,2026-08-07T20:57:20+00:00
4745,Dâmbovița County,181,2026-08-07T20:57:20+00:00,2026-08-07T20:57:20+00:00
4746,Satu Mare County,181,2026-08-07T20:57:20+00:00,2026-08-07T20:57:20+00:00
4747,Galați County,181,2026-08-07T20:57:20+00:00,2026-08-07T20:57:20+00:00
4748,Timiș County,181,2026-08-07T20:57:20+00:00,2026-08-07T20:57:20+00:00
4749,Harghita County,181,2026-08-07T20:57:20+00:00,2026-08-07T20:57:20+00:00
4750,Gorj County,181,2026-08-07T20:57:20+00:00,2026-08-07T20:57:20+00:00
4751,Mehedinți County,181,2026-08-07T20:57:20+00:00,2026-08-07T20:57:20+00:00
4752,Vaslui County,181,2026-08-07T20:57:20+00:00,2026-08-07T20:57:20+00:00
4753,Caraș-Severin County,181,2026-08-07T20:57:20+00:00,2026-08-07T20:57:20+00:00
4754,Covasna County,181,2026-08-07T20:57:20+00:00,2026-08-07T20:57:20+00:00
4755,Sibiu County,181,2026-08-07T20:57:20+00:00,2026-08-07T20:57:20+00:00
4756,Buzău County,181,2026-08-07T20:57:20+00:00,2026-08-07T20:57:20+00:00
4757,Vâlcea County,181,2026-08-07T20:57:20+00:00,2026-08-07T20:57:20+00:00
4758,Vrancea County,181,2026-08-07T20:57:20+00:00,2026-08-07T20:57:20+00:00
4759,Brașov County,181,2026-08-07T20:57:20+00:00,2026-08-07T20:57:20+00:00
4760,Maramureș County,181,2026-08-07T20:57:20+00:00,2026-08-07T20:57:20+00:00
4761,Aiga-i-le-Tai,191,2026-08-07T20:57:20+00:00,2026-08-07T20:57:20+00:00
4762,Satupa'itea,191,2026-08-07T20:57:20+00:00,2026-08-07T20:57:20+00:00
4763,A'ana,191,2026-08-07T20:57:20+00:00,2026-08-07T20:57:20+00:00
4764,Fa'asaleleaga,191,2026-08-07T20:57:20+00:00,2026-08-07T20:57:20+00:00
4765,Atua,191,2026-08-07T20:57:20+00:00,2026-08-07T20:57:20+00:00
4766,Vaisigano,191,2026-08-07T20:57:20+00:00,2026-08-07T20:57:20+00:00
4767,Palauli,191,2026-08-07T20:57:20+00:00,2026-08-07T20:57:20+00:00
4768,Va'a-o-Fonoti,191,2026-08-07T20:57:20+00:00,2026-08-07T20:57:20+00:00
4769,Gaga'emauga,191,2026-08-07T20:57:20+00:00,2026-08-07T20:57:20+00:00
4770,Tuamasaga,191,2026-08-07T20:57:20+00:00,2026-08-07T20:57:20+00:00
4771,Gaga'ifomauga,191,2026-08-07T20:57:20+00:00,2026-08-07T20:57:20+00:00
4772,Torba,237,2026-08-07T20:57:20+00:00,2026-08-07T20:57:20+00:00
4773,Penama,237,2026-08-07T20:57:20+00:00,2026-08-07T20:57:20+00:00
4774,Shefa,237,2026-08-07T20:57:20+00:00,2026-08-07T20:57:20+00:00
4775,Malampa,237,2026-08-07T20:57:20+00:00,2026-08-07T20:57:20+00:00
4776,Sanma,237,2026-08-07T20:57:20+00:00,2026-08-07T20:57:20+00:00
4777,Tafea,237,2026-08-07T20:57:20+00:00,2026-08-07T20:57:20+00:00
4778,Honiara,202,2026-08-07T20:57:20+00:00,2026-08-07T20:57:20+00:00
4779,Temotu Province,202,2026-08-07T20:57:20+00:00,2026-08-07T20:57:20+00:00
4780,Isabel Province,202,2026-08-07T20:57:20+00:00,2026-08-07T20:57:20+00:00
4781,Choiseul Province,202,2026-08-07T20:57:20+00:00,2026-08-07T20:57:20+00:00
4782,Makira-Ulawa Province,202,2026-08-07T20:57:20+00:00,2026-08-07T20:57:20+00:00
4783,Malaita Province,202,2026-08-07T20:57:20+00:00,2026-08-07T20:57:20+00:00
4784,Central Province,202,2026-08-07T20:57:20+00:00,2026-08-07T20:57:20+00:00
4785,Guadalcanal Province,202,2026-08-07T20:57:20+00:00,2026-08-07T20:57:20+00:00
4786,Western Province,202,2026-08-07T20:57:20+00:00,2026-08-07T20:57:20+00:00
4787,Rennell and Bellona Province,202,2026-08-07T20:57:20+00:00,2026-08-07T20:57:20+00:00
4788,Burgundy,75,2026-08-07T20:57:20+00:00,2026-08-07T20:57:20+00:00
4789,Auvergne,75,2026-08-07T20:57:20+00:00,2026-08-07T20:57:20+00:00
4790,Picardy,75,2026-08-07T20:57:20+00:00,2026-08-07T20:57:20+00:00
4791,Champagne-Ardenne,75,2026-08-07T20:57:20+00:00,2026-08-07T20:57:20+00:00
4792,Limousin,75,2026-08-07T20:57:20+00:00,2026-08-07T20:57:20+00:00
4793,Nord-Pas-de-Calais,75,2026-08-07T20:57:20+00:00,2026-08-07T20:57:20+00:00
4794,Saint Barthélemy,75,2026-08-07T20:57:20+00:00,2026-08-07T20:57:20+00:00
4795,Nouvelle-Aquitaine,75,2026-08-07T20:57:20+00:00,2026-08-07T20:57:20+00:00
4796,Île-de-France,75,2026-08-07T20:57:20+00:00,2026-08-07T20:57:20+00:00
4797,Mayotte,75,2026-08-07T20:57:20+00:00,2026-08-07T20:57:20+00:00
4798,Auvergne-Rhône-Alpes,75,2026-08-07T20:57:20+00:00,2026-08-07T20:57:20+00:00
4799,Occitania,75,2026-08-07T20:57:20+00:00,2026-08-07T20:57:20+00:00
4800,Alo,75,2026-08-07T20:57:20+00:00,2026-08-07T20:57:20+00:00
4801,Lorraine,75,2026-08-07T20:57:20+00:00,2026-08-07T20:57:20+00:00
4802,Pays de la Loire,75,2026-08-07T20:57:20+00:00,2026-08-07T20:57:20+00:00
4803,Languedoc-Roussillon,75,2026-08-07T20:57:20+00:00,2026-08-07T20:57:20+00:00
4804,Normandy,75,2026-08-07T20:57:20+00:00,2026-08-07T20:57:20+00:00
4805,Franche-Comté,75,2026-08-07T20:57:20+00:00,2026-08-07T20:57:20+00:00
4806,Corsica,75,2026-08-07T20:57:20+00:00,2026-08-07T20:57:20+00:00
4807,Brittany,75,2026-08-07T20:57:20+00:00,2026-08-07T20:57:20+00:00
4808,Aquitaine,75,2026-08-07T20:57:20+00:00,2026-08-07T20:57:20+00:00
4809,Saint Martin,75,2026-08-07T20:57:20+00:00,2026-08-07T20:57:20+00:00
4810,Wallis and Futuna,75,2026-08-07T20:57:20+00:00,2026-08-07T20:57:20+00:00
4811,Alsace,75,2026-08-07T20:57:20+00:00,2026-08-07T20:57:20+00:00
4812,Provence-Alpes-Côte d'Azur,75,2026-08-07T20:57:20+00:00,2026-08-07T20:57:20+00:00
4813,Rhône-Alpes,75,2026-08-07T20:57:20+00:00,2026-08-07T20:57:20+00:00
4814,Lower Normandy,75,2026-08-07T20:57:20+00:00,2026-08-07T20:57:20+00:00
4815,Poitou-Charentes,75,2026-08-07T20:57:20+00:00,2026-08-07T20:57:20+00:00
4816,Paris,75,2026-08-07T20:57:20+00:00,2026-08-07T20:57:20+00:00
4817,Uvea,75,2026-08-07T20:57:20+00:00,2026-08-07T20:57:20+00:00
4818,Centre-Val de Loire,75,2026-08-07T20:57:20+00:00,2026-08-07T20:57:20+00:00
4819,Sigave,75,2026-08-07T20:57:20+00:00,2026-08-07T20:57:20+00:00
4820,Grand Est,75,2026-08-07T20:57:20+00:00,2026-08-07T20:57:20+00:00
4821,Saint Pierre and Miquelon,75,2026-08-07T20:57:20+00:00,2026-08-07T20:57:20+00:00
4822,French Guiana,75,2026-08-07T20:57:20+00:00,2026-08-07T20:57:20+00:00
4823,Réunion,75,2026-08-07T20:57:20+00:00,2026-08-07T20:57:20+00:00
4824,French Polynesia,75,2026-08-07T20:57:20+00:00,2026-08-07T20:57:20+00:00
4825,Bourgogne-Franche-Comté,75,2026-08-07T20:57:20+00:00,2026-08-07T20:57:20+00:00
4826,Upper Normandy,75,2026-08-07T20:57:20+00:00,2026-08-07T20:57:20+00:00
4827,Martinique,75,2026-08-07T20:57:20+00:00,2026-08-07T20:57:20+00:00
4828,Hauts-de-France,75,2026-08-07T20:57:20+00:00,2026-08-07T20:57:20+00:00
4829,Guadeloupe,75,2026-08-07T20:57:20+00:00,2026-08-07T20:57:20+00:00
4830,West New Britain Province,171,2026-08-07T20:57:20+00:00,2026-08-07T20:57:20+00:00
4831,Bougainville,171,2026-08-07T20:57:20+00:00,2026-08-07T20:57:20+00:00
4832,Jiwaka Province,171,2026-08-07T20:57:20+00:00,2026-08-07T20:57:20+00:00
4833,Hela,171,2026-08-07T20:57:20+00:00,2026-08-07T20:57:20+00:00
4834,East New Britain,171,2026-08-07T20:57:20+00:00,2026-08-07T20:57:20+00:00
4835,Morobe Province,171,2026-08-07T20:57:20+00:00,2026-08-07T20:57:20+00:00
4836,Sandaun Province,171,2026-08-07T20:57:20+00:00,2026-08-07T20:57:20+00:00
4837,Port Moresby,171,2026-08-07T20:57:20+00:00,2026-08-07T20:57:20+00:00
4838,Oro Province,171,2026-08-07T20:57:20+00:00,2026-08-07T20:57:20+00:00
4839,Gulf,171,2026-08-07T20:57:20+00:00,2026-08-07T20:57:20+00:00
4840,Western Highlands Province,171,2026-08-07T20:57:20+00:00,2026-08-07T20:57:20+00:00
4841,New Ireland Province,171,2026-08-07T20:57:20+00:00,2026-08-07T20:57:20+00:00
4842,Manus Province,171,2026-08-07T20:57:20+00:00,2026-08-07T20:57:20+00:00
4843,Madang Province,171,2026-08-07T20:57:20+00:00,2026-08-07T20:57:20+00:00
4844,Southern Highlands Province,171,2026-08-07T20:57:20+00:00,2026-08-07T20:57:20+00:00
4845,Eastern Highlands Province,171,2026-08-07T20:57:20+00:00,2026-08-07T20:57:20+00:00
4846,Chimbu Province,171,2026-08-07T20:57:20+00:00,2026-08-07T20:57:20+00:00
4847,Central Province,171,2026-08-07T20:57:20+00:00,2026-08-07T20:57:20+00:00
4848,Enga Province,171,2026-08-07T20:57:20+00:00,2026-08-07T20:57:20+00:00
4849,Milne Bay Province,171,2026-08-07T20:57:20+00:00,2026-08-07T20:57:20+00:00
4850,Western Province,171,2026-08-07T20:57:20+00:00,2026-08-07T20:57:20+00:00
4851,Ohio,233,2026-08-07T20:57:20+00:00,2026-08-07T20:57:20+00:00
4852,Ladakh,101,2026-08-07T20:57:20+00:00,2026-08-07T20:57:20+00:00
4853,West Bengal,101,2026-08-07T20:57:20+00:00,2026-08-07T20:57:20+00:00
4854,Sinop Province,225,2026-08-07T20:57:20+00:00,2026-08-07T20:57:20+00:00
4855,Capital District,239,2026-08-07T20:57:20+00:00,2026-08-07T20:57:20+00:00
4856,Apure,239,2026-08-07T20:57:20+00:00,2026-08-07T20:57:20+00:00
4857,Jalisco,142,2026-08-07T20:57:20+00:00,2026-08-07T20:57:20+00:00
4858,Roraima,31,2026-08-07T20:57:20+00:00,2026-08-07T20:57:20+00:00
4859,Guarda District,177,2026-08-07T20:57:20+00:00,2026-08-07T20:57:20+00:00
4860,Devonshire Parish,25,2026-08-07T20:57:20+00:00,2026-08-07T20:57:20+00:00
4861,Hamilton Parish,25,2026-08-07T20:57:20+00:00,2026-08-07T20:57:20+00:00
4862,Hamilton Municipality,25,2026-08-07T20:57:20+00:00,2026-08-07T20:57:20+00:00
4863,Paget Parish,25,2026-08-07T20:57:20+00:00,2026-08-07T20:57:20+00:00
4864,Pembroke Parish,25,2026-08-07T20:57:20+00:00,2026-08-07T20:57:20+00:00
4865,Saint George's Municipality,25,2026-08-07T20:57:20+00:00,2026-08-07T20:57:20+00:00
4866,Saint George's Parish,25,2026-08-07T20:57:20+00:00,2026-08-07T20:57:20+00:00
4867,Sandys Parish,25,2026-08-07T20:57:20+00:00,2026-08-07T20:57:20+00:00
4868,"Smith's Parish,",25,2026-08-07T20:57:20+00:00,2026-08-07T20:57:20+00:00
4869,Southampton Parish,25,2026-08-07T20:57:20+00:00,2026-08-07T20:57:20+00:00
4870,Warwick Parish,25,2026-08-07T20:57:20+00:00,2026-08-07T20:57:20+00:00
4871,Huila Department,48,2026-08-07T20:57:20+00:00,2026-08-07T20:57:20+00:00
4874,Uroševac District (Ferizaj),248,2026-08-07T20:57:20+00:00,2026-08-07T20:57:20+00:00
4876,Đakovica District (Gjakove),248,2026-08-07T20:57:20+00:00,2026-08-07T20:57:20+00:00
4877,Gjilan District,248,2026-08-07T20:57:20+00:00,2026-08-07T20:57:20+00:00
4878,Kosovska Mitrovica District,248,2026-08-07T20:57:20+00:00,2026-08-07T20:57:20+00:00
4879,Pristina (Priştine),248,2026-08-07T20:57:20+00:00,2026-08-07T20:57:20+00:00
4880,Autonomous City Of Buenos Aires,11,2026-08-07T20:57:20+00:00,2026-08-07T20:57:20+00:00
4881,New Providence,17,2026-08-07T20:57:20+00:00,2026-08-07T20:57:20+00:00
